date,sales,revenue,avg_price,total_stock,active_products,active_stores,total_products,total_stores,day_of_week,day_of_month,week_of_year,month,quarter,year,day_of_year,is_weekend,dow_sin,dow_cos,month_sin,month_cos,day_of_year_sin,day_of_year_cos,sales_lag_1,sales_lag_7,sales_lag_14,sales_lag_30,sales_lag_90,revenue_lag_1,revenue_lag_7,revenue_lag_30,price_lag_1,price_lag_7,price_change,price_change_pct,stock_lag_1,stock_lag_7,stock_change,stock_change_pct,stockout_flag,rolling_sales_7,rolling_sales_14,rolling_sales_30,rolling_sales_90,sales_std_7,sales_std_30,rolling_revenue_7,rolling_revenue_30,sales_growth_7d,sales_growth_30d,revenue_per_unit,target_next_day_sales
2017-01-02,6817.962,20054.349999999922,8.852934765805516,210294.52599999998,217,116,314,117,0,2,1,1,1,2017,2,0,0.0,1.0,0.49999999999999994,0.8660254037844387,0.03439806061360801,0.9994082116062598,0.0,0.0,0.0,0.0,0.0,0.0,0.0,0.0,0.0,0.0,0.0,0.0,0.0,0.0,0.0,0.0,0,0.0,0.0,0.0,0.0,0.0,0.0,0.0,0.0,0.0,0.0,2.941399497386451,6578.22
2017-01-03,6578.22,19030.639999999945,8.874996132425125,209011.13799999995,216,117,314,117,1,3,1,1,1,2017,3,0,0.7818314824680298,0.6234898018587336,0.49999999999999994,0.8660254037844387,0.051584366869408364,0.9986686402879997,6817.962,0.0,0.0,0.0,0.0,20054.349999999922,0.0,0.0,8.852934765805516,0.0,0.022061366619608336,0.24919834160328871,210294.52599999998,0.0,-1283.3880000000354,-0.6102812205392524,0,0.0,0.0,0.0,0.0,0.0,0.0,0.0,0.0,0.0,0.0,2.8929771275512137,6615.6860000000015
2017-01-04,6615.6860000000015,19660.479999999978,8.889380709087444,207746.226,226,117,315,117,2,4,1,1,1,2017,4,0,0.9749279121818236,-0.22252093395631434,0.49999999999999994,0.8660254037844387,0.06875540848113941,0.9976335468520451,6578.22,0.0,0.0,0.0,0.0,19030.639999999945,0.0,0.0,8.874996132425125,0.0,0.014384576662319404,0.16207980767185717,209011.13799999995,0.0,-1264.911999999953,-0.6051888009910521,0,0.0,0.0,0.0,0.0,0.0,0.0,0.0,0.0,0.0,0.0,2.971797633684545,6440.778
2017-01-05,6440.778,18506.369999999955,8.933573861876106,208922.00300000003,214,117,310,117,3,5,1,1,1,2017,5,0,0.43388373911755823,-0.900968867902419,0.49999999999999994,0.8660254037844387,0.08590610426133272,0.9963032375991965,6615.6860000000015,0.0,0.0,0.0,0.0,19660.479999999978,0.0,0.0,8.889380709087444,0.0,0.04419315278866165,0.4971454619272165,207746.226,0.0,1175.777000000031,0.5659679228059868,0,6670.622666666667,0.0,0.0,0.0,128.96737823703046,0.0,19581.82333333328,0.0,0.0,0.0,2.8733128202835054,7182.927000000001
2017-01-06,7182.927000000001,20461.73999999998,8.963306320906971,208812.433,225,117,317,117,4,6,1,1,1,2017,6,0,-0.433883739117558,-0.9009688679024191,0.49999999999999994,0.8660254037844387,0.10303137904317879,0.9946781061893646,6440.778,0.0,0.0,0.0,0.0,18506.369999999955,0.0,0.0,8.933573861876106,0.0,0.029732459030865854,0.33281707288220547,208922.00300000003,0.0,-109.57000000003609,-0.05244540949573227,0,6613.1615,0.0,0.0,0.0,155.87024239732216,0.0,19312.95999999995,0.0,0.0,0.0,2.848663226008002,7394.900999999999
2017-01-07,7394.900999999999,21570.829999999947,8.984899682391418,208188.26500000004,234,117,313,117,5,7,1,1,1,2017,7,1,-0.9749279121818236,-0.2225209339563146,0.49999999999999994,0.8660254037844387,0.1201261651823505,0.9927586335250793,7182.927000000001,0.0,0.0,0.0,0.0,20461.73999999998,0.0,0.0,8.963306320906971,0.0,0.021593361484447016,0.24090844060612274,208812.433,0.0,-624.1679999999469,-0.29891323568838785,0,6727.114600000001,0.0,0.0,0.0,288.3542861599254,0.0,19542.715999999957,0.0,0.0,0.0,2.9169869887372326,7531.1900000000005
2017-01-08,7531.1900000000005,22160.389999999934,9.006805339955818,205643.35100000002,220,116,314,117,6,8,1,1,1,2017,8,1,-0.7818314824680299,0.6234898018587334,0.49999999999999994,0.8660254037844387,0.13718540405660057,0.9905453876091833,7394.900999999999,0.0,0.0,0.0,0.0,21570.829999999947,0.0,0.0,8.984899682391418,0.0,0.02190565756439966,0.24380525480245827,208188.26500000004,0.0,-2544.914000000019,-1.2224099182535664,0,6838.412333333334,0.0,0.0,0.0,375.2887796727563,0.0,19880.734999999953,0.0,0.0,0.0,2.942481865415682,6447.895999999999
2017-01-09,6447.895999999999,17323.919999999947,8.964028025082527,203879.761,218,116,314,117,0,9,2,1,1,2017,9,0,0.0,1.0,0.49999999999999994,0.8660254037844387,0.1542040475626894,0.988039023376751,7531.1900000000005,6817.962,0.0,0.0,0.0,22160.389999999934,20054.349999999922,0.0,9.006805339955818,8.852934765805516,-0.04277731487329106,-0.4749443699368427,205643.35100000002,210294.52599999998,-1763.5900000000256,-0.8575964121495109,0,6937.380571428572,6937.380571428572,0.0,0.0,431.19721920711936,0.0,20206.399999999954,0.0,10.461014596443922,0.0,2.686755493574951,6197.542999999998
2017-01-10,6197.542999999998,17458.74999999996,9.006063928350152,206636.67,215,117,314,117,1,10,2,1,1,2017,10,0,0.7818314824680298,0.6234898018587336,0.49999999999999994,0.8660254037844387,0.17117705961019986,0.985240282501282,6447.895999999999,6578.22,0.0,0.0,0.0,17323.919999999947,19030.639999999945,0.0,8.964028025082527,8.874996132425125,0.04203590326762452,0.46893989119626295,203879.761,209011.13799999995,2756.909000000014,1.3522229899023739,0,6884.514,6876.195,0.0,0.0,469.28251635768436,0.0,19816.33857142853,0.0,-1.9811438352624482,0.0,2.817043786545727,6836.4000000000015
2017-01-11,6836.4000000000015,18464.379999999965,9.002591421076342,208505.81999999998,214,117,312,117,2,11,2,1,1,2017,11,0,0.9749279121818236,-0.22252093395631434,0.49999999999999994,0.8660254037844387,0.18809941761179758,0.9821499931752291,6197.542999999998,6615.6860000000015,0.0,0.0,0.0,17458.74999999996,19660.479999999978,0.0,9.006063928350152,8.889380709087444,-0.0034725072738091,-0.038557435317308916,206636.67,207746.226,1869.149999999965,0.9045587116749243,0,6830.131571428572,6800.789222222223,0.0,0.0,528.9561231957584,0.0,19591.782857142814,0.0,-6.320478329836144,0.0,2.700892282487853,6945.934
2017-01-12,6945.934,19268.769999999917,9.004379719524671,211382.64799999996,215,117,313,117,3,12,2,1,1,2017,12,0,0.43388373911755823,-0.900968867902419,0.49999999999999994,0.8660254037844387,0.20496611396949532,0.9787690698649216,6836.4000000000015,6440.778,0.0,0.0,0.0,18464.379999999965,18506.369999999955,0.0,9.002591421076342,8.933573861876106,0.001788298448328618,0.01986426312919142,208505.81999999998,208922.00300000003,2876.8279999999795,1.3797351076339164,0,6861.6621428571425,6804.3503,0.0,0.0,520.5542932213159,0.0,19420.911428571384,0.0,6.14245670321196,0.0,2.7741078449636745,7290.061000000001
2017-01-13,7290.061000000001,19512.529999999922,9.053585341442073,211790.39099999997,231,117,315,117,4,13,2,1,1,2017,13,0,-0.433883739117558,-0.9009688679024191,0.49999999999999994,0.8660254037844387,0.22177215755648186,0.975098513039961,6945.934,7182.927000000001,0.0,0.0,0.0,19268.769999999917,20461.73999999998,0.0,9.004379719524671,8.963306320906971,0.04920562191740174,0.5464632040195573,211382.64799999996,208812.433,407.74300000001676,0.19289331638991336,0,6933.827285714286,6817.221545454546,0.0,0.0,486.37507173638386,0.0,19529.825714285664,0.0,-3.299393130404922,0.0,2.676593515472631,8487.05
2017-01-14,8487.05,25091.469999999925,9.117612112805615,214051.39999999994,239,117,318,117,5,14,2,1,1,2017,14,1,-0.9749279121818236,-0.2225209339563146,0.49999999999999994,0.8660254037844387,0.23851257519407648,0.9711394088771653,7290.061000000001,7394.900999999999,0.0,0.0,0.0,19512.529999999922,21570.829999999947,0.0,9.053585341442073,8.984899682391418,0.06402677136354207,0.7071979657657235,211790.39099999997,208188.26500000004,2261.008999999962,1.0675692080855368,0,6949.132142857142,6856.624833333334,0.0,0.0,497.08758172158224,0.0,19394.22428571423,0.0,-1.4177336518771293,0.0,2.9564418732068183,9405.901000000003
2017-01-15,9405.901000000003,26934.199999999935,9.12488822078255,215188.47699999998,239,116,320,117,6,15,2,1,1,2017,15,1,-0.7818314824680299,0.6234898018587334,0.49999999999999994,0.8660254037844387,0.2551824131233728,0.9668929289391521,8487.05,7531.1900000000005,0.0,0.0,0.0,25091.469999999925,22160.389999999934,0.0,9.117612112805615,9.006805339955818,0.007276107976935009,0.07980278045296281,214051.39999999994,205643.35100000002,1137.0770000000484,0.5312168011982397,0,7105.153428571429,6982.042153846153,0.0,0.0,761.4306002037353,0.0,19897.172857142792,0.0,12.69201812728133,0.0,2.863542790850119,6644.070000000001
2017-01-16,6644.070000000001,17858.979999999974,9.076973957132308,217710.068,216,116,317,117,0,16,3,1,1,2017,16,0,0.0,1.0,0.49999999999999994,0.8660254037844387,0.2717767384711357,0.9623603298276545,9405.901000000003,6447.895999999999,6817.962,0.0,0.0,26934.199999999935,17323.919999999947,0.0,9.12488822078255,8.964028025082527,-0.04791426365024165,-0.5250942531122045,215188.47699999998,203879.761,2521.591000000015,1.1718057747116335,0,7372.969285714286,7155.1749285714295,0.0,0.0,1161.0709314708452,0.0,20579.145714285656,0.0,45.87550729726418,0.0,2.6879578330752043,8103.164999999998
2017-01-17,8103.164999999998,43642.06999999998,9.092879914168996,221280.30500000002,225,117,319,117,1,17,3,1,1,2017,17,0,0.7818314824680298,0.6234898018587336,0.49999999999999994,0.8660254037844387,0.2882906407095177,0.9575429528116719,6644.070000000001,6197.542999999998,6578.22,0.0,0.0,17858.979999999974,17458.74999999996,0.0,9.076973957132308,9.006063928350152,0.01590595703668818,0.17523413763008475,217710.068,206636.67,3570.237000000023,1.6399044071769904,0,7400.994142857145,7142.7540714285715,7121.101266666667,0.0,1137.1418911674189,849.8737249931793,20655.582857142803,20223.85333333328,7.204903620676823,0.0,5.385805422942762,6613.67
2017-01-18,6613.67,18279.979999999952,9.101265755098211,230809.45900000003,219,117,315,117,2,18,3,1,1,2017,18,0,0.9749279121818236,-0.22252093395631434,0.49999999999999994,0.8660254037844387,0.3047192331091634,0.9524422234305676,8103.164999999998,6836.4000000000015,6615.6860000000015,0.0,0.0,43642.06999999998,18464.379999999965,0.0,9.092879914168996,9.002591421076342,0.008385840929214794,0.09222425687319968,221280.30500000002,208505.81999999998,9529.15400000001,4.306372408515981,0,7673.225857142858,7251.678714285715,7182.4802500000005,0.0,1023.4360914278654,856.9778675042124,24396.057142857087,21687.49187499995,18.529708618571124,0.0,2.7639691729402815,6739.452000000001
2017-01-19,6739.452000000001,18317.84000000007,9.107825124092514,233734.47900000002,222,117,314,117,3,19,3,1,1,2017,19,0,0.43388373911755823,-0.900968867902419,0.49999999999999994,0.8660254037844387,0.321057654185271,0.9470596510722283,6613.67,6945.934,6440.778,0.0,0.0,18279.979999999952,19268.769999999917,0.0,9.101265755098211,9.004379719524671,0.006559368994302872,0.07207095332458063,230809.45900000003,211382.64799999996,2925.0199999999895,1.267287750109058,0,7641.407285714285,7251.5347142857145,7149.020823529412,0.0,1056.710520769639,841.1554187786317,24369.714285714228,21487.049999999952,-4.783575542180507,0.0,2.7180014042684872,12215.413000000002
2017-01-20,12215.413000000002,133342.7100000009,9.127052823869036,224972.198,227,117,318,117,4,20,3,1,1,2017,20,0,-0.433883739117558,-0.9009688679024191,0.49999999999999994,0.8660254037844387,0.3373010691361842,0.9413968285264122,6739.452000000001,7290.061000000001,7182.927000000001,0.0,0.0,18317.84000000007,19512.529999999922,0.0,9.107825124092514,9.053585341442073,0.019227699776521945,0.21111186825117875,233734.47900000002,211790.39099999997,-8762.281000000017,-3.7488183333020437,0,7611.909857142858,7272.868571428572,7126.267000000001,0.0,1081.9405641770775,821.7308268714422,24233.86714285711,21310.982777777732,-7.552872328503142,0.0,10.915939559309281,13058.422000000004
2017-01-21,13058.422000000004,133657.84000000052,9.181527278291483,218872.73799999995,233,117,315,117,5,21,3,1,1,2017,21,1,-0.9749279121818236,-0.2225209339563146,0.49999999999999994,0.8660254037844387,0.3534446712740877,0.9354554315134164,12215.413000000002,8487.05,7394.900999999999,0.0,0.0,133342.7100000009,25091.469999999925,0.0,9.127052823869036,9.117612112805615,0.05447445442244714,0.5968460517724378,224972.198,214051.39999999994,-6099.46000000005,-2.7112061197890993,0,8315.531571428572,7632.331857142858,7394.116789473685,0.0,2026.764342008454,1414.5157535303417,40495.32142857153,27207.389473684216,43.930022799441545,0.0,10.235374534534149,8678.827999999998
2017-01-22,8678.827999999998,27290.229999999978,9.177187859277339,214883.50099999996,243,116,318,117,6,22,3,1,1,2017,22,1,-0.7818314824680299,0.6234898018587334,0.49999999999999994,0.8660254037844387,0.3694836834473831,0.9292372181882051,13058.422000000004,9405.901000000003,7531.1900000000005,0.0,0.0,133657.84000000052,26934.199999999935,0.0,9.181527278291483,9.12488822078255,-0.004339419014144141,-0.047262496560938484,218872.73799999995,215188.47699999998,-3989.2369999999937,-1.8226285449949433,0,8968.584714285715,8036.869071428572,7677.33205,0.0,2711.914587597587,1870.765710778048,56004.80285714305,32529.91200000003,38.83222883166641,0.0,3.144460288877713,7196.719000000002
2017-01-23,7196.719000000002,20568.580000000053,9.122586863760391,213401.89599999995,227,116,317,117,0,23,4,1,1,2017,23,0,0.0,1.0,0.49999999999999994,0.8660254037844387,0.38541335945432564,0.9227440286201427,8678.827999999998,6644.070000000001,6447.895999999999,0.0,0.0,27290.229999999978,17858.979999999974,0.0,9.177187859277339,9.076973957132308,-0.05460099551694775,-0.5949643436987169,214883.50099999996,217710.068,-1481.6050000000105,-0.6894922100138394,0,8864.717142857144,8118.843214285715,7725.022333333334,0.0,2706.291389075616,1836.4470460659725,56055.66428571448,32280.40333333336,30.62517402736571,0.0,2.858049619555807,6805.188
2017-01-24,6805.188,19145.080000000005,9.090387425787139,215888.457,223,117,315,117,1,24,4,1,1,2017,24,0,0.7818314824680298,0.6234898018587336,0.49999999999999994,0.8660254037844387,0.4012289854475009,0.9159777842484877,7196.719000000002,8103.164999999998,6197.542999999998,0.0,0.0,20568.580000000053,43642.06999999998,0.0,9.122586863760391,9.092879914168996,-0.03219943797325264,-0.35296389559375285,213401.89599999995,221280.30500000002,2486.561000000045,1.1652009877175815,0,8943.667,8172.3305714285725,7701.008545454547,0.0,2637.909241786131,1795.7247231492374,56442.75000000021,31748.047727272755,-11.186320406902691,0.0,2.8133065537645696,6758.401
2017-01-25,6758.401,18008.69000000002,9.113193270913554,217815.42699999997,218,116,317,117,2,25,4,1,1,2017,25,0,0.9749279121818236,-0.22252093395631434,0.49999999999999994,0.8660254037844387,0.4169258813287287,0.908940487313808,6805.188,6613.67,6836.4000000000015,0.0,0.0,19145.080000000005,18279.979999999952,0.0,9.090387425787139,9.101265755098211,0.022805845126415036,0.25087869260358037,215888.457,230809.45900000003,1926.969999999972,0.8925766698123986,0,8758.241714285716,8215.733785714287,7662.059826086957,0.0,2750.0715770310876,1764.3538128801945,52943.18000000021,31200.09260869568,2.895790083266931,0.0,2.6646376857484517,6824.391000000001
2017-01-26,6824.391000000001,19081.549999999963,9.11527946999628,219434.72999999995,214,117,316,117,3,26,4,1,1,2017,26,0,0.43388373911755823,-0.900968867902419,0.49999999999999994,0.8660254037844387,0.4324994021339788,0.901634220265486,6758.401,6739.452000000001,6945.934,0.0,0.0,18008.69000000002,18317.84000000007,0.0,9.113193270913554,9.107825124092514,0.0020861990827256705,0.022892075485594732,217815.42699999997,233734.47900000002,1619.3029999999853,0.7434289766812456,0,8778.917571428572,8210.16242857143,7624.407375,0.0,2731.743786182671,1735.4031056433782,52904.424285714515,30650.45083333336,0.2811652935579733,0.0,2.796080998289805,7033.8719999999985
2017-01-27,7033.8719999999985,19932.62999999997,9.07277714285647,220508.28799999997,223,117,318,117,4,27,4,1,1,2017,27,0,-0.433883739117558,-0.9009688679024191,0.49999999999999994,0.8660254037844387,0.44794493940789115,0.8940611451454876,6824.391000000001,12215.413000000002,7290.061000000001,0.0,0.0,19081.549999999963,133342.7100000009,0.0,9.11527946999628,9.127052823869036,-0.04250232713980928,-0.46627563400232896,219434.72999999995,224972.198,1073.558000000019,0.4892379615569602,0,8791.051714285715,8201.480785714286,7592.40672,0.0,2721.3436730012477,1706.3823300458037,53013.52571428592,30187.694800000023,-44.132949086535184,0.0,2.8338061881137406,8274.297999999999
2017-01-28,8274.297999999999,24985.040000000015,9.16100413286324,223055.02999999994,231,117,319,117,5,28,4,1,1,2017,28,1,-0.9749279121818236,-0.2225209339563146,0.49999999999999994,0.8660254037844387,0.4632579225674917,0.88622350294858,7033.8719999999985,13058.422000000004,8487.05,0.0,0.0,19932.62999999997,133657.84000000052,0.0,9.07277714285647,9.181527278291483,0.08822699000677048,0.9724364284229857,220508.28799999997,218872.73799999995,2546.7419999999693,1.1549416228744969,0,8050.831571428572,8183.181571428571,7570.924615384616,0.0,2307.9651078190714,1675.4908329582734,36812.08571428579,29793.269230769252,-46.135359999853,0.0,3.0195963452126113,8592.489000000001
2017-01-29,8592.489000000001,24869.090000000033,9.142997009889685,219608.65699999995,235,116,319,117,6,29,4,1,1,2017,29,1,-0.7818314824680299,0.6234898018587334,0.49999999999999994,0.8660254037844387,0.4784338202547012,0.8781236129591848,8274.297999999999,8678.827999999998,9405.901000000003,0.0,0.0,24985.040000000015,27290.229999999978,0.0,9.16100413286324,9.177187859277339,-0.018007122973555667,-0.19656276443494627,223055.02999999994,214883.50099999996,-3446.3729999999923,-1.545077463619625,0,7367.385285714286,8167.985000000001,7596.975481481482,0.0,781.5050863177876,1648.5208861688338,21287.400000000005,29615.18666666669,-4.66111322865252,0.0,2.8942824366723108,6853.275000000001
2017-01-30,6853.275000000001,19834.170000000002,9.082451687115903,218384.959,222,116,318,117,0,30,5,1,1,2017,30,0,0.0,1.0,0.49999999999999994,0.8660254037844387,0.49346814167723735,0.8697638720650646,8592.489000000001,7196.719000000002,6644.070000000001,0.0,0.0,24869.090000000033,20568.580000000053,0.0,9.142997009889685,9.122586863760391,-0.06054532277378222,-0.6622043374649723,219608.65699999995,213401.89599999995,-1223.6979999999458,-0.5572175599616486,0,7355.0511428571435,8109.884142857142,7632.529535714287,0.0,757.6755462143051,1628.6076937000516,20941.52285714287,29445.683214285735,19.39453242512316,0.0,2.8941155870733337,7185.482
2017-01-31,7185.482,19738.640000000025,9.143662415487967,218127.74299999996,224,117,319,117,1,31,5,1,1,2017,31,0,0.7818314824680298,0.6234898018587336,0.49999999999999994,0.8660254037844387,0.5083564379375122,0.8611467540480452,6853.275000000001,6805.188,8103.164999999998,0.0,0.0,19834.170000000002,19145.080000000005,0.0,9.082451687115903,9.090387425787139,0.06121072837206398,0.673944992835973,218384.959,215888.457,-257.216000000044,-0.11778100523857232,0,7305.987714285715,8124.827357142858,7605.658689655173,0.0,780.4158175724277,1605.7941953860434,20836.60714285715,29114.251724137954,0.7066226531875451,0.0,2.7470168319954076,6954.705000000001
2017-02-01,6954.705000000001,19078.89999999997,9.169532387887404,215462.669,208,116,314,117,2,1,5,2,1,2017,32,0,0.9749279121818236,-0.22252093395631434,0.8660254037844386,0.5000000000000001,0.5230943033491326,0.8522748088519838,7185.482,6758.401,6613.67,6817.962,0.0,19738.640000000025,18008.69000000002,20054.349999999922,9.143662415487967,9.113193270913554,0.025869972399437557,0.28292790376444543,218127.74299999996,217815.42699999997,-2665.073999999964,-1.221795065288859,0,7360.315428571428,8059.278571428572,7591.6528,7591.6528,752.4796630113146,1579.7289536649446,20921.401428571437,28801.731333333355,6.319261020469193,5.390467121993339,2.7433083071100737,20555.327000000005
2017-02-02,20555.327000000005,45989.35000000015,9.218117988246236,217448.98700000002,224,117,316,117,3,2,5,2,1,2017,33,0,0.43388373911755823,-0.900968867902419,0.8660254037844386,0.5000000000000001,0.5376773767406141,0.8431506618282,6954.705000000001,6824.391000000001,6739.452000000001,6578.22,0.0,19078.89999999997,19081.549999999963,19030.639999999945,9.169532387887404,9.11527946999628,0.04858560035883208,0.5298590844502798,215462.669,219434.72999999995,1986.3180000000284,0.921884987881603,0,7388.358857142857,8083.638214285714,7596.210900000001,7571.106096774194,729.6194970342273,1577.615455111844,21074.28857142857,28769.216333333356,1.909533026463451,5.723204757517999,2.2373446065830107,7364.126
2017-02-03,7364.126,20732.719999999954,9.269780094353246,219709.88699999993,227,117,315,117,4,3,5,2,1,2017,34,0,-0.433883739117558,-0.9009688679024191,0.8660254037844386,0.5000000000000001,0.5521013427459208,0.8337770129585915,20555.327000000005,7033.8719999999985,12215.413000000002,6615.6860000000015,0.0,45989.35000000015,19932.62999999997,19660.479999999978,9.218117988246236,9.07277714285647,0.05166210610700972,0.5604409291883943,217448.98700000002,220508.28799999997,2260.899999999907,1.0397381156803946,0,9349.921142857143,9070.48642857143,8062.114466666667,7976.863,4988.502978327317,2831.885236690847,24918.260000000028,29667.84000000003,192.23345264173145,210.70590411939142,2.815367363350376,8318.418000000003
2017-02-04,8318.418000000003,25549.10999999994,9.303556693153274,217786.84699999995,235,117,318,117,5,4,5,2,1,2017,35,1,-0.9749279121818236,-0.2225209339563146,0.8660254037844386,0.5000000000000001,0.5663619330814524,0.8241566360566663,7364.126,8274.297999999999,13058.422000000004,6440.778,0.0,20732.719999999954,24985.040000000015,18506.369999999955,9.269780094353246,9.16100413286324,0.03377659880002781,0.3643732478681245,219709.88699999993,223055.02999999994,-1923.039999999979,-0.8752632966398912,0,9397.100285714287,8723.965928571428,8087.062466666668,7958.295212121213,4964.451789226138,2821.982711701581,25032.558571428595,29703.58133333336,-10.999990573218401,14.335969971329549,3.0713904975681587,9572.847
2017-02-05,9572.847,29559.439999999886,9.3102041908833,213269.126,238,116,318,117,6,5,5,2,1,2017,36,1,-0.7818314824680299,0.6234898018587334,0.8660254037844386,0.5000000000000001,0.580454927809098,0.8142923779467267,8318.418000000003,8592.489000000001,8678.827999999998,7182.927000000001,0.0,25549.10999999994,24869.090000000033,20461.73999999998,9.303556693153274,9.142997009889685,0.006647497730027041,0.0714511444308079,217786.84699999995,219608.65699999995,-4517.720999999961,-2.0743773383155513,0,9403.403142857145,8385.394214285714,8149.650466666668,7968.88705882353,4962.816435317669,2804.981783913017,25113.140000000014,29938.339333333362,-3.1896578511767437,15.808193512199173,3.0878421017279276,7134.067999999998
2017-02-06,7134.067999999998,21402.329999999984,9.302273177419849,212017.51499999998,222,116,316,117,0,6,6,2,1,2017,37,0,0.0,1.0,0.8660254037844386,0.5000000000000001,0.5943761565849831,0.804187157621448,9572.847,6853.275000000001,7196.719000000002,7394.900999999999,0.0,29559.439999999886,19834.170000000002,21570.829999999947,9.3102041908833,9.082451687115903,-0.00793101346345182,-0.08518624619659784,213269.126,218384.959,-1251.6110000000044,-0.5868692873998107,0,9543.454285714286,8449.252714285714,8229.314466666667,8014.714485714287,4949.934528847892,2810.5117030658907,25783.189999999995,30241.596000000027,39.68280858421702,29.451996720442924,3.000017661732407,6681.814999999999
2017-02-07,6681.814999999999,19798.069999999945,9.306739279456941,214734.42199999996,224,117,314,117,1,7,6,2,1,2017,38,0,0.7818314824680298,0.6234898018587336,0.8660254037844386,0.5000000000000001,0.6081214998935418,0.7938439653781019,7134.067999999998,7185.482,6805.188,7531.1900000000005,0.0,21402.329999999984,19738.640000000025,22160.389999999934,9.302273177419849,9.143662415487967,0.004466102037092412,0.048010867364477516,212017.51499999998,218127.74299999996,2716.9069999999774,1.2814540345876506,0,9583.567571428572,8444.777642857143,8220.620033333333,7990.252083333334,4925.578226529177,2813.5837752693024,26007.212857142847,30235.979333333362,-0.7155261122357773,-5.273031220829671,2.962977873526871,20698.824999999993
2017-02-08,20698.824999999993,47136.651,9.274029067112348,219526.41999999998,218,117,317,117,2,8,6,2,1,2017,39,0,0.9749279121818236,-0.22252093395631434,0.8660254037844386,0.5000000000000001,0.6216868902665479,0.7832658619336791,6681.814999999999,6954.705000000001,6758.401,6447.895999999999,0.0,19798.069999999945,19078.89999999997,17323.919999999947,9.306739279456941,9.169532387887404,-0.03271021234459326,-0.3514680207792598,214734.42199999996,215462.669,4791.998000000021,2.2315928463486037,0,9511.615142857145,8435.965285714286,8192.307533333335,7954.888918918919,4969.926872500357,2825.0109269447735,26015.70285714284,30157.23533333336,-3.9238184797198747,3.627834568051344,2.277262163431983,6583.738
2017-02-09,6583.738,18535.059999999954,9.257951505016006,221939.646,215,116,317,117,3,9,6,2,1,2017,40,0,0.43388373911755823,-0.900968867902419,0.8660254037844386,0.5000000000000001,0.6350683134867438,0.7724559775191742,20698.824999999993,20555.327000000005,6824.391000000001,6197.542999999998,0.0,47136.651,45989.35000000015,17458.74999999996,9.274029067112348,9.218117988246236,-0.016077562096342035,-0.1733611354891742,219526.41999999998,217448.98700000002,2413.226000000024,1.099287274852851,0,11475.060857142858,9431.709857142856,8667.338500000002,8290.255657894737,6322.3292135426245,3610.52241110192,30023.952999999987,31150.993033333365,0.6981061405638969,233.98437090311438,2.8152791013251064,7276.125999999999
2017-02-10,7276.125999999999,21062.95999999997,9.26837969296171,224316.069,228,117,316,117,4,10,6,2,1,2017,41,0,-0.433883739117558,-0.9009688679024191,0.8660254037844386,0.5000000000000001,0.6482618097757122,0.7614175109532997,6583.738,7364.126,7033.8719999999985,6836.4000000000015,0.0,18535.059999999954,20732.719999999954,18464.379999999965,9.257951505016006,9.269780094353246,0.010428187945704437,0.11264033884876574,221939.646,219709.88699999993,2376.4229999999807,1.0707519106342906,0,9479.119571428571,9414.520357142857,8680.211666666666,8246.498794871795,5056.652628996869,3602.0914424347434,26101.91157142853,31186.87003333336,-10.5971570828636,-3.695834064712438,2.894804185633945,9729.607
2017-02-11,9729.607,32419.64999999981,9.295361060328315,221978.619,246,117,317,117,5,11,6,2,1,2017,42,1,-0.9749279121818236,-0.2225209339563146,0.8660254037844386,0.5000000000000001,0.6612634749656386,0.7501537286959042,7276.125999999999,8318.418000000003,8274.297999999999,6945.934,0.0,21062.95999999997,25549.10999999994,19268.769999999917,9.26837969296171,9.303556693153274,0.026981367366603948,0.291112020228231,224316.069,217786.84699999995,-2337.4499999999825,-1.0420341308673622,0,9466.54814285714,9431.824214285714,8694.8692,8222.239475,5062.892642302797,3595.218039663274,26149.08871428567,31273.489366666698,-12.529930570933123,4.753745140682291,3.3320616135882783,9795.147
2017-02-12,9795.147,31469.54999999979,9.314835533846466,215397.878,249,116,319,117,6,12,6,2,1,2017,43,1,-0.7818314824680299,0.6234898018587334,0.8660254037844386,0.5000000000000001,0.6740694616546161,0.7386679638813748,9729.607,9572.847,8592.489000000001,7290.061000000001,0.0,32419.64999999981,29559.439999999886,19512.529999999922,9.295361060328315,9.3102041908833,0.01947447351815157,0.20950744561463785,221978.619,213269.126,-6580.741000000009,-2.964583269166121,0,9668.146571428571,9535.774857142856,8787.658300000001,8259.004536585366,5037.588627797193,3584.4289849554416,27130.59442857137,31711.85203333336,1.6375483698841131,33.46399982112631,3.212769548022075,6984.8189999999995
2017-02-13,6984.8189999999995,21369.659999999894,9.255261071727285,213216.32799999998,224,116,318,117,0,13,7,2,1,2017,44,0,0.0,1.0,0.8660254037844386,0.5000000000000001,0.6866759803451553,0.726963615332308,9795.147,7134.067999999998,6853.275000000001,8487.05,0.0,31469.54999999979,21402.329999999984,25091.469999999925,9.314835533846466,9.302273177419849,-0.059574462119181604,-0.6395653675549217,215397.878,212017.51499999998,-2181.5500000000175,-1.0128001353848144,0,9699.903714285712,9621.679,8871.161166666667,8295.579357142857,5037.588420814656,3577.5104869500315,27403.46728571421,32110.41936666669,37.301004139573706,15.412858413700894,3.0594436305364385,7121.119999999999
2017-02-14,7121.119999999999,19905.749999999938,9.258355047618291,216036.086,223,117,318,117,1,14,7,2,1,2017,45,0,0.7818314824680298,0.6234898018587336,0.8660254037844386,0.5000000000000001,0.6990793005655562,0.7150441465537444,6984.8189999999995,6681.814999999999,7185.482,9405.901000000003,0.0,21369.659999999894,19798.069999999945,26934.199999999935,9.255261071727285,9.306739279456941,0.003093975891006906,0.033429374569003766,213216.32799999998,214734.42199999996,2819.7580000000307,1.3224868969697439,0,9678.582428571428,9631.074999999999,8821.0868,8265.096558139536,5050.557271193409,3593.5496779951905,27398.800142857053,31986.359033333356,4.534755900904184,-25.740032773043254,2.7953116925427377,6666.801000000001
2017-02-15,6666.801000000001,17949.339999999942,9.251601613025162,217619.52199999994,225,117,316,117,2,15,7,2,1,2017,46,0,0.9749279121818236,-0.22252093395631434,0.8660254037844386,0.5000000000000001,0.7112757519738152,0.7029130847082615,7121.119999999999,20698.824999999993,6954.705000000001,6644.070000000001,0.0,19905.749999999938,47136.651,17858.979999999974,9.258355047618291,9.274029067112348,-0.0067534345931292705,-0.07294421696288898,216036.086,219526.41999999998,1583.4359999999288,0.7329497721042441,0,9741.340285714285,9626.477714285715,8744.927433333334,8239.09709090909,5009.67733009162,3604.9212118082623,27414.18299999991,31752.077366666686,-65.59650125067485,7.180086904562991,2.692346749212994,6448.873999999999
2017-02-16,6448.873999999999,18356.259999999947,9.251165793270324,218788.07599999997,217,117,316,117,3,16,7,2,1,2017,47,0,0.43388373911755823,-0.900968867902419,0.8660254037844386,0.5000000000000001,0.7232617254437388,0.6905740195722293,6666.801000000001,6583.738,20555.327000000005,8103.164999999998,0.0,17949.339999999942,18535.059999999954,43642.06999999998,9.251601613025162,9.257951505016006,-0.0004358197548377518,-0.004710749263394233,217619.52199999994,221939.646,1168.5540000000328,0.5369711270664556,0,7736.765428571429,9605.913142857144,8745.685133333334,8204.157177777779,1404.7111067270353,3604.466777014595,23244.567142857042,31755.089366666685,1.2616389048288525,-17.725962633119245,2.8464286943736146,7167.481
2017-02-17,7167.481,18371.04999999997,9.256190006823118,218568.74599999993,213,117,318,117,4,17,7,2,1,2017,48,0,-0.433883739117558,-0.9009688679024191,0.8660254037844386,0.5000000000000001,0.7350336741329413,0.6780306024735382,6448.873999999999,7276.125999999999,7364.126,6613.67,0.0,18356.259999999947,21062.95999999997,18279.979999999952,9.251165793270324,9.26837969296171,0.00502421355279381,0.05430897753933487,218788.07599999997,224316.069,-219.3300000000454,-0.10024769357176733,0,7717.499142857143,8598.309357142856,8690.5421,8165.998847826087,1423.9542076302232,3627.217648833021,23219.02428571419,30912.22903333335,-11.369401794306484,-2.4917481519338156,2.5631110846334955,8713.753
2017-02-18,8713.753,23858.190000000097,9.313778437190141,218762.85,233,117,320,117,5,18,7,2,1,2017,49,1,-0.9749279121818236,-0.2225209339563146,0.8660254037844386,0.5000000000000001,0.746588114532413,0.6652865452111116,7167.481,9729.607,8318.418000000003,6739.452000000001,0.0,18371.04999999997,32419.64999999981,18317.84000000007,9.256190006823118,9.295361060328315,0.05758843036702288,0.622161281526979,218568.74599999993,221978.619,194.1040000000794,0.08880684157838352,0,7701.978428571428,8584.263285714285,8709.002466666667,8144.753787234043,1430.1455037163034,3617.6798724607324,22834.465714285616,30915.264700000018,-26.333293831909145,6.351095014846883,2.737992458588176,8830.007
2017-02-19,8830.007,25050.270000000062,9.323039774887059,213811.60299999997,229,116,320,117,6,19,7,2,1,2017,50,1,-0.7818314824680299,0.6234898018587334,0.8660254037844386,0.5000000000000001,0.7579216274973472,0.6523456189565257,8713.753,9795.147,9572.847,12215.413000000002,0.0,23858.190000000097,31469.54999999979,133342.7100000009,9.313778437190141,9.314835533846466,0.009261337696917948,0.09943695525263091,218762.85,215397.878,-4951.247000000032,-2.263294247629354,0,7556.856428571429,8612.5015,8774.8125,8156.6079375,1227.2519685818222,3598.5226223377376,21611.399999999943,31099.94303333335,-11.04009975552179,-28.665915757412385,2.836947920879345,6906.085000000002
2017-02-20,6906.085000000002,18912.199999999943,9.269615384614623,213028.45299999998,210,116,317,117,0,20,8,2,1,2017,51,0,0.0,1.0,0.8660254037844386,0.5000000000000001,0.7690308592589181,0.6392116531380588,8830.007,6984.8189999999995,7134.067999999998,13058.422000000004,0.0,25050.270000000062,21369.659999999894,133657.84000000052,9.323039774887059,9.255261071727285,-0.053424390272436284,-0.5730361723473767,213811.60299999997,213216.32799999998,-783.1499999999942,-0.3662804024718875,0,7418.979285714285,8559.441499999999,8661.965633333333,8170.350775510205,958.7127929376144,3539.505464256529,20694.359999999982,27490.195033333326,26.417119756431774,-32.380750139641705,2.7384835257602442,6527.474999999999
2017-02-21,6527.474999999999,16838.7799999999,9.32371204109302,215546.89699999994,211,117,315,117,1,21,8,2,1,2017,52,0,0.7818314824680298,0.6234898018587336,0.8660254037844386,0.5000000000000001,0.7799125224167177,0.6258885343075018,6906.085000000002,7121.119999999999,6681.814999999999,8678.827999999998,0.0,18912.199999999943,19905.749999999938,27290.229999999978,9.269615384614623,9.258355047618291,0.054096656478396454,0.5835911656937154,213028.45299999998,216036.086,2518.4439999999595,1.1822101529319935,0,7407.731571428572,8543.157000000001,8456.887733333333,8145.06546,965.0959480058385,3453.171699876506,20343.294285714277,23665.340366666638,-3.019679488619728,-20.426064440959035,2.579677440357857,6145.235000000001
2017-02-22,6145.235000000001,16419.62999999995,9.346869014402339,216514.42699999994,212,117,319,117,2,22,8,2,1,2017,53,0,0.9749279121818236,-0.22252093395631434,0.8660254037844386,0.5000000000000001,0.7905633969115482,0.612380204990065,6527.474999999999,6666.801000000001,20698.824999999993,7196.719000000002,0.0,16838.7799999999,17949.339999999942,20568.580000000053,9.32371204109302,9.251601613025162,0.02315697330931954,0.24836645755744344,215546.89699999994,217619.52199999994,967.5299999999988,0.4488721542579196,0,7322.925142857143,8532.132714285714,8385.175966666668,8113.348000000001,1019.0536181118298,3470.697771268913,19905.155714285702,23316.95869999997,-2.0898478895650525,-9.29929319180035,2.67192873828258,6186.529999999998
2017-02-23,6186.529999999998,16443.129999999972,9.345644421036017,219705.577,219,117,317,117,3,23,8,2,1,2017,54,0,0.43388373911755823,-0.900968867902419,0.8660254037844386,0.5000000000000001,0.8009803309782905,0.5986906625177214,6145.235000000001,6448.873999999999,6583.738,6805.188,0.0,16419.62999999995,18356.259999999947,19145.080000000005,9.346869014402339,9.251165793270324,-0.0012245933663219688,-0.013101642533291371,216514.42699999994,218788.07599999997,3191.1500000000524,1.4738740712183829,0,7248.415714285715,7492.590571428571,8350.1265,8075.4996730769235,1091.5138765831482,3488.37774362517,19686.625714285703,23178.660366666634,-4.7084033584777485,-9.69779233138011,2.6578922271451004,34757.61600000001
2017-02-24,34757.61600000001,72424.2720000001,9.327964395702647,220831.83999999997,218,117,317,117,4,24,8,2,1,2017,55,0,-0.433883739117558,-0.9009688679024191,0.8660254037844386,0.5000000000000001,0.8111602420785621,0.5848239578463322,6186.529999999998,7167.481,7276.125999999999,6758.401,0.0,16443.129999999972,18371.04999999997,18008.69000000002,9.345644421036017,9.256190006823118,-0.017680025333369542,-0.18917930681777012,219705.577,218568.74599999993,1126.2629999999772,0.5126237646666463,0,7210.938000000001,7464.2185714285715,8329.504566666667,8039.858735849058,1127.45417648834,3499.6362180718224,19413.32142857142,23088.595366666636,-13.686133245417768,-8.461631678854243,2.083695038232774,8550.053
2017-02-25,8550.053,25663.110000000015,9.37331246700276,222378.24900000004,228,117,321,117,5,25,8,2,1,2017,56,1,-0.9749279121818236,-0.2225209339563146,0.8660254037844386,0.5000000000000001,0.8211001178128892,0.5707841943569036,34757.61600000001,8713.753,9729.607,6824.391000000001,0.0,72424.2720000001,23858.190000000097,19081.549999999963,9.327964395702647,9.313778437190141,0.04534807130011309,0.486151848103159,220831.83999999997,218762.85,1546.4090000000724,0.7002654146250253,0,11152.38585714286,9427.182142857144,9262.811733333334,8534.63201851852,10469.793211673998,5945.21249178354,27135.210285714296,24902.44809999997,298.88227265565143,409.31454542976803,3.0015147274525686,8566.893999999998
2017-02-26,8566.893999999998,23708.130000000063,9.383591063990131,217801.86400000003,233,116,319,117,6,26,8,2,1,2017,57,1,-0.7818314824680299,0.6234898018587334,0.8660254037844386,0.5000000000000001,0.8307970168121247,0.5565755266413303,8550.053,8830.007,9795.147,7033.8719999999985,0.0,25663.110000000015,25050.270000000062,19932.62999999997,9.37331246700276,9.323039774887059,0.010278596987371103,0.1096581067104639,222378.24900000004,213811.60299999997,-4576.385000000009,-2.0579283363275374,0,11129.000142857143,9342.928285714286,9320.3338,8534.912400000001,10476.32885140981,5929.132812372741,27393.056,25121.833433333308,-3.170484462809596,21.555424949444653,2.767412553487888,34455.141
2017-02-27,34455.141,71754.99900000021,9.347582500756138,223030.574,210,116,317,117,0,27,9,2,1,2017,58,0,0.0,1.0,0.8660254037844386,0.5000000000000001,0.8402480696078469,0.5422021592729844,8566.893999999998,6906.085000000002,6984.8189999999995,8274.297999999999,0.0,23708.130000000063,18912.199999999943,24985.040000000015,9.383591063990131,9.269615384614623,-0.036008563233993485,-0.38373968972473277,217801.86400000003,213028.45299999998,5228.709999999963,2.4006727508998553,0,11091.412571428573,9255.19592857143,9371.434533333331,8535.4835,10486.419200208193,5915.337419229736,27201.32171428571,25247.683433333306,24.048487674275602,3.536203312957783,2.0825629185496646,6426.421
2017-02-28,6426.421,18007.00999999989,9.358520812872253,216935.58200000002,213,117,318,117,1,28,9,2,1,2017,59,0,0.7818314824680298,0.6234898018587336,0.8660254037844386,0.5000000000000001,0.8494504794814806,0.527668345562516,34455.141,6527.474999999999,7121.119999999999,8592.489000000001,0.0,71754.99900000021,16838.7799999999,24869.090000000033,9.347582500756138,9.32371204109302,0.010938312116115512,0.11701755095748766,223030.574,215546.89699999994,-6094.991999999969,-2.7328055928331914,0,15026.992000000002,11217.361785714285,10244.1293,8990.214333333333,13414.639186281313,7473.830259246765,34750.29300000004,26806.682066666646,427.8479197545759,300.9913891073937,2.8020277538617355,5946.691000000001
2017-03-01,5946.691000000001,18511.889999999974,9.393168584968748,215181.37300000005,215,107,316,107,2,1,9,3,1,2017,60,0,0.9749279121818236,-0.22252093395631434,1.0,6.123233995736766e-17,0.8584015232918917,0.512978386299228,6426.421,6145.235000000001,6666.801000000001,6853.275000000001,0.0,18007.00999999989,16419.62999999995,19834.170000000002,9.358520812872253,9.346869014402339,0.03464777209649483,0.37022701332071917,216935.58200000002,216514.42699999994,-1754.2089999999735,-0.8086312922146507,0,15012.555714285716,11167.74042857143,10171.927033333335,8946.011,13425.360581358826,7500.750788951858,34917.183000000034,26577.946066666642,4.575675299642726,-6.228467411566006,3.1129732484839,7151.697
2017-03-02,7151.697,22181.919999999962,9.383593373493209,217581.873,221,117,317,117,3,2,9,3,1,2017,61,0,0.43388373911755823,-0.900968867902419,1.0,6.123233995736766e-17,0.8670985522812081,0.4981366284784055,5946.691000000001,6186.529999999998,6448.873999999999,7185.482,0.0,18511.889999999974,16443.129999999972,19738.640000000025,9.393168584968748,9.345644421036017,-0.009575211475539191,-0.10193803495512424,215181.37300000005,219705.577,2400.499999999942,1.1155705377899698,0,14984.192285714289,11116.304,10141.707566666668,8895.17506779661,13447.408272080958,7516.392158372714,35216.077285714324,26533.87006666664,-3.87679361451407,-17.24019349015138,3.1016302843926358,7132.979000000001
2017-03-03,7132.979000000001,21660.239999999987,9.407431743173523,220688.07800000004,224,117,319,117,4,3,9,3,1,2017,62,0,-0.433883739117558,-0.9009688679024191,1.0,6.123233995736766e-17,0.8755389928586302,0.4831474640149687,7151.697,34757.61600000001,7167.481,6954.705000000001,0.0,22181.919999999962,72424.2720000001,19078.89999999997,9.383593373493209,9.327964395702647,0.023838369680314386,0.2540430806353252,217581.873,220831.83999999997,3106.2050000000454,1.4276028407936563,0,15122.073285714287,11166.505642857144,10140.5814,8866.117100000001,13346.739788754396,7516.852874146068,36035.90442857146,26615.312733333307,-79.42408650811956,2.832499725006298,3.036633081353525,9020.921999999999
2017-03-04,9020.921999999999,29757.989999999812,9.444279696079775,219803.86000000004,237,117,319,117,5,4,9,3,1,2017,63,1,-0.9749279121818236,-0.2225209339563146,1.0,6.123233995736766e-17,0.8837203473619977,0.4680153284438345,7132.979000000001,8550.053,8713.753,20555.327000000005,0.0,21660.239999999987,25663.110000000015,45989.35000000015,9.407431743173523,9.37331246700276,0.036847952906251535,0.3916898247280949,220688.07800000004,222378.24900000004,-884.2179999999935,-0.40066414462134803,0,11175.696571428572,11164.041214285715,10146.523866666666,8837.705,10312.344088166183,7514.317463185009,28783.899857142875,26701.35739999997,-16.573862173719846,-65.29863523941994,3.298774781557785,9427.701999999997
2017-03-05,9427.701999999997,32609.349999999802,9.42457849494711,217103.545,248,116,321,117,6,5,9,3,1,2017,64,1,-0.7818314824680299,0.6234898018587334,1.0,6.123233995736766e-17,0.8916401947968874,0.45274469960737107,9020.921999999999,8566.893999999998,8830.007,7364.126,0.0,29757.989999999812,23708.130000000063,20732.719999999954,9.444279696079775,9.383591063990131,-0.019701201132665602,-0.20860459205632562,219803.86000000004,217801.86400000003,-2700.3150000000314,-1.2285111826516746,0,11242.963571428572,11185.98185714286,9762.0437,8840.660112903226,10293.881830978406,7253.948005017066,29368.882714285708,26160.31206666663,5.299797102660548,22.498202773825412,3.45888637549212,7277.535000000001
2017-03-06,7277.535000000001,23153.689999999955,9.391621234938924,219612.21300000002,228,116,318,117,0,6,10,3,1,2017,65,0,0.0,1.0,1.0,6.123233995736766e-17,0.8992961915530253,0.4373400963303323,9427.701999999997,34455.141,6906.085000000002,8318.418000000003,0.0,32609.349999999802,71754.99900000021,25549.10999999994,9.42457849494711,9.347582500756138,-0.03295726000818533,-0.34969479033842227,217103.545,223030.574,2508.668000000005,1.1555168295386447,0,11365.936142857143,11228.674357142858,9830.829566666665,8849.97823809524,10261.676189827187,7240.196506997046,30640.485571428526,26556.19973333329,-72.63774947256783,13.335276010414404,3.1815291853628946,7742.636
2017-03-07,7742.636,23621.989999999863,9.375901701037854,220349.13800000004,233,117,319,117,1,7,10,3,1,2017,66,0,0.7818314824680298,0.6234898018587336,1.0,6.123233995736766e-17,0.9066860720977985,0.4218060770826634,7277.535000000001,6426.421,6527.474999999999,9572.847,0.0,23153.689999999955,18007.00999999989,29559.439999999886,9.391621234938924,9.358520812872253,-0.015719533901069838,-0.16737827801859884,219612.21300000002,216935.58200000002,736.9250000000175,0.3355573854173663,0,7483.421,11255.206500000002,9796.133466666668,8825.4088125,1284.4042378600886,7250.181277530501,23697.44142857134,26476.352399999956,13.243981370034744,-23.977318346360274,3.0508976529440184,8124.020999999999
2017-03-08,8124.020999999999,23869.919999999922,9.39363343086417,221156.81200000003,227,117,320,117,2,8,10,3,1,2017,67,0,0.9749279121818236,-0.22252093395631434,1.0,6.123233995736766e-17,0.9138076496466615,0.4061472386305789,7742.636,5946.691000000001,6145.235000000001,7134.067999999998,0.0,23621.989999999863,18511.889999999974,21402.329999999984,9.375901701037854,9.393168584968748,0.01773172982631621,0.18912026162084675,220349.13800000004,215181.37300000005,807.6739999999991,0.3665428452912754,0,7671.451714285714,11342.003714285716,9735.126433333333,8808.75076923077,1197.2621578013714,7259.81871961972,24499.581428571342,26278.437399999955,30.200745254797994,8.530448546327316,2.938190337026446,6715.430999999999
2017-03-09,6715.430999999999,20057.569999999945,9.432757352940374,223527.64199999996,218,117,321,117,3,9,10,3,1,2017,68,0,0.43388373911755823,-0.900968867902419,1.0,6.123233995736766e-17,0.9206588168102428,0.3903682146763026,8124.020999999999,7151.697,6186.529999999998,6681.814999999999,0.0,23869.919999999922,22181.919999999962,19798.069999999945,9.39363343086417,9.383593373493209,0.039123922076203854,0.4164940261311073,221156.81200000003,217581.873,2370.829999999929,1.0720131017261765,0,7982.498857142857,11483.34557142857,9768.124866666667,8798.376075757576,926.7674293200198,7249.831285209604,25265.01428571419,26360.690399999956,13.595710220944746,21.584045652266642,2.986788189767708,8914.630000000001
2017-03-10,8914.630000000001,20742.0,9.453557338932669,223328.76499999996,228,117,320,117,4,10,10,3,1,2017,69,0,-0.433883739117558,-0.9009688679024191,1.0,6.123233995736766e-17,0.9272375462179537,0.374473674486883,6715.430999999999,7132.979000000001,34757.61600000001,20698.824999999993,0.0,20057.569999999945,21660.239999999987,47136.651,9.432757352940374,9.407431743173523,0.020799985992294268,0.22050801493171565,223527.64199999996,220688.07800000004,-198.87700000000768,-0.0889719938977425,0,7920.175142857142,11521.124214285714,9769.245400000002,8767.287343283582,1003.4462881761224,7249.340397673209,24961.53571428562,26369.340399999954,-5.853767409100776,-67.55646274607375,2.326737060315459,11156.269
2017-03-11,11156.269,28980.969999999867,9.557914193402146,220822.71000000002,235,117,322,117,5,11,10,3,1,2017,70,1,-0.9749279121818236,-0.2225209339563146,1.0,6.123233995736766e-17,0.9335418911179212,0.35846832151248087,8914.630000000001,9020.921999999999,8550.053,6583.738,0.0,20742.0,29757.989999999812,18535.059999999954,9.453557338932669,9.444279696079775,0.10435685446947751,1.103889792255279,223328.76499999996,219803.86000000004,-2506.054999999935,-1.1221371326707221,0,8174.696714285713,9675.196642857143,9376.438900000001,8769.454147058823,996.4286897745717,6949.772754148104,24830.358571428478,25489.518699999953,-1.1782831067600148,35.40377821839205,2.5977295814577315,11082.86
2017-03-12,11082.86,27753.4099999999,9.566308224846805,213335.755,226,116,319,117,6,12,10,3,1,2017,71,1,-0.7818314824680299,0.6234898018587334,1.0,6.123233995736766e-17,0.9395699859530622,0.342356891994542,11156.269,9427.701999999997,8566.893999999998,7276.125999999999,0.0,28980.969999999867,32609.349999999802,21062.95999999997,9.557914193402146,9.42457849494711,0.008394031444659333,0.08782283743929983,220822.71000000002,217103.545,-7486.955000000016,-3.3904823466753102,0,8479.746285714285,9861.354928571429,9528.8566,8804.045666666667,1498.8612442112649,6936.541374351179,24719.355714285626,25837.71569999995,18.33497707076447,53.327045188607244,2.5041740128450507,6982.599999999999
2017-03-13,6982.599999999999,21497.15000000002,9.54931912018537,212316.03999999998,220,116,321,117,0,13,11,3,1,2017,72,0,0.0,1.0,1.0,6.123233995736766e-17,0.945320046913132,0.3261441535642696,11082.86,7277.535000000001,34455.141,9729.607,0.0,27753.4099999999,23153.689999999955,32419.64999999981,9.566308224846805,9.391621234938924,-0.01698910466143566,-0.1775931138964292,213335.755,219612.21300000002,-1019.7150000000256,-0.47798598036228174,0,8716.197428571428,10041.066785714285,9655.747733333332,8836.600157142859,1777.907344273859,6928.724994726696,24025.64999999993,26060.73069999995,52.28865268253604,13.908609052760307,3.0786741328445024,6354.204999999998
2017-03-14,6354.204999999998,18271.829999999896,9.532751180039652,215420.61,222,117,325,117,1,14,11,3,1,2017,73,0,0.7818314824680298,0.6234898018587336,1.0,6.123233995736766e-17,0.9507903724625832,0.3098349038318025,6982.599999999999,7742.636,6426.421,9795.147,0.0,21497.15000000002,23621.989999999863,31469.54999999979,9.54931912018537,9.375901701037854,-0.01656794014571794,-0.17349865406316348,212316.03999999998,220349.13800000004,3104.570000000007,1.4622399701878424,0,8674.063857142857,8078.742428571429,9564.180833333336,8810.48747887324,1820.6642993247779,6945.8456951933595,23789.001428571362,25696.647366666624,-9.816243460237585,-28.713678314373446,2.875549340948223,6812.97
2017-03-15,6812.97,19523.419999999936,9.512194830419036,218755.19999999998,217,117,322,117,2,15,11,3,1,2017,74,0,0.9749279121818236,-0.22252093395631434,1.0,6.123233995736766e-17,0.9559793438440766,0.2934339689665273,6354.204999999998,8124.020999999999,5946.691000000001,6984.8189999999995,0.0,18271.829999999896,23869.919999999922,21369.659999999894,9.532751180039652,9.39363343086417,-0.020556349620616032,-0.2156392129866808,215420.61,221156.81200000003,3334.5899999999965,1.5479438109473354,0,8475.716571428571,8073.584142857143,9449.48276666667,8776.372444444445,2005.3140522440851,6970.267719360409,23024.692857142796,25256.72336666663,-21.784975691224837,-9.02835134310569,2.865625417402386,6595.313
2017-03-16,6595.313,19899.86000000004,9.533545237739546,220030.07799999998,234,117,323,117,3,16,11,3,1,2017,75,0,0.43388373911755823,-0.900968867902419,1.0,6.123233995736766e-17,0.9608854255574977,0.27694620226893646,6812.97,6715.430999999999,7151.697,7121.119999999999,0.0,19523.419999999936,20057.569999999945,19905.749999999938,9.512194830419036,9.432757352940374,0.021350407320509746,0.22445300691522116,218755.19999999998,223527.64199999996,1274.877999999997,0.5827875177367199,0,8288.423571428571,8135.461214285714,9443.754466666667,8749.476520547947,2102.506139493911,6972.433350507047,22403.764285714227,25195.182033333294,1.4524607579171254,-4.3272687442424616,3.017273024039957,6658.240999999998
2017-03-17,6658.240999999998,19621.99999999999,9.558416393929576,221794.53299999997,226,117,323,117,4,17,11,3,1,2017,76,0,-0.433883739117558,-0.9009688679024191,1.0,6.123233995736766e-17,0.9655071658143364,0.2603764827344581,6595.313,8914.630000000001,7132.979000000001,6666.801000000001,0.0,19899.86000000004,20742.0,17949.339999999942,9.533545237739546,9.453557338932669,0.024871156190030774,0.2608804549599836,220030.07799999998,223328.76499999996,1764.4549999999872,0.8019153635895122,0,8271.263857142858,8095.719499999999,9426.227566666668,8720.366202702704,2117.9175694697014,6979.130837465006,22381.234285714243,25194.985699999965,-26.01697434442036,-1.072298393187395,2.947024597036964,8434.710000000001
2017-03-18,8434.710000000001,26623.239999999914,9.604762046843945,221568.548,237,117,324,118,5,18,11,3,1,2017,77,1,-0.9749279121818236,-0.2225209339563146,1.0,6.123233995736766e-17,0.969843196967294,0.24372971360968387,6658.240999999998,11156.269,9020.921999999999,6448.873999999999,0.0,19621.99999999999,28980.969999999867,18356.259999999947,9.558416393929576,9.557914193402146,0.04634565291436843,0.48486748227250215,221794.53299999997,220822.71000000002,-225.98499999995693,-0.10188934638887467,0,7948.922571428571,8061.8096428571425,9425.942233333333,8692.8712,2174.6281060972824,6979.247717491411,22221.23428571424,25250.7410333333,-40.31838959781269,3.24656676498873,3.1563906761465317,8697.754999999997
2017-03-19,8697.754999999997,27340.17999999998,9.608606269169591,216529.057,241,116,322,118,6,19,11,3,1,2017,78,1,-0.7818314824680299,0.6234898018587334,1.0,6.123233995736766e-17,0.9738922359149924,0.22701082094141847,8434.710000000001,11082.86,9427.701999999997,7167.481,0.0,26623.239999999914,27753.4099999999,18371.04999999997,9.604762046843945,9.566308224846805,0.00384422232564674,0.04002412872799825,221568.548,213335.755,-5039.491000000009,-2.274461355408625,0,7560.128428571429,8019.937357142857,9492.136766666668,8689.474342105264,1696.3115139038925,6959.427287545471,21884.41571428568,25526.307033333298,-23.894103146660694,17.68025614577843,3.143360556833342,6820.300999999998
2017-03-20,6820.300999999998,21020.57999999997,9.548749253730593,215571.37,230,116,324,118,0,20,12,3,1,2017,79,0,0.0,1.0,1.0,6.123233995736766e-17,0.9776530844816641,0.2102247521189836,8697.754999999997,6982.599999999999,7277.535000000001,8713.753,0.0,27340.17999999998,21497.15000000002,23858.190000000097,9.608606269169591,9.54931912018537,-0.05985701543899857,-0.6229521094131752,216529.057,212316.03999999998,-957.6870000000054,-0.4422902927065374,0,7219.399142857142,7967.798285714285,9543.1459,8689.581883116884,943.1081487908833,6947.398860688937,21825.38285714283,25825.2780333333,24.56327156073666,-0.18359482992004972,3.0820604545165935,6371.297
2017-03-21,6371.297,19106.379999999997,9.56581766424379,216065.37999999995,225,117,322,118,1,21,12,3,1,2017,80,0,0.7818314824680298,0.6234898018587336,1.0,6.123233995736766e-17,0.981124629771712,0.19337647441020586,6820.300999999998,6354.204999999998,7742.636,8830.007,0.0,21020.57999999997,18271.829999999896,25050.270000000062,9.548749253730593,9.532751180039652,0.017068410513196852,0.17875022225060952,215571.37,215420.61,494.0099999999511,0.22916308413308834,0,7196.21357142857,7935.138714285714,9480.030833333332,8665.616743589744,951.854363896377,6963.774896273824,21757.301428571394,25730.691033333296,7.335237059553472,-22.75995930694055,2.998821119153604,6437.252000000001
2017-03-22,6437.252000000001,17677.96999999996,9.587169740870058,218718.86999999997,209,117,321,118,2,22,12,3,1,2017,81,0,0.9749279121818236,-0.22252093395631434,1.0,6.123233995736766e-17,0.984305844499033,0.17647097349152166,6371.297,6812.97,8124.020999999999,6906.085000000002,0.0,19106.379999999997,19523.419999999936,18912.199999999943,9.56581766424379,9.512194830419036,0.021352076626268257,0.2232122477734496,216065.37999999995,218755.19999999998,2653.49000000002,1.2280958661679258,0,7198.655285714284,7837.185928571428,9398.073833333332,8636.574721518988,949.3530746504142,6986.121340003636,21876.522857142838,25532.56136666663,-6.482826138967303,-7.743721659956432,2.746198222471321,6278.106999999999
2017-03-23,6278.106999999999,18445.870000000006,9.61249497281529,221870.835,227,117,326,118,3,23,12,3,1,2017,82,0,0.43388373911755823,-0.900968867902419,1.0,6.123233995736766e-17,0.9871957872910085,0.15951325197263655,6437.252000000001,6595.313,6715.430999999999,6527.474999999999,0.0,17677.96999999996,19899.86000000004,16838.7799999999,9.587169740870058,9.533545237739546,0.025325231945231508,0.26415754210828424,218718.86999999997,220030.07799999998,3151.9650000000256,1.4411033670757472,0,7144.981285714284,7716.702428571428,9382.446066666667,8609.0831875,984.7540384987142,6992.409630328292,21612.887142857126,25491.42036666663,-2.396565561027942,-1.3822036851921784,2.9381260943784504,6706.140000000001
2017-03-24,6706.140000000001,20178.470000000038,9.598574938574247,222540.866,227,117,327,118,4,24,12,3,1,2017,83,0,-0.433883739117558,-0.9009688679024191,1.0,6.123233995736766e-17,0.9897936029670716,0.14250832791617088,6278.106999999999,6658.240999999998,8914.630000000001,6145.235000000001,0.0,18445.870000000006,19621.99999999999,16419.62999999995,9.61249497281529,9.558416393929576,-0.0139200342410426,-0.14481187538104612,221870.835,221794.53299999997,670.0310000000172,0.3019914717497761,0,7099.6661428571415,7685.464999999999,9374.1338,8580.305703703703,1020.8986781054384,6996.067785073473,21405.174285714264,25544.9900333333,-5.70922560478059,2.162195587312747,3.008954480520841,8109.652000000001
2017-03-25,8109.652000000001,24597.480000000083,9.637168234064056,222652.09699999998,238,117,327,118,5,25,12,3,1,2017,84,1,-0.9749279121818236,-0.2225209339563146,1.0,6.123233995736766e-17,0.992098522791769,0.12546123335273648,6706.140000000001,8434.710000000001,11156.269,6186.529999999998,0.0,20178.470000000038,26623.239999999914,16443.129999999972,9.598574938574247,9.604762046843945,0.038593295489809165,0.4020731799958394,222540.866,221568.548,111.23099999997066,0.04998228055784175,0,7106.508857142857,7527.715714285713,9392.830633333333,8557.450024390244,1017.602048522128,6987.885787156174,21484.669999999984,25670.284699999964,-20.493532083497826,8.399054073931646,3.03311165509939,8465.862999999998
2017-03-26,8465.862999999998,26470.759999999977,9.657518488084719,217920.412,237,116,330,118,6,26,12,3,1,2017,85,1,-0.7818314824680299,0.6234898018587334,1.0,6.123233995736766e-17,0.9941098647022418,0.10837701279187609,8109.652000000001,8697.754999999997,11082.86,34757.61600000001,0.0,24597.480000000083,27340.17999999998,72424.2720000001,9.637168234064056,9.608606269169591,0.020350254020662817,0.21116424997886526,222652.09699999998,216529.057,-4731.684999999969,-2.125147287519133,0,7060.072,7310.100214285713,9456.9347,8552.05486746988,952.2050542647249,6966.245684502576,21195.275714285723,25942.096366666632,-6.761549388319131,-76.66798551431145,3.1267645129622323,6681.156
2017-03-27,6681.156,20101.080000000045,9.592657087551382,217532.56900000002,224,116,326,118,0,27,13,3,1,2017,86,0,0.0,1.0,1.0,6.123233995736766e-17,0.9958270335100595,0.09126072172931188,8465.862999999998,6820.300999999998,6982.599999999999,8550.053,0.0,26470.759999999977,21020.57999999997,25663.110000000015,9.657518488084719,9.548749253730593,-0.06486140053333678,-0.6716155978718722,217920.412,215571.37,-387.8429999999935,-0.17797460845475707,0,7026.94457142857,7123.171857142856,8580.542933333334,8551.028773809525,887.57417847087,5068.988412237724,21071.072857142866,24410.312633333302,24.12741021254048,-0.9846722587567858,3.0086230586443494,6537.748
2017-03-28,6537.748,19728.72000000005,9.621540345927569,221184.74399999998,219,117,327,118,1,28,13,3,1,2017,87,0,0.7818314824680298,0.6234898018587336,1.0,6.123233995736766e-17,0.9972495210773451,0.07411742515094437,6681.156,6371.297,6354.204999999998,8566.893999999998,0.0,20101.080000000045,19106.379999999997,23708.130000000063,9.592657087551382,9.56581766424379,0.02888325837618666,0.30109758029054484,217532.56900000002,216065.37999999995,3652.1749999999593,1.6789095153838591,0,7007.066714285715,7101.640142857143,8518.246366666666,8529.030270588235,894.5044996919759,5080.846309488141,20939.715714285732,24224.9116333333,4.863358276972497,-22.01192170698037,3.0176629628428704,6203.020000000002
2017-03-29,6203.020000000002,18342.53999999989,9.634310230045878,224156.154,225,117,327,118,2,29,13,3,1,2017,88,0,0.9749279121818236,-0.22252093395631434,1.0,6.123233995736766e-17,0.998376906467142,0.056952196034039754,6537.748,6437.252000000001,6812.97,34455.141,0.0,19728.72000000005,17677.96999999996,71754.99900000021,9.621540345927569,9.587169740870058,0.012769884118309704,0.13272182685088163,221184.74399999998,218718.86999999997,2971.4100000000326,1.3434063969620043,0,7030.84542857143,7114.750357142856,8450.608166666667,8505.875825581395,876.8246437210653,5093.6665772435135,21028.621428571456,24092.2646333333,1.561163055291268,-81.02533378110395,2.957033831907665,6491.028000000001
2017-03-30,6491.028000000001,20039.349999999955,9.592034619333305,226370.339,217,118,328,118,3,30,13,3,1,2017,89,0,0.43388373911755823,-0.900968867902419,1.0,6.123233995736766e-17,0.9992088560679753,0.03977011384605572,6203.020000000002,6278.106999999999,6595.313,6426.421,0.0,18342.53999999989,18445.870000000006,18007.00999999989,9.634310230045878,9.61249497281529,-0.04227561071257391,-0.4388026719414929,224156.154,221870.835,2214.1849999999977,0.9877868443442323,0,6997.383714285714,7071.1825,7508.8708,8479.406218390804,907.1964793164664,1372.4830688917666,21123.560000000016,22311.84933333329,-1.1960133842891945,-3.476289524137899,3.0872382617976615,7013.698
2017-03-31,7013.698,21477.999999999964,9.611587938964009,225835.439,217,118,330,118,4,31,13,3,1,2017,90,0,-0.433883739117558,-0.9009688679024191,1.0,6.123233995736766e-17,0.9997451236925734,0.022576263041545485,6491.028000000001,6706.140000000001,6658.240999999998,5946.691000000001,0.0,20039.349999999955,20178.470000000038,18511.889999999974,9.592034619333305,9.598574938574247,0.01955331963070428,0.20384955232848537,226370.339,222540.866,-534.8999999999942,-0.23629420813828184,0,7027.801,7063.733571428572,7511.024366666666,8456.811011363638,882.2880624914708,1370.7756515294348,21351.20000000001,22379.59399999996,-3.2076872835938417,9.153611647216922,3.062293243877903,8321.247
2017-04-01,8321.247,28025.399999999903,9.679242879108912,220975.90399999998,237,118,331,118,5,1,13,4,2,2017,91,1,-0.9749279121818236,-0.2225209339563146,0.8660254037844387,-0.4999999999999998,0.9999855506507186,0.005375731557583884,7013.698,8109.652000000001,8434.710000000001,7151.697,0.0,21477.999999999964,24597.480000000083,22181.919999999962,9.611587938964009,9.637168234064056,0.06765494014490336,0.7038893112618766,225835.439,222652.09699999998,-4859.535000000033,-2.151803552851611,0,7071.737857142857,7089.1233571428575,7546.591266666666,8440.596258426967,871.1882034582213,1342.334497852199,21536.847142857143,22478.464333333293,-13.514192717517354,-1.9295979681465785,3.36793271489236,8974.996
2017-04-02,8974.996,28368.089999999844,9.688652461424729,217328.53900000002,245,117,332,118,6,2,13,4,2,2017,92,1,-0.7818314824680299,0.6234898018587334,0.8660254037844387,-0.4999999999999998,0.9999300657962057,-0.011826390691832589,8321.247,8465.862999999998,8697.754999999997,7132.979000000001,6817.962,28025.399999999903,26470.759999999977,21660.239999999987,9.679242879108912,9.657518488084719,0.009409582315816678,0.09721403247485139,220975.90399999998,217920.412,-3647.3649999999616,-1.6505713672744888,0,7101.965714285715,7081.018857142857,7585.576266666666,8439.270155555556,915.7350946805111,1347.4439446620884,22026.54999999997,22673.24699999996,-1.7082251390082526,16.65879010719081,3.1607913808540804,6564.041
2017-04-03,6564.041,20908.599999999973,9.656307364710395,215533.964,229,117,330,118,0,3,14,4,2,2017,93,0,0.0,1.0,0.8660254037844387,-0.4999999999999998,0.9995786855478958,-0.029025013321975237,8974.996,6681.156,6820.300999999998,9020.921999999999,6578.22,28368.089999999844,20101.080000000045,29757.989999999812,9.688652461424729,9.592657087551382,-0.03234509671433372,-0.3338451538345027,217328.53900000002,217532.56900000002,-1794.5750000000116,-0.8257429089881341,0,7174.6990000000005,7100.821785714285,7646.976833333333,8463.2372,1052.1739646279764,1367.921811111994,22297.597142857096,22896.841999999953,34.332980699747154,-0.509105388562272,3.1853244061089767,6792.397999999998
2017-04-04,6792.397999999998,21733.279999999988,9.664554193879118,217706.11699999997,218,118,327,118,1,4,14,4,2,2017,94,0,0.7818314824680298,0.6234898018587336,0.8660254037844387,-0.4999999999999998,0.9989315138848577,-0.046215046983708354,6564.041,6537.748,6371.297,9427.701999999997,6615.6860000000015,20908.599999999973,19728.72000000005,32609.349999999802,9.656307364710395,9.621540345927569,0.008246829168722769,0.08540354876089946,215533.964,221184.74399999998,2172.152999999962,1.0078007937533047,0,7157.968285714285,7082.517500000001,7565.0808,8463.079655555555,1062.213050942634,1356.3250074348377,22412.957142857085,22601.86233333329,0.4021721241014578,-30.374963060987692,3.1996476060442856,6698.160000000001
2017-04-05,6698.160000000001,20649.51999999996,9.72794764628175,221097.117,229,118,329,118,2,5,14,4,2,2017,95,0,0.9749279121818236,-0.22252093395631434,0.8660254037844387,-0.4999999999999998,0.9979887423155984,-0.06339140486951038,6792.397999999998,6203.020000000002,6437.252000000001,7277.535000000001,6440.778,21733.279999999988,18342.53999999989,23153.689999999955,9.664554193879118,9.634310230045878,0.06339345240263228,0.6559376783543875,217706.11699999997,224156.154,3391.000000000029,1.5576043736061076,0,7194.3468571428575,7112.596142857142,7477.2373333333335,8465.043122222223,1041.5920523673192,1316.2786491448896,22699.322857142797,22239.326666666628,9.501468639469095,-6.666226957342045,3.082864547875828,6688.378000000001
2017-04-06,6688.378000000001,20253.41000000001,9.687521599062121,226839.43099999998,230,118,331,118,3,6,14,4,2,2017,96,0,0.43388373911755823,-0.900968867902419,0.8660254037844387,-0.4999999999999998,0.9967506498213929,-0.08054900421874167,6698.160000000001,6491.028000000001,6278.106999999999,7742.636,7182.927000000001,20649.51999999996,20039.349999999955,23621.989999999863,9.72794764628175,9.592034619333305,-0.04042604721962917,-0.4155660442424457,221097.117,226370.339,5742.313999999984,2.597190808236538,0,7265.081142857142,7131.2324285714285,7457.9248333333335,8467.902922222223,977.9172687066964,1323.5400059523452,23028.891428571376,22155.8543333333,3.1910507857923207,-13.489927719706824,3.0281497247912736,7433.910999999998
2017-04-07,7433.910999999998,22935.04999999997,9.678017102762015,219728.02099999998,234,118,332,118,4,7,14,4,2,2017,97,0,-0.433883739117558,-0.9009688679024191,0.8660254037844387,-0.4999999999999998,0.9952176027737294,-0.09768276782171598,6688.378000000001,7013.698,6706.140000000001,8124.020999999999,7394.900999999999,20253.41000000001,21477.999999999964,23869.919999999922,9.687521599062121,9.611587938964009,-0.009504496300106524,-0.09811071080374864,226839.43099999998,225835.439,-7111.4100000000035,-3.134997283607189,0,7293.273999999999,7160.537499999999,7422.7829,8462.407933333334,954.4455190725255,1329.701541431193,23059.47142857138,22043.5683333333,-4.638351979226931,-17.671581597339525,3.0851929758104415,8309.844999999998
2017-04-08,8309.844999999998,26730.759999999947,9.738317462642001,219005.499,240,118,330,118,5,8,14,4,2,2017,98,1,-0.9749279121818236,-0.2225209339563146,0.8660254037844387,-0.4999999999999998,0.9933900548258936,-0.11478762552212701,7433.910999999998,8321.247,8109.652000000001,6715.430999999999,7531.1900000000005,22935.04999999997,28025.399999999903,20057.569999999945,9.678017102762015,9.679242879108912,0.06030035987998694,0.6230652337117465,219728.02099999998,220975.90399999998,-722.5219999999681,-0.3288256075450514,0,7353.304428571429,7212.521142857143,7399.779233333333,8462.841377777777,947.1173768139346,1323.1049348559504,23267.62142857138,22012.40599999997,-10.663497910829967,10.698940991278143,3.2167579539690516,8740.949
2017-04-09,8740.949,26489.32999999989,9.733749541485489,214233.584,241,117,331,118,6,9,14,4,2,2017,99,1,-0.7818314824680299,0.6234898018587334,0.8660254037844387,-0.4999999999999998,0.9912685467787256,-0.13185851571739118,8309.844999999998,8974.996,8465.862999999998,8914.630000000001,6447.895999999999,26730.759999999947,28368.089999999844,20742.0,9.738317462642001,9.688652461424729,-0.004567921156512611,-0.046906677401265744,219005.499,217328.53900000002,-4771.915000000008,-2.178901909673057,0,7351.67557142857,7226.820642857143,7452.926366666666,8471.493100000002,945.1830884149243,1326.685551865229,23082.672857142818,22234.845666666635,-7.411156506365035,-6.784185097979427,3.0304867354791667,6902.324
2017-04-10,6902.324,21673.059999999972,9.671445703838287,211830.44400000002,224,117,328,118,0,10,15,4,2,2017,100,0,0.0,1.0,0.8660254037844387,-0.4999999999999998,0.9888537064205885,-0.1488903868564548,8740.949,6564.041,6681.156,11156.269,6197.542999999998,26489.32999999989,20908.599999999973,28980.969999999867,9.733749541485489,9.656307364710395,-0.06230383764720138,-0.6400805504770883,214233.584,215533.964,-2403.139999999985,-1.1217382238258147,0,7318.240285714285,7246.469642857142,7447.137,8496.971466666666,880.0864011519138,1320.4513510159752,22814.27857142854,22426.4233333333,33.164143855896086,-21.649890299346488,3.1399656115824137,6746.463000000001
2017-04-11,6746.463000000001,21049.08999999999,9.691616884538725,218724.06399999998,218,118,331,118,1,11,15,4,2,2017,101,0,0.7818314824680298,0.6234898018587336,0.8660254037844387,-0.4999999999999998,0.986146248341595,-0.16587819893463143,6902.324,6792.397999999998,6537.748,11082.86,6836.4000000000015,21673.059999999972,21733.279999999988,27753.4099999999,9.671445703838287,9.664554193879118,0.02017118070043722,0.2085642758913688,211830.44400000002,217706.11699999997,6893.619999999966,3.254310320002901,0,7366.566428571428,7262.267357142856,7305.338833333333,8504.802366666667,840.1522007471278,1121.8845098690847,22923.48714285711,22182.826333333305,1.6183680638266682,-37.720732735052145,3.1200185934466678,6138.058
2017-04-12,6138.058,18942.740000000013,9.708289694405106,220684.504,230,118,333,118,2,12,15,4,2,2017,102,0,0.9749279121818236,-0.22252093395631434,0.8660254037844387,-0.4999999999999998,0.9831469737221499,-0.1828169249850199,6746.463000000001,6698.160000000001,6203.020000000002,6982.599999999999,6945.934,21049.08999999999,20649.51999999996,21497.15000000002,9.691616884538725,9.72794764628175,0.016672809866381755,0.17203331564808652,218724.06399999998,221097.117,1960.4400000000023,0.8963074131614537,0,7360.004285714285,7277.175571428571,7160.792266666666,8503.803066666665,845.5463488426842,869.3236666682707,22825.74571428568,21959.348999999973,0.7211383424701691,-3.3817918826797877,3.0861129041139743,49942.462
2017-04-13,49942.462,104515.12100000004,9.7148670115855,223138.569,224,118,333,118,3,13,15,4,2,2017,103,0,0.43388373911755823,-0.900968867902419,0.8660254037844387,-0.4999999999999998,0.9798567700958665,-0.1997015525660636,6138.058,6688.378000000001,6491.028000000001,6354.204999999998,7290.061000000001,18942.740000000013,20253.41000000001,18271.829999999896,9.708289694405106,9.687521599062121,0.0065773171803940045,0.0677494943747354,220684.504,226839.43099999998,2454.0650000000023,1.112024159158906,0,7279.989714285714,7272.535428571428,7132.640866666666,8494.826666666668,939.857286453566,888.7504467647751,22581.919999999973,21874.201999999972,-8.2280038598297,-3.401637183565815,2.092710627681912,6591.912999999999
2017-04-14,6591.912999999999,21100.51999999999,9.750809214841965,224546.86899999998,218,118,331,118,4,14,15,4,2,2017,104,0,-0.433883739117558,-0.9009688679024191,0.8660254037844387,-0.4999999999999998,0.9762766110869321,-0.21652708524481437,49942.462,7433.910999999998,7013.698,6812.97,8487.05,104515.12100000004,22935.04999999997,19523.419999999936,9.7148670115855,9.678017102762015,0.03594220325646447,0.36997112995578285,223138.569,219728.02099999998,1408.2999999999884,0.6311324870063089,0,13459.14457142857,10376.209285714285,8585.582766666666,8968.742233333332,16112.949472305361,7860.091386387057,34619.30728571426,24748.97836666664,571.819476988627,633.0497859230261,3.200970643878339,8355.23
2017-04-15,8355.23,27393.32999999995,9.8155530375018,227029.16600000003,235,118,335,119,5,15,15,4,2,2017,105,1,-0.9749279121818236,-0.2225209339563146,0.8660254037844387,-0.4999999999999998,0.9724075561219968,-0.23328854407545518,6591.912999999999,8309.844999999998,8321.247,6595.313,9405.901000000003,21100.51999999999,26730.759999999947,19899.86000000004,9.750809214841965,9.738317462642001,0.06474382265983536,0.6639840984816632,224546.86899999998,219005.499,2482.2970000000496,1.1054694331988435,0,13338.859142857142,10346.081785714285,8578.214199999999,8947.685155555557,16168.472376601027,7861.913857792305,34357.23157142855,24801.548366666644,-20.67345419800248,-0.05155176107641071,3.2785847906042025,8510.669000000002
2017-04-16,8510.669000000002,28448.45999999992,9.854668961475536,229612.19800000003,245,117,335,119,6,16,15,4,2,2017,106,1,-0.7818314824680299,0.6234898018587334,0.8660254037844387,-0.4999999999999998,0.9682507501166718,-0.2499809690726521,8355.23,8740.949,8974.996,6658.240999999998,6644.070000000001,27393.32999999995,26489.32999999989,19621.99999999999,9.8155530375018,9.733749541485489,0.039115923973735534,0.39850962879307206,227029.16600000003,214233.584,2583.0320000000065,1.137753375705043,0,13345.342714285714,10348.509142857143,8636.8781,8936.011033333334,16166.128560898822,7853.168868202506,34451.88442857141,25051.330699999977,-4.412781724272741,25.487046804103393,3.342681991274706,7424.1320000000005
2017-04-17,7424.1320000000005,24184.27000000008,9.811209071682857,221174.41799999998,235,118,332,119,0,17,16,4,2,2017,107,0,0.0,1.0,0.8660254037844387,-0.4999999999999998,0.9638074231367307,-0.26659942067929354,8510.669000000002,6902.324,6564.041,8434.710000000001,8103.164999999998,28448.45999999992,21673.059999999972,26623.239999999914,9.854668961475536,9.671445703838287,-0.04345988979267901,-0.44100811465686995,229612.19800000003,211830.44400000002,-8437.780000000057,-3.674796057655463,0,13312.445571428572,10315.342928571428,8698.625699999999,8956.751022222223,16177.29030038944,7844.352499339449,34731.76014285713,25345.546033333307,23.301499610855736,0.9005525975404102,3.257521552687921,7016.826999999998
2017-04-18,7016.826999999998,22145.77000000002,9.826945985400515,221719.598,225,118,332,119,1,18,16,4,2,2017,108,0,0.7818314824680298,0.6234898018587336,0.8660254037844387,-0.4999999999999998,0.9590788900341131,-0.28313898122818354,7424.1320000000005,6746.463000000001,6792.397999999998,8697.754999999997,6613.67,24184.27000000008,21049.08999999999,27340.17999999998,9.811209071682857,9.691616884538725,0.015736913717658396,0.1603972925526409,221174.41799999998,218724.06399999998,545.1800000000221,0.24649324498280004,0,13386.98957142857,10376.778,8664.939766666666,8949.206211111112,16143.99790055048,7847.694056908771,35090.50442857143,25264.24703333331,10.044804218151048,-14.643123426677313,3.156094627956486,6243.674
2017-04-19,6243.674,19166.819999999967,9.85427924307646,224085.17299999998,226,118,331,119,2,19,16,4,2,2017,109,0,0.9749279121818236,-0.22252093395631434,0.8660254037844387,-0.4999999999999998,0.9540665500578387,-0.2995947563972602,7016.826999999998,6138.058,6698.160000000001,6820.300999999998,6739.452000000001,22145.77000000002,18942.740000000013,21020.57999999997,9.826945985400515,9.708289694405106,0.027333257675945077,0.27814600504116904,221719.598,220684.504,2365.5749999999825,1.0669219236091085,0,13425.613,10392.808642857142,8608.908833333333,8953.685733333334,16125.776182527401,7853.450314004976,35247.173,25091.10003333331,14.316726886582018,2.881485729148916,3.069798327074727,6858.4710000000005
2017-04-20,6858.4710000000005,24250.7900000001,9.911015021145376,225451.044,240,118,332,119,3,20,16,4,2,2017,110,0,0.43388373911755823,-0.900968867902419,0.8660254037844387,-0.4999999999999998,0.9487718864399473,-0.31596187665790293,6243.674,49942.462,6688.378000000001,6371.297,12215.413000000002,19166.819999999967,104515.12100000004,19106.379999999997,9.85427924307646,9.7148670115855,0.05673577806891572,0.5757476185666023,224085.17299999998,223138.569,1365.8710000000137,0.6095320728783844,0,13440.701000000001,10360.345357142856,8589.687933333333,8948.17708888889,16117.868662457082,7858.6826739979,35279.18442857143,25029.308033333313,-87.4982655040114,-2.0030929338249277,3.535888684227155,7639.901
2017-04-21,7639.901,24754.910000000047,9.919167213113845,224461.322,242,118,333,119,4,21,16,4,2,2017,111,0,-0.433883739117558,-0.9009688679024191,0.8660254037844387,-0.4999999999999998,0.9431964659565866,-0.33223549871590435,6858.4710000000005,6591.912999999999,7433.910999999998,6437.252000000001,13058.422000000004,24250.7900000001,21100.51999999999,17677.96999999996,9.911015021145376,9.750809214841965,0.008152191968468614,0.08225385544342055,225451.044,224546.86899999998,-989.7220000000088,-0.4389964146717408,0,7285.8451428571425,10372.494857142856,8605.927066666667,8888.65551111111,864.6369794731977,7854.44273622144,23812.85142857144,25200.78836666665,4.043712348752204,6.543459849016305,3.240213453027735,8681.442
2017-04-22,8681.442,30641.440000000166,9.945633802815985,224126.617,253,118,334,120,5,22,16,4,2,2017,112,1,-0.9749279121818236,-0.2225209339563146,0.8660254037844387,-0.4999999999999998,0.9373419384643772,-0.3484108069446808,7639.901,8355.23,8309.844999999998,6278.106999999999,8678.827999999998,24754.910000000047,27393.32999999995,18445.870000000006,9.919167213113845,9.8155530375018,0.026466589702140553,0.26682269925997254,224461.322,227029.16600000003,-334.7049999999872,-0.14911477711068066,0,7435.557714285714,10387.208428571428,8646.015366666667,8828.449722222222,813.6849708185372,7846.056977791262,24334.907142857155,25436.68636666665,-8.561451928911588,21.691156267327095,3.5295334576905737,9132.985999999999
2017-04-23,9132.985999999999,33514.29000000017,9.907705171650782,217926.044,258,117,333,120,6,23,16,4,2,2017,113,1,-0.7818314824680299,0.6234898018587334,0.8660254037844387,-0.4999999999999998,0.9312100364121947,-0.3644830148102912,8681.442,8510.669000000002,8740.949,6706.140000000001,7196.719000000002,30641.440000000166,28448.45999999992,20178.470000000038,9.945633802815985,9.854668961475536,-0.03792863116520273,-0.3813596188758096,224126.617,229612.19800000003,-6200.573000000004,-2.766549142175293,0,7482.159428571429,10413.75107142857,8726.126533333334,8828.478766666665,881.639371878138,7833.305163842003,24798.922857142905,25843.205366666658,2.0065755112788124,29.45512619778289,3.6695873616799775,6366.459
2017-04-24,6366.459,20665.630000000132,9.805733186327698,215453.894,248,118,334,120,0,24,17,4,2,2017,114,0,0.0,1.0,0.8660254037844387,-0.4999999999999998,0.9248025743285089,-0.38044736628785164,9132.985999999999,7424.1320000000005,6902.324,8109.652000000001,6805.188,33514.29000000017,24184.27000000008,24597.480000000083,9.907705171650782,9.811209071682857,-0.10197198532308427,-1.0292190124395284,217926.044,221174.41799999998,-2472.149999999994,-1.1343986035923244,0,7571.061857142857,10441.753714285715,8807.0214,8849.992844444445,1022.7250225131553,7824.251189363697,25522.612857142936,26287.732699999997,23.017559493823633,12.618716561450452,3.2460163491196807,6360.747
2017-04-25,6360.747,19084.990000000027,9.740813638690879,217440.73299999998,229,119,334,120,1,25,17,4,2,2017,115,0,0.7818314824680298,0.6234898018587336,0.8660254037844387,-0.4999999999999998,0.9181214482844364,-0.39629913726891813,6366.459,7016.826999999998,6746.463000000001,8465.862999999998,6758.401,20665.630000000132,22145.77000000002,26470.759999999977,9.805733186327698,9.826945985400515,-0.06491954763681917,-0.6620570476804082,215453.894,221719.598,1986.8389999999781,0.9221643494640102,0,7419.965714285713,10403.477642857144,8748.914966666665,8845.118077777777,1121.4178659075433,7836.07269591421,25019.95000000009,26156.671033333332,-9.268690819938966,-24.79846413767856,3.000432181943414,6197.844
2017-04-26,6197.844,17408.87999999997,9.72685339777301,218498.085,217,119,332,120,2,26,17,4,2,2017,116,0,0.9749279121818236,-0.22252093395631434,0.8660254037844387,-0.4999999999999998,0.9111686353326631,-0.41203363695942635,6360.747,6243.674,6138.058,6681.156,6824.391000000001,19084.990000000027,19166.819999999967,20101.080000000045,9.740813638690879,9.85427924307646,-0.013960240917869626,-0.1433169900963819,217440.73299999998,224085.17299999998,1057.3520000000135,0.48627135560659357,0,7326.239999999999,10375.9265,8678.744433333333,8840.6997,1186.2686651126114,7848.110983526312,24582.695714285805,25910.478699999996,1.8750658666676114,-4.7957119995401944,2.8088606295995784,6126.283999999999
2017-04-27,6126.283999999999,17925.309999999943,9.737586788989937,220458.84,222,119,331,120,3,27,17,4,2,2017,117,0,0.43388373911755823,-0.900968867902419,0.8660254037844387,-0.4999999999999998,0.9039461929224011,-0.42764620926777464,6197.844,6858.4710000000005,49942.462,6537.748,7033.8719999999985,17408.87999999997,24250.7900000001,19728.72000000005,9.72685339777301,9.911015021145376,0.010733391216927402,0.11034803114627842,218498.085,225451.044,1960.7550000000047,0.8973785742790399,0,7319.692857142857,10380.196928571428,8662.634033333334,8833.738066666667,1193.3446280567346,7852.8476173628615,24331.561428571524,25820.738699999994,-9.632278098135872,-5.199099139336657,2.92596784608744,6554.007999999999
2017-04-28,6554.007999999999,19853.870000000054,9.74011674865904,223814.09000000003,242,120,335,120,4,28,17,4,2,2017,118,0,-0.433883739117558,-0.9009688679024191,0.8660254037844387,-0.4999999999999998,0.8964562582905575,-0.44313223418263453,6126.283999999999,7639.901,6591.912999999999,6203.020000000002,8274.297999999999,17925.309999999943,24754.910000000047,18342.53999999989,9.737586788989937,9.919167213113845,0.0025299596691024107,0.02598138249163517,220458.84,224461.322,3355.250000000029,1.5219394241573752,0,7215.094714285714,7250.469928571429,8648.918566666665,8823.653755555555,1270.1274284002486,7857.045032765584,23427.921428571495,25760.625033333326,-19.81199756384279,-1.2370748441888546,3.029271554139094,7773.727000000001
2017-04-29,7773.727000000001,22644.040000000074,9.783006818680807,221620.61000000002,236,120,335,120,5,29,17,4,2,2017,119,1,-0.9749279121818236,-0.2225209339563146,0.8660254037844387,-0.4999999999999998,0.8887010478292915,-0.45848712914008766,6554.007999999999,8681.442,8355.23,6491.028000000001,8592.489000000001,19853.870000000054,30641.440000000166,20039.349999999955,9.74011674865904,9.945633802815985,0.04289007002176781,0.4403445166883925,223814.09000000003,224126.617,-2193.4800000000105,-0.9800455369007421,0,7059.967142857143,7247.762428571428,8660.618166666665,8804.539422222222,1275.8961181426696,7853.537895542604,22727.77285714293,25811.0027,-24.505537213748596,0.9702623374910374,2.9128936480532532,7434.728000000001
2017-04-30,7434.728000000001,24685.41000000014,9.779334354038168,216894.975,241,119,338,120,6,30,17,4,2,2017,120,1,-0.7818314824680299,0.6234898018587334,0.8660254037844387,-0.4999999999999998,0.8806828564301475,-0.47370635037968,7773.727000000001,9132.985999999999,8510.669000000002,7013.698,6853.275000000001,22644.040000000074,33514.29000000017,21477.999999999964,9.783006818680807,9.907705171650782,-0.0036724646426389285,-0.03753922194581628,221620.61000000002,217926.044,-4725.635000000009,-2.132308452720173,0,6930.293571428571,7206.2265,8703.3748,8795.442066666667,1120.2701460795115,7844.805611499887,21585.2871428572,25897.8257,-14.88296379738235,10.836351950141001,3.3202842121460447,7303.5740000000005
2017-05-01,7303.5740000000005,24043.73000000014,9.73856831869875,217884.094,240,120,334,120,0,1,18,5,2,2017,121,0,0.0,1.0,0.49999999999999994,-0.8660254037844387,0.8724040568049612,-0.48878539428899265,7434.728000000001,6366.459,7424.1320000000005,8321.247,7185.482,24685.41000000014,20665.630000000132,28025.399999999903,9.779334354038168,9.805733186327698,-0.04076603533941814,-0.41685899943266247,216894.975,215453.894,989.119000000006,0.4560359224550989,0,6687.685285714286,7129.373571428571,8717.409133333333,8801.902655555556,648.1537750852772,7842.054677811369,20324.018571428627,26004.739366666672,16.779641555847626,-10.653679670847392,3.2920498922856316,6098.486000000002
2017-05-02,6098.486000000002,19872.580000000125,9.785655826753617,220242.72899999996,234,120,334,120,1,2,18,5,2,2017,122,0,0.7818314824680298,0.6234898018587336,0.49999999999999994,-0.8660254037844387,0.8638670987837349,-0.503719798736334,7303.5740000000005,6360.747,7016.826999999998,8974.996,6954.705000000001,24043.73000000014,19084.990000000027,28368.089999999844,9.73856831869875,9.740813638690879,0.047087508054866944,0.48351571313060004,217884.094,217440.73299999998,2358.634999999951,1.0825182126419706,0,6821.558857142857,7120.762285714285,8683.4867,8803.214788888889,667.2452755927671,7846.02752315172,20806.60428571434,25872.017033333348,14.822582945053469,-18.62309465096139,3.2586087760142632,6266.006
2017-05-03,6266.006,19087.3200000001,9.820578745568037,216046.479,226,120,335,120,2,3,18,5,2,2017,123,0,0.9749279121818236,-0.22252093395631434,0.49999999999999994,-0.8660254037844387,0.8550745085896932,-0.518505144391157,6098.486000000002,6197.844,6243.674,6564.041,20555.327000000005,19872.580000000125,17408.87999999997,20908.599999999973,9.785655826753617,9.72685339777301,0.03492291881442,0.3568786745896177,220242.72899999996,218498.085,-4196.249999999971,-1.9052842375559067,0,6784.093,7055.1665,8587.603033333333,8793.701244444444,703.7943002869455,7859.906399259704,20919.11714285721,25588.83336666669,-1.6031058542292829,-7.092505973073576,3.046170080271245,6105.223
2017-05-04,6105.223,18967.80000000004,9.838387796413139,218076.884,214,120,336,120,3,4,18,5,2,2017,124,0,0.43388373911755823,-0.900968867902419,0.49999999999999994,-0.8660254037844387,0.8460288880917339,-0.533137056031809,6266.006,6126.283999999999,6858.4710000000005,6792.397999999998,7364.126,19087.3200000001,17925.309999999943,21733.279999999988,9.820578745568037,9.737586788989937,0.017809050845102092,0.18134420899724674,216046.479,220458.84,2030.4049999999988,0.9398000881097437,0,6793.8304285714285,7056.761642857143,8577.668533333333,8634.93101111111,694.7446808792495,7862.740108065144,21158.894285714374,25528.124033333363,2.28069740155699,-7.749722557482618,3.106815262931434,6623.181999999999
2017-05-05,6623.181999999999,20771.740000000096,9.830775165848454,219154.62899999996,227,120,337,120,4,5,18,5,2,2017,125,0,-0.433883739117558,-0.9009688679024191,0.49999999999999994,-0.8660254037844387,0.8367329140344921,-0.5476112038402312,6105.223,6554.007999999999,7639.901,6698.160000000001,8318.418000000003,18967.80000000004,19853.870000000054,20649.51999999996,9.838387796413139,9.74011674865904,-0.0076126305646848635,-0.07737680931280491,218076.884,223814.09000000003,1077.7449999999662,0.4942041449931788,0,6790.821714285715,7002.958214285715,8554.7627,8620.9432,698.1546652323029,7869.118677209913,21307.82142857153,25435.9413666667,-6.847489353079811,-8.852237032259616,3.1362176065824703,8259.666000000001
2017-05-06,8259.666000000001,26183.24000000001,9.855702198436964,219847.73899999997,236,120,339,122,5,6,18,5,2,2017,126,1,-0.9749279121818236,-0.2225209339563146,0.49999999999999994,-0.8660254037844387,0.8271893372462497,-0.5619233046832195,6623.181999999999,7773.727000000001,8681.442,6688.378000000001,9572.847,20771.740000000096,22644.040000000074,20253.41000000001,9.830775165848454,9.783006818680807,0.02492703258850959,0.2535612112776688,219154.62899999996,221620.61000000002,693.1100000000151,0.31626527952554234,0,6800.703714285715,6930.335428571429,8552.263433333334,8602.107244444445,694.7251711501671,7869.740557764873,21438.945714285823,25440.015366666703,-14.800429703795897,-0.9747654812572155,3.170011959321358,8173.909000000001
2017-05-07,8173.909000000001,26706.060000000038,9.87719368161629,215151.52899999998,240,119,335,122,6,7,18,5,2,2017,127,1,-0.7818314824680299,0.6234898018587334,0.49999999999999994,-0.8660254037844387,0.8174009818249189,-0.5760691233798758,8259.666000000001,7434.728000000001,9132.985999999999,7433.910999999998,7134.067999999998,26183.24000000001,24685.41000000014,22935.04999999997,9.855702198436964,9.779334354038168,0.02149148317932692,0.2180614100001449,219847.73899999997,216894.975,-4696.209999999992,-2.1361193075540306,0,6870.123571428572,6900.208571428571,8604.6397,8587.516344444444,820.9670315357841,7862.132998066844,21944.54571428581,25637.676366666703,11.095738808467505,11.107948427146935,3.26723236091814,6956.782000000001
2017-05-08,6956.782000000001,24545.67000000012,9.814781353729721,213421.84399999998,232,120,336,122,0,8,19,5,2,2017,128,0,0.0,1.0,0.49999999999999994,-0.8660254037844387,0.8073707443023492,-0.5900444739548627,8173.909000000001,7303.5740000000005,6366.459,8309.844999999998,6681.814999999999,26706.060000000038,24043.73000000014,26730.759999999947,9.87719368161629,9.73856831869875,-0.062412327886569585,-0.6318832038571154,215151.52899999998,217884.094,-1729.6849999999977,-0.8039380468451134,0,6975.720857142858,6831.703071428572,8629.3063,8599.070133333333,944.0112973329301,7859.493695002433,22233.210000000083,25763.376700000037,11.916563041601275,-1.6358427864779308,3.528308059674734,6881.751000000001
2017-05-09,6881.751000000001,22709.16000000005,9.816205328134176,217786.564,235,120,336,122,1,9,19,5,2,2017,129,0,0.7818314824680298,0.6234898018587336,0.49999999999999994,-0.8660254037844387,0.7971015927871943,-0.6038452208771035,6956.782000000001,6098.486000000002,6360.747,8740.949,20698.824999999993,24545.67000000012,19872.580000000125,26489.32999999989,9.814781353729721,9.785655826753617,0.001423974404454853,0.01450846792337078,213421.84399999998,220242.72899999996,4364.72000000003,2.0451139949854573,0,6926.179142857144,6873.869,8584.2042,8602.125322222222,932.9732314667633,7865.27034224391,22304.915714285795,25690.540366666715,14.073919330141926,-20.41159375257766,3.299910153680371,6803.144999999998
2017-05-10,6803.144999999998,21608.250000000073,9.80152565679862,220225.829,230,120,336,122,2,10,19,5,2,2017,130,0,0.9749279121818236,-0.22252093395631434,0.49999999999999994,-0.8660254037844387,0.7865965660866021,-0.6174672802835514,6881.751000000001,6266.006,6197.844,6902.324,6583.738,22709.16000000005,19087.3200000001,21673.059999999972,9.816205328134176,9.820578745568037,-0.014679671335555255,-0.14954527584587013,217786.564,216046.479,2439.264999999985,1.12002547595176,0,7038.074142857143,6911.083571428571,8522.230933333334,8448.602277777778,861.3834596905932,7871.315025158495,22710.141428571496,25564.53470000005,9.826754075881842,-0.29805903055258637,3.1762148241732433,6324.47
2017-05-11,6324.47,20711.400000000034,9.772690608933923,221666.651,236,120,334,122,3,11,19,5,2,2017,131,0,0.43388373911755823,-0.900968867902419,0.49999999999999994,-0.8660254037844387,0.7758587728069828,-0.6309066211876704,6803.144999999998,6105.223,6126.283999999999,6746.463000000001,7276.125999999999,21608.250000000073,18967.80000000004,21049.08999999999,9.80152565679862,9.838387796413139,-0.028835047864697927,-0.29418938310585463,220225.829,218076.884,1440.8220000000147,0.6542475088151511,0,7114.808285714286,6954.319357142857,8518.924966666666,8451.040133333334,803.095508222174,7872.039644174831,23070.27428571435,25562.374366666718,11.431556226529281,0.8401735842914584,3.2748040547271207,6590.9839999999995
2017-05-12,6590.9839999999995,22555.250000000102,9.804213362067978,224301.95599999998,231,121,334,122,4,12,19,5,2,2017,132,0,-0.433883739117558,-0.9009688679024191,0.49999999999999994,-0.8660254037844387,0.7648913904341225,-0.6441592666722685,6324.47,6623.181999999999,6554.007999999999,6138.058,9729.607,20711.400000000034,20771.740000000096,18942.740000000013,9.772690608933923,9.830775165848454,0.03152275313405539,0.32255961429125946,221666.651,219154.62899999996,2635.304999999964,1.1888594825208794,0,7146.129285714285,6968.4755000000005,8504.858533333334,8440.466177777778,760.293747333642,7875.692223249861,23319.360000000066,25551.118033333387,-4.510098016331103,3.0369866169397595,3.422136967712272,7698.615
2017-05-13,7698.615,27305.28999999997,9.846651283529438,224485.084,242,121,336,123,5,13,19,5,2,2017,133,1,-0.9749279121818236,-0.2225209339563146,0.49999999999999994,-0.8660254037844387,0.753697664392914,-0.6572212950663319,6590.9839999999995,8259.666000000001,7773.727000000001,49942.462,9795.147,22555.250000000102,26183.24000000001,104515.12100000004,9.804213362067978,9.855702198436964,0.04243792146145964,0.4328539159056848,224301.95599999998,219847.73899999997,183.12800000002608,0.08164351451309952,0,7141.529571428572,6971.116642857143,8519.956066666668,8405.592588888889,764.072838633211,7871.431637661041,23574.147142857204,25671.53503333339,-20.20277817529185,-86.80284524219091,3.546779518134102,7845.408999999999
2017-05-14,7845.408999999999,26139.859999999975,9.86260633680456,220281.99399999998,243,120,335,123,6,14,19,5,2,2017,134,1,-0.7818314824680299,0.6234898018587334,0.49999999999999994,-0.8660254037844387,0.742280907086982,-0.6700888411055113,7698.615,8173.909000000001,7434.728000000001,6591.912999999999,6984.8189999999995,27305.28999999997,26706.060000000038,21100.51999999999,9.846651283529438,9.87719368161629,0.01595505327512292,0.16203532364156176,224485.084,215151.52899999998,-4203.090000000026,-1.8723248445317757,0,7061.3794285714275,6965.7515,7111.827833333333,8382.297788888889,647.8156374116109,874.7313768988474,23734.44000000006,23097.874000000058,-5.814769897731926,16.78878346847116,3.3318670830290658,6270.764
2017-05-15,6270.764,20184.24000000002,9.81481604147068,220949.27399999998,220,120,336,123,0,15,20,5,2,2017,135,0,0.0,1.0,0.49999999999999994,-0.8660254037844387,0.7306444969184916,-0.6827580970759147,7845.408999999999,6956.782000000001,7303.5740000000005,8355.23,7121.119999999999,26139.859999999975,24545.67000000012,27393.32999999995,9.86260633680456,9.814781353729721,-0.047790295333880906,-0.48456050765749964,220281.99399999998,213421.84399999998,667.2799999999988,0.30292080976895414,0,7014.450857142857,6995.085857142856,7153.611033333334,8391.859900000001,559.6955848654409,878.9678368896969,23653.554285714337,23265.852000000057,12.773535235112982,-6.101818860761473,3.218784824305303,6131.152999999999
2017-05-16,6131.152999999999,18430.369999999995,9.821138392856176,223596.274,225,121,335,123,1,16,20,5,2,2017,136,0,0.7818314824680298,0.6234898018587336,0.49999999999999994,-0.8660254037844387,0.7187918772884232,-0.6952253139408722,6270.764,6881.751000000001,6098.486000000002,8510.669000000002,6666.801000000001,20184.24000000002,22709.16000000005,28448.45999999992,9.81481604147068,9.816205328134176,0.00632235138549575,0.0644164022920229,220949.27399999998,217786.564,2647.000000000029,1.1980125356736993,0,6916.448285714286,6921.313714285715,7084.128833333333,8382.4115,627.4376200951208,862.9469706410273,23030.492857142897,23025.549000000057,-8.878365404386193,-26.3187888049694,3.006020237955242,6383.297000000001
2017-05-17,6383.297000000001,19218.639999999996,9.840125206878204,225974.274,229,121,335,123,2,17,20,5,2,2017,137,0,0.9749279121818236,-0.22252093395631434,0.49999999999999994,-0.8660254037844387,0.7067265555776158,-0.7074868024503348,6131.152999999999,6803.144999999998,6266.006,7424.1320000000005,6448.873999999999,18430.369999999995,21608.250000000073,24184.27000000008,9.821138392856176,9.80152565679862,0.018986814022028398,0.19332600012885745,223596.274,220225.829,2378.0,1.063523983409491,0,6809.22,6923.647071428571,7004.811633333334,8376.459855555555,694.8701617319529,836.2489378447165,22419.23714285717,22691.612666666726,-9.877666873188778,-17.41589454497847,3.0107701396316027,6707.690000000002
2017-05-18,6707.690000000002,21810.020000000186,9.876628575534422,226992.274,219,121,337,123,3,18,20,5,2,2017,138,0,0.43388373911755823,-0.900968867902419,0.49999999999999994,-0.8660254037844387,0.6944521021088763,-0.719538934232584,6383.297000000001,6324.47,6105.223,7016.826999999998,7167.481,19218.639999999996,20711.400000000034,22145.77000000002,9.840125206878204,9.772690608933923,0.03650336865621817,0.37096447340631883,225974.274,221666.651,1018.0,0.4504937584178277,0,6749.241714285714,6932.025000000001,6970.117133333333,8375.73122222222,713.355799840417,839.8356964718956,22077.864285714306,22526.091666666725,0.9301490875915472,-9.028724806810787,3.2514949259730517,7516.187
2017-05-19,7516.187,24953.510000000122,9.907682095442109,227391.274,237,121,339,123,4,19,20,5,2,2017,139,0,-0.433883739117558,-0.9009688679024191,0.49999999999999994,-0.8660254037844387,0.6819721490904629,-0.7313781428679254,6707.690000000002,6590.9839999999995,6623.181999999999,6243.674,8713.753,21810.020000000186,22555.250000000102,19166.819999999967,9.876628575534422,9.804213362067978,0.031053519907686677,0.3144141714978522,226992.274,224301.95599999998,399.0,0.1757769077197755,0,6803.987428571428,6975.058357142857,6959.8125666666665,8370.622433333334,689.6345488819973,841.1383210868736,22234.810000000038,22514.900000000063,1.7706915993120735,7.431778148570895,3.319969287618858,7003.841000000001
2017-05-20,7003.841000000001,23865.590000000186,10.012056457404588,231455.274,228,121,340,124,5,20,20,5,2,2017,140,1,-0.9749279121818236,-0.2225209339563146,0.49999999999999994,-0.8660254037844387,0.6692903895412567,-0.7430009249440493,7516.187,7698.615,8259.666000000001,6858.4710000000005,8830.007,24953.510000000122,27305.28999999997,24250.7900000001,9.907682095442109,9.846651283529438,0.10437436196247951,1.05346902491447,227391.274,224485.084,4064.0,1.7872277719856566,0,6936.159285714285,7038.8444285714295,7002.229666666667,8357.316144444445,729.514317461256,835.8480791893608,22577.418571428618,22707.789666666733,-2.3696210292370754,9.58983423564814,3.4075002559310215,7891.652
2017-05-21,7891.652,26906.290000000175,10.034628218034424,228249.279,237,120,342,124,6,21,20,5,2,2017,141,1,-0.7818314824680299,0.6234898018587334,0.49999999999999994,-0.8660254037844387,0.6564105761979381,-0.7544038410927472,7003.841000000001,7845.408999999999,8173.909000000001,7639.901,6906.085000000002,23865.590000000186,26139.859999999975,24754.910000000047,10.012056457404588,9.86260633680456,0.02257176062983568,0.22544579853165275,231455.274,220281.99399999998,-3205.9949999999953,-1.3851466612076402,0,6836.905857142857,6949.142642857143,7007.075333333332,8337.025411111112,651.5916708216887,835.4071887747992,22086.03285714293,22694.949666666736,-10.7268849845814,-8.325500552952173,3.409462302696593,6300.482999999999
2017-05-22,6300.482999999999,22339.000000000146,9.977003796288717,230431.279,222,121,338,124,0,22,21,5,2,2017,142,0,0.0,1.0,0.49999999999999994,-0.8660254037844387,0.6433365204044917,-0.765583517007675,7891.652,6270.764,6956.782000000001,8681.442,6527.474999999999,26906.290000000175,20184.24000000002,30641.440000000166,10.034628218034424,9.81481604147068,-0.057624421745707366,-0.5742556723939575,228249.279,220949.27399999998,2182.0,0.9559723516147448,0,6843.512000000001,6928.981428571429,7015.467033333333,8347.976155555554,663.6434260655774,843.2111221006743,22195.522857142958,22766.662333333406,25.848333632074176,-9.097451782779856,3.545601186448745,6306.161
2017-05-23,6306.161,22394.100000000126,9.960765727297654,235989.279,221,122,340,124,1,23,21,5,2,2017,143,0,0.7818314824680298,0.6234898018587336,0.49999999999999994,-0.8660254037844387,0.6300720909843687,-0.7765366444428655,6300.482999999999,6131.152999999999,6881.751000000001,9132.985999999999,6145.235000000001,22339.000000000146,18430.369999999995,33514.29000000017,9.977003796288717,9.821138392856176,-0.01623806899106306,-0.16275496454259503,230431.279,223596.274,5558.0,2.411998937001951,0,6847.757571428571,6882.102928571429,6936.101733333333,8345.454022222222,659.4504822148085,791.4610877583439,22503.34571428583,22489.914333333403,2.7617970062074773,-31.013986006329148,3.551146252054162,6262.035
2017-05-24,6262.035,21327.94000000015,9.975365038742185,236947.279,234,122,341,124,2,24,21,5,2,2017,144,0,0.9749279121818236,-0.22252093395631434,0.49999999999999994,-0.8660254037844387,0.6166212130956382,-0.7872599821916922,6306.161,6383.297000000001,6803.144999999998,6366.459,6186.529999999998,22394.100000000126,19218.639999999996,20665.630000000132,9.960765727297654,9.840125206878204,0.014599311444531082,0.14656816397680564,235989.279,225974.274,958.0,0.4059506449019661,0,6872.758714285715,6840.989357142857,6841.874233333333,8347.24208888889,630.4335763771066,681.5314687330784,23069.592857142994,22119.241333333408,-1.2084037449612843,-0.9471198982040061,3.4059119758992327,6227.056
2017-05-25,6227.056,22514.15000000012,9.980493107857475,240701.029,229,122,343,124,3,25,21,5,2,2017,145,0,0.43388373911755823,-0.900968867902419,0.49999999999999994,-0.8660254037844387,0.6029878670694714,-0.7977503570459932,6262.035,6707.690000000002,6324.47,6360.747,34757.61600000001,21327.94000000015,21810.020000000186,19084.990000000027,9.975365038742185,9.876628575534422,0.005128069115290401,0.051407332918385215,236947.279,226992.274,3753.75,1.5842131700529043,0,6855.435571428572,6802.338642857142,6838.393433333334,8348.081033333332,647.558107023617,684.3043171768292,23370.92142857159,22141.31833333341,-6.6439415059432125,-1.551893197449929,3.61553678014139,8058.819999999999
2017-05-26,8058.819999999999,33759.93000000023,9.99000354107544,241160.009,235,122,344,124,4,26,21,5,2,2017,146,0,-0.433883739117558,-0.9009688679024191,0.49999999999999994,-0.8660254037844387,0.5891760872322963,-0.8080046647350754,6227.056,7516.187,6590.9839999999995,6197.844,8550.053,22514.15000000012,24953.510000000122,17408.87999999997,9.980493107857475,9.907682095442109,0.009510433217965186,0.09529021377188049,240701.029,227391.274,458.9799999999814,0.1906846854402028,0,6786.773571428572,6795.380499999999,6833.937066666667,8031.07481111111,689.9299302629775,687.9477506899391,23471.51142857158,22255.623666666743,-17.15139604695839,0.4713251898563361,4.189190228842466,8288.611
2017-05-27,8288.611,39170.41000000006,10.040586812716782,242953.029,246,122,344,124,5,27,21,5,2,2017,147,1,-0.9749279121818236,-0.2225209339563146,0.49999999999999994,-0.8660254037844387,0.5751899607119775,-0.8180198708443174,8058.819999999999,7003.841000000001,7698.615,6126.283999999999,8566.893999999998,33759.93000000023,23865.590000000186,17925.309999999943,9.99000354107544,10.012056457404588,0.05058327164134191,0.5063388759909943,241160.009,231455.274,1793.0200000000186,0.7434980648056032,0,6864.292571428572,6900.225928571429,6895.969599999999,8025.616666666667,806.2271858446665,712.091961270074,24729.571428571595,22800.658666666754,15.06286336311743,31.544995302209305,4.725811116000022,8082.8859999999995
2017-05-28,8082.8859999999995,33826.03000000036,10.046139136638269,238369.519,230,121,343,124,6,28,21,5,2,2017,148,1,-0.7818314824680299,0.6234898018587334,0.49999999999999994,-0.8660254037844387,0.5610336262283677,-0.8277930117131022,8288.611,7891.652,7845.408999999999,6554.007999999999,34455.141,39170.41000000006,26906.290000000175,19853.870000000054,10.040586812716782,10.034628218034424,0.005552323921486746,0.05529879901495915,242953.029,228249.279,-4583.510000000009,-1.8865827764592347,0,7047.831142857142,6942.3685,6968.047166666667,8022.524633333334,972.4040674883404,740.3715925246544,26915.974285714434,23508.828666666755,5.030112833155856,26.466293602327035,4.184895098112279,5987.697000000001
2017-05-29,5987.697000000001,23708.800000000054,9.989401508681057,237509.519,230,122,342,124,0,29,22,5,2,2017,149,0,0.0,1.0,0.49999999999999994,-0.8660254037844387,0.5467112728685939,-0.8373211953118121,8082.8859999999995,6300.482999999999,6270.764,7773.727000000001,6426.421,33826.03000000036,22339.000000000146,22644.040000000074,10.046139136638269,9.977003796288717,-0.0567376279572116,-0.564770477349746,238369.519,230431.279,-860.0,-0.36078438367784765,0,7075.150285714286,6959.331142857142,7019.009766666667,7729.499577777777,1002.2889297492833,763.1575593256017,27904.50857142875,23974.56733333343,28.28994221554126,3.976972692763699,3.959585797344129,5868.051
2017-05-30,5868.051,22115.310000000136,9.988462303701116,241833.519,225,122,339,124,1,30,22,5,2,2017,150,0,0.7818314824680298,0.6234898018587336,0.49999999999999994,-0.8660254037844387,0.5322271388474397,-0.8466016020976267,5987.697000000001,6306.161,6131.152999999999,7434.728000000001,5946.691000000001,23708.800000000054,22394.100000000126,24685.41000000014,9.989401508681057,9.960765727297654,-0.0009392049799412661,-0.009402014516335858,237509.519,235989.279,4324.0,1.8205586109582412,0,7030.466571428572,6939.112071428572,6959.475433333334,7724.624866666667,1048.4883878697358,771.8663491008613,28100.19428571445,24010.059333333433,-5.05004550311987,-19.46313301576063,3.7687658133850803,6820.258000000002
2017-05-31,6820.258000000002,49132.06899999981,9.9838116560047,240934.019,224,122,340,124,2,31,22,5,2,2017,151,0,0.9749279121818236,-0.22252093395631434,0.49999999999999994,-0.8660254037844387,0.5175855102531889,-0.8556314858488706,5868.051,6262.035,6383.297000000001,7303.5740000000005,7151.697,22115.310000000136,21327.94000000015,24043.73000000014,9.988462303701116,9.975365038742185,-0.004650647696415433,-0.046560196705074275,241833.519,236947.279,-899.5,-0.37195009348559327,0,6967.879428571429,6920.319071428572,6907.252866666667,7723.751088888889,1110.1905800151358,791.3558544507455,28060.367142857307,23924.38933333343,-6.291628839506639,-19.65507572046234,7.203843168396239,5875.973000000001
2017-06-01,5875.973000000001,22221.54000000011,9.997384571871963,237615.82400000002,224,122,341,124,3,1,22,6,2,2017,152,0,0.43388373911755823,-0.900968867902419,1.2246467991473532e-16,-1.0,0.5027907197793043,-0.8644081744776648,6820.258000000002,6227.056,6707.690000000002,6098.486000000002,7132.979000000001,49132.06899999981,22514.15000000012,19872.580000000125,9.9838116560047,9.980493107857475,0.013572915867262836,0.13594923797565323,240934.019,240701.029,-3318.194999999978,-1.3772214541442476,0,7047.625571428572,6951.530571428571,6891.142333333334,7720.068433333333,1070.373637369218,787.9215292278492,32032.385571428684,24760.66730000009,9.526203072527405,11.835265342906414,3.7817634628341734,6349.397999999999
2017-06-02,6349.397999999999,24325.050000000036,10.031672893900964,237696.82400000002,219,123,342,125,4,2,22,6,2,2017,153,0,-0.433883739117558,-0.9009688679024191,1.2246467991473532e-16,-1.0,0.4878471454423119,-0.8729290708206411,5875.973000000001,8058.819999999999,7516.187,6266.006,9020.921999999999,22221.54000000011,33759.93000000023,19087.3200000001,9.997384571871963,9.99000354107544,0.034288322029000895,0.34297292239284705,237615.82400000002,241160.009,81.0,0.03408863881051962,0,6997.470857142857,6892.122214285715,6883.725233333334,7706.1017,1122.202091163857,796.6395815050679,31990.584142857257,24838.965966666754,-27.086434490409246,-6.224587081467835,3.8310797338582394,7662.522999999998
2017-06-03,7662.522999999998,30304.930000000128,10.064576654190029,237746.82400000002,238,123,344,125,5,3,22,6,2,2017,154,1,-0.9749279121818236,-0.2225209339563146,1.2246467991473532e-16,-1.0,0.47275920928627757,-0.881191653407483,6349.397999999999,8288.611,7003.841000000001,6105.223,9427.701999999997,24325.050000000036,39170.41000000006,18967.80000000004,10.031672893900964,10.040586812716782,0.03290376028906472,0.327998735974231,237696.82400000002,242953.029,50.0,0.02103519902310516,0,6753.267714285715,6808.780142857142,6886.504966666666,7676.4181,1035.3836165666469,794.5525914176399,30642.74414285723,25013.556966666754,-23.396115464943417,3.9994444101386515,3.954954523464417,8352.143
2017-06-04,8352.143,32981.520000000135,10.055554535178373,232816.82400000002,249,122,343,125,6,4,22,6,2,2017,155,1,-0.7818314824680299,0.6234898018587334,1.2246467991473532e-16,-1.0,0.4575313760742512,-0.8891934772070711,7662.522999999998,8082.8859999999995,7891.652,6623.181999999999,7277.535000000001,30304.930000000128,33826.03000000036,20771.740000000096,10.064576654190029,10.046139136638269,-0.009022119011655505,-0.08964231007073176,237746.82400000002,238369.519,-4930.0,-2.0736344305486916,0,6663.826571428573,6855.828857142857,6938.414966666667,7656.804999999999,898.6641515874227,792.6181806572987,29376.247000000094,25391.461300000086,-5.20065481561909,15.69247228899945,3.9488691704632135,12655.145
2017-06-05,12655.145,54324.92999999992,9.997898030941288,231002.82400000002,229,123,342,125,0,5,23,6,2,2017,156,0,0.0,1.0,1.2246467991473532e-16,-1.0,0.44216815196707204,-0.8969321743510065,8352.143,5987.697000000001,6300.482999999999,8259.666000000001,7742.636,32981.520000000135,23708.800000000054,26183.24000000001,10.055554535178373,9.989401508681057,-0.05765650423708557,-0.5733796583309249,232816.82400000002,237509.519,-1814.0,-0.779153314109293,0,6702.291857142857,6888.721071428571,6996.0470000000005,7668.74508888889,972.2747552193599,830.8424353697113,29255.602714285775,25798.453966666755,39.488404306363506,1.1196215440188373,4.292714939259875,6071.6
2017-06-06,6071.6,21190.120000000086,9.991758673970013,232871.82400000002,224,123,341,125,1,6,23,6,2,2017,157,0,0.7818314824680298,0.6234898018587336,1.2246467991473532e-16,-1.0,0.42667408318992467,-0.9044054548343001,12655.145,5868.051,6306.161,8173.909000000001,8124.020999999999,54324.92999999992,22115.310000000136,26706.060000000038,9.997898030941288,9.988462303701116,-0.0061393569712748786,-0.061406477164249164,231002.82400000002,241833.519,1869.0,0.8090810179879013,0,7654.784428571428,7342.6255,7142.562966666667,7723.328522222221,2389.108245001472,1310.479311651302,33629.335571428615,26736.510300000085,115.66181002857678,54.823659035107916,3.490038869490758,6177.464
2017-06-07,6177.464,23127.430000000084,10.015149243272527,233772.82400000002,233,123,345,125,2,7,23,6,2,2017,158,0,0.9749279121818236,-0.22252093395631434,1.2246467991473532e-16,-1.0,0.4110537546870351,-0.9116111071930239,6071.6,6820.258000000002,6262.035,6956.782000000001,6715.430999999999,21190.120000000086,49132.06899999981,24545.67000000012,9.991758673970013,9.9838116560047,0.023390569302513597,0.23409862133129214,232871.82400000002,240934.019,901.0,0.38690812161114,0,7683.862857142857,7325.871142857142,7072.486,7700.523844444445,2364.8526008697745,1309.6365428871804,33497.16557142861,26552.64563333342,-10.976974771335646,-12.72401521278086,3.7438388957021984,5914.457999999999
2017-06-08,5914.457999999999,23016.210000000112,10.01858835904526,234952.82400000002,230,123,344,125,3,8,23,6,2,2017,159,0,0.43388373911755823,-0.900968867902419,1.2246467991473532e-16,-1.0,0.3953117887649151,-0.9185469991587165,6177.464,5875.973000000001,6227.056,6881.751000000001,8914.630000000001,23127.430000000084,22221.54000000011,22709.16000000005,10.015149243272527,9.997384571871963,0.003439115772733814,0.03433913653402589,233772.82400000002,237615.82400000002,1180.0,0.5047635477081801,0,7592.035142857143,7319.830357142857,7046.508733333333,7694.546433333333,2415.9044133542493,1319.701125684602,29782.217142857215,26505.37096666675,5.130911935776408,-10.234125006847837,3.8915163485817494,6524.608
2017-06-09,6524.608,24651.69999999996,10.035052799776674,235188.82400000002,234,124,343,125,4,9,23,6,2,2017,160,0,-0.433883739117558,-0.9009688679024191,1.2246467991473532e-16,-1.0,0.37945284372454435,-0.925211078289358,5914.457999999999,6349.397999999999,8058.819999999999,6803.144999999998,11156.269,23016.210000000112,24325.050000000036,21608.250000000073,10.01858835904526,10.031672893900964,0.016464440731413177,0.1643389282138565,234952.82400000002,237696.82400000002,236.0,0.10044569628156501,0,7597.533,7297.501928571428,7014.265633333333,7661.2111888888885,2411.3878788588527,1335.586220251979,29895.741428571502,26515.605966666753,-6.850098229784943,-13.0628848863283,3.778265299616461,7662.052000000001
2017-06-10,7662.052000000001,33692.34000000022,10.08098035116955,233709.82400000002,253,124,346,125,5,10,23,6,2,2017,161,1,-0.9749279121818236,-0.2225209339563146,1.2246467991473532e-16,-1.0,0.36348161248290634,-0.9316013725767187,6524.608,7662.522999999998,8288.611,6324.47,11082.86,24651.69999999996,30304.930000000128,20711.400000000034,10.035052799776674,10.064576654190029,0.045927551392876964,0.45767124806656784,235188.82400000002,237746.82400000002,-1479.0,-0.6288564119866512,0,7622.563,7187.915357142857,7004.981066666666,7609.748288888888,2397.140330509959,1338.0703112910717,29942.405714285775,26617.054300000083,-14.850395881356551,3.1645023219336945,4.397299835605425,7682.0470000000005
2017-06-11,7682.0470000000005,32221.060000000165,10.091008103953154,228886.82400000002,252,123,345,125,6,11,23,6,2,2017,162,1,-0.7818314824680299,0.6234898018587334,1.2246467991473532e-16,-1.0,0.3474028211842774,-0.9377159910299093,7662.052000000001,8352.143,8082.8859999999995,6590.9839999999995,6982.599999999999,33692.34000000022,32981.520000000135,22555.250000000102,10.08098035116955,10.055554535178373,0.01002775278360346,0.09947200008618294,233709.82400000002,232816.82400000002,-4823.0,-2.0636702032688192,0,7622.495714285714,7143.161142857142,7049.567133333334,7571.7393111111105,2397.1390285356765,1336.8973596914684,30426.321428571508,27049.752300000095,-8.262442345635119,16.250502201188795,4.194332578282867,5928.351999999999
2017-06-12,5928.351999999999,24530.219999999958,10.031076998049667,227789.82400000002,230,124,345,125,0,12,24,6,2,2017,163,0,0.0,1.0,1.2246467991473532e-16,-1.0,0.3312212278016865,-0.9435531242349544,7682.0470000000005,12655.145,5987.697000000001,7698.615,6354.204999999998,32221.060000000165,54324.92999999992,27305.28999999997,10.091008103953154,9.997898030941288,-0.05993110590348749,-0.5939060328373879,228886.82400000002,231002.82400000002,-1097.0,-0.4792761683826763,0,7526.767714285715,7114.529785714286,7085.9359,7579.510944444444,2376.4352637569646,1338.831111854869,30317.68428571437,27371.94596666676,-39.29704479877552,-0.21520754057709474,4.1377806176151415,5691.972
2017-06-13,5691.972,22557.630000000096,10.049354346013985,231369.82400000002,229,124,342,125,1,13,24,6,2,2017,164,0,0.7818314824680298,0.6234898018587336,1.2246467991473532e-16,-1.0,0.31494162072895193,-0.9491110448902284,5928.351999999999,6071.6,5868.051,7845.408999999999,6812.97,24530.219999999958,21190.120000000086,26139.859999999975,10.031076998049667,9.991758673970013,0.018277347964318125,0.1822072342568178,227789.82400000002,232871.82400000002,3580.0,1.5716242003857028,0,6565.797285714287,7110.290857142857,7026.927133333333,7574.779244444444,782.6341669739228,1349.8627951439667,26061.297142857227,27279.443633333423,-2.359312207655336,-24.435399097739836,3.963060605357879,5483.554
2017-06-14,5483.554,21014.620000000064,10.031331159821411,235402.82400000002,226,124,342,125,2,14,24,6,2,2017,165,0,0.9749279121818236,-0.22252093395631434,1.2246467991473532e-16,-1.0,0.2985688173637202,-0.9543881083175908,5691.972,6177.464,6820.258000000002,6270.764,6595.313,22557.630000000096,23127.430000000084,20184.24000000002,10.049354346013985,10.015149243272527,-0.018023186192573704,-0.1793467079775378,231369.82400000002,233772.82400000002,4033.0,1.7430968007305911,0,6511.564714285713,7097.713785714286,6955.1459,7562.323711111112,834.0512480267422,1362.0392126094562,26256.6557142858,27160.03596666676,-7.859082626786659,-9.230007699221344,3.8322992716037927,5793.3319999999985
2017-06-15,5793.3319999999985,21197.96000000012,10.034288287039226,236823.82400000002,219,124,341,125,3,15,24,6,2,2017,166,0,0.43388373911755823,-0.900968867902419,1.2246467991473532e-16,-1.0,0.2821076626819194,-0.9593827529490743,5483.554,5914.457999999999,5875.973000000001,6131.152999999999,6658.240999999998,21014.620000000064,23016.210000000112,18430.369999999995,10.031331159821411,10.01858835904526,0.0029571272178152697,0.029478911329928775,235402.82400000002,234952.82400000002,1421.0,0.6036461142879067,0,6412.434714285714,7002.234928571429,6928.905566666667,7549.970833333334,917.4461245862337,1383.0989837440702,25954.825714285802,27187.715300000098,-7.285604192302976,-10.562434178367418,3.6590273093273655,6140.855000000001
2017-06-16,6140.855000000001,22502.25000000012,10.070030437187675,237487.82400000002,237,124,341,125,4,16,24,6,2,2017,167,0,-0.433883739117558,-0.9009688679024191,1.2246467991473532e-16,-1.0,0.26556302780405594,-0.9640935007889755,5793.3319999999985,6524.608,6349.397999999999,6383.297000000001,8434.710000000001,21197.96000000012,24651.69999999996,19218.639999999996,10.034288287039226,10.035052799776674,0.03574215014844917,0.35620015217836093,236823.82400000002,235188.82400000002,664.0,0.2803771971860398,0,6395.130999999999,6996.331999999999,6917.6448666666665,7540.360733333334,929.467211388543,1391.1696298678964,25695.075714285802,27279.968300000102,-11.20796835610663,-9.242324146910331,3.664351299615463,7018.580000000001
2017-06-17,7018.580000000001,27166.55000000005,10.100108997499651,239185.82400000002,234,124,341,126,5,17,24,6,2,2017,168,1,-0.9749279121818236,-0.2225209339563146,1.2246467991473532e-16,-1.0,0.24893980855376657,-0.9685189578512204,6140.855000000001,7662.052000000001,7662.522999999998,6707.690000000002,8697.754999999997,22502.25000000012,33692.34000000022,21810.020000000186,10.070030437187675,10.08098035116955,0.030078560311975977,0.2986938371198828,237487.82400000002,233709.82400000002,1698.0,0.7149840237704144,0,6340.309142857142,6981.436071428572,6909.563466666667,7514.873455555555,931.8717473255304,1395.0794170510153,25388.01142857154,27389.42196666677,-19.853650170998566,-8.450524696281443,3.8706618717746393,7571.272000000001
2017-06-18,7571.272000000001,28059.260000000064,10.111579349637646,234511.82400000002,248,123,342,126,6,18,24,6,2,2017,169,1,-0.7818314824680299,0.6234898018587334,1.2246467991473532e-16,-1.0,0.23224292400907015,-0.9726578145718654,7018.580000000001,7682.0470000000005,8352.143,7516.187,6820.300999999998,27166.55000000005,32221.060000000165,24953.510000000122,10.100108997499651,10.091008103953154,0.01147035213799441,0.11356661735862426,239185.82400000002,228886.82400000002,-4674.0,-1.9541291878568856,0,6248.384571428572,6935.440142857144,6919.926466666667,7496.215955555555,802.5174980642767,1394.6827691632914,24455.7557142858,27567.972966666766,-8.636591262719422,-6.620471257567155,3.7060166376270804,6234.838000000002
2017-06-19,6234.838000000002,22654.360000000048,10.050615576150577,235246.82400000002,234,124,341,126,0,19,25,6,2,2017,170,0,0.0,1.0,1.2246467991473532e-16,-1.0,0.21547731504673012,-0.976508846196619,7571.272000000001,5928.351999999999,12655.145,7003.841000000001,6371.297,28059.260000000064,24530.219999999958,23865.590000000186,10.111579349637646,10.031076998049667,-0.06096377348706916,-0.6029104987368153,234511.82400000002,227789.82400000002,735.0,0.3134170326524772,0,6232.559571428572,6879.663642857143,6921.762633333333,7504.560077777778,769.9671187130956,1395.5308470425314,23861.212857142928,27671.497966666768,27.712929326733672,8.101711617953628,3.633512209940345,6162.299
2017-06-20,6162.299,21621.56000000011,10.029969596461104,240229.82400000002,240,124,339,126,1,20,25,6,2,2017,171,0,0.7818314824680298,0.6234898018587336,1.2246467991473532e-16,-1.0,0.19864794288017112,-0.9800709131432666,6234.838000000002,5691.972,6071.6,7891.652,6437.252000000001,22654.360000000048,22557.630000000096,26906.290000000175,10.050615576150577,10.049354346013985,-0.020645979689472682,-0.20542005146892872,235246.82400000002,231369.82400000002,4983.0,2.1182007541151755,0,6276.343285714285,6421.070285714287,6896.1292,7503.043866666666,758.412819936235,1401.0230303165285,23593.232857142943,27631.123633333427,9.537397583825111,-20.994514203109798,3.508684015494884,6119.756
2017-06-21,6119.756,21322.460000000134,10.0535410628009,243899.82400000002,238,124,342,126,2,21,25,6,2,2017,172,0,0.9749279121818236,-0.22252093395631434,1.2246467991473532e-16,-1.0,0.18175978759137534,-0.9833429613388902,6162.299,5483.554,6177.464,6300.482999999999,6278.106999999999,21621.56000000011,21014.620000000064,22339.000000000146,10.029969596461104,10.031331159821411,0.023571466339795677,0.2350103468719631,240229.82400000002,235402.82400000002,3670.0,1.5277037375675717,0,6343.532857142857,6427.548785714286,6838.484100000001,7499.988833333333,717.7575336464283,1394.210353734252,23459.508571428658,27454.96596666676,12.377830144464701,-2.1932286778648447,3.4842010040923417,6475.052
2017-06-22,6475.052,23861.090000000106,10.052867152080301,247557.80500000002,232,125,340,126,3,22,25,6,2,2017,173,0,0.43388373911755823,-0.900968867902419,1.2246467991473532e-16,-1.0,0.16481784665719793,-0.9863240225317866,6119.756,5793.3319999999985,5914.457999999999,6306.161,6706.140000000001,21322.460000000134,21197.96000000012,22394.100000000126,10.0535410628009,10.034288287039226,-0.0006739107205984141,-0.006703217467245949,243899.82400000002,236823.82400000002,3657.9809999999998,1.4997882901301312,0,6434.418857142858,6423.426785714286,6832.459866666667,7498.229377777779,624.999447296452,1397.0028134131646,23503.48571428581,27421.081300000093,5.63447770643909,-2.9559188228781306,3.685080830238909,8053.167000000002
2017-06-23,8053.167000000002,29303.83000000018,10.079581022796253,249262.30600000007,243,125,340,126,4,23,25,6,2,2017,174,0,-0.433883739117558,-0.9009688679024191,1.2246467991473532e-16,-1.0,0.14782713347053048,-0.9890132145779883,6475.052,6140.855000000001,6524.608,6262.035,8109.652000000001,23861.090000000106,22502.25000000012,21327.94000000015,10.052867152080301,10.070030437187675,0.02671387071595177,0.26573384798409183,247557.80500000002,237487.82400000002,1704.5010000000475,0.6885264635465835,0,6531.80742857143,6463.469214285715,6838.0895666666665,7495.661733333333,557.9744336598345,1395.1478483051292,23883.932857142954,27469.980966666757,5.442190053339449,3.401721644800769,3.638795768174207,10744.453999999998
2017-06-24,10744.453999999998,38795.7700000002,10.120125163330226,249774.60600000006,256,125,343,126,5,24,25,6,2,2017,175,1,-0.9749279121818236,-0.2225209339563146,1.2246467991473532e-16,-1.0,0.13079267585675922,-0.9914097417023038,8053.167000000002,7018.580000000001,7662.052000000001,6227.056,8465.862999999998,29303.83000000018,27166.55000000005,22514.15000000012,10.079581022796253,10.100108997499651,0.040544140533972595,0.4022403356079669,249262.30600000007,239185.82400000002,512.2999999999884,0.20552646255306176,0,6804.994857142859,6572.652,6897.793966666667,7495.034122222222,764.5569913325875,1407.912662408311,24855.58714285725,27735.84396666676,14.740688287374388,29.32543082959271,3.6107716594998878,5537.199999999999
2017-06-25,5537.199999999999,19428.820000000003,10.092731289697944,246054.88600000003,223,106,340,126,6,25,25,6,2,2017,176,1,-0.7818314824680299,0.6234898018587334,1.2246467991473532e-16,-1.0,0.11371951458594969,-0.9935128947338007,10744.453999999998,7571.272000000001,7682.0470000000005,8058.819999999999,6681.156,38795.7700000002,28059.260000000064,33759.93000000023,10.120125163330226,10.111579349637646,-0.027393873632281185,-0.27068710307597316,249774.60600000006,234511.82400000002,-3719.7200000000303,-1.4892306546166785,0,7337.262571428572,6792.823571428571,7048.3739000000005,7520.3518,1683.1439651867809,1566.3596978295507,26516.904285714412,28278.56463333343,41.91081762747391,33.32539999652554,3.5087806111392053,6611.227
2017-06-26,6611.227,22623.780000000035,10.066269928531135,242280.2770000001,232,120,341,126,0,26,26,6,2,2017,177,0,0.0,1.0,1.2246467991473532e-16,-1.0,0.0966127018812031,-0.9953220513156602,5537.199999999999,6234.838000000002,5928.351999999999,8288.611,6537.748,19428.820000000003,22654.360000000048,39170.41000000006,10.092731289697944,10.050615576150577,-0.026461361166809638,-0.2621823608225834,246054.88600000003,235246.82400000002,-3774.6089999999385,-1.5340516343170436,0,7046.680857142857,6639.620214285715,6964.3199,7507.641177777778,1807.0345119802048,1577.8825988200224,25283.984285714403,27800.860966666754,-11.189352473953655,-33.195079368545606,3.4220243836734143,7123.239
2017-06-27,7123.239,25058.8000000001,10.076872246695007,239582.054,232,124,342,126,1,27,26,6,2,2017,178,0,0.7818314824680298,0.6234898018587336,1.2246467991473532e-16,-1.0,0.07947729992362097,-0.9968366760893436,6611.227,6162.299,5691.972,8082.8859999999995,6203.020000000002,22623.780000000035,21621.56000000011,33826.03000000036,10.066269928531135,10.029969596461104,0.010602318163872582,0.10532519234182375,242280.2770000001,240229.82400000002,-2698.2230000000854,-1.1136783536037003,0,7100.450714285714,6688.397,6908.4071,7508.457611111112,1784.3082328627995,1558.943406732949,25279.615714285832,27249.30663333342,7.285073314358812,-18.207098306223788,3.517894036687538,6966.112000000003
2017-06-28,6966.112000000003,25086.89000000014,10.070051080277839,238760.91400000002,240,125,343,126,2,28,26,6,2,2017,179,0,0.9749279121818236,-0.22252093395631434,1.2246467991473532e-16,-1.0,0.062318379354325076,-0.998056320853012,7123.239,6119.756,5483.554,5987.697000000001,6491.028000000001,25058.8000000001,21322.460000000134,23708.800000000054,10.076872246695007,10.0535410628009,-0.006821166417168456,-0.06769130589509706,239582.054,243899.82400000002,-821.1399999999849,-0.3427385258162888,0,7237.727857142857,6790.630357142858,6876.418866666668,7518.682266666667,1736.4240451986007,1543.7849419532524,25770.650000000114,26957.065633333412,16.397434799688078,18.9645868854085,3.6012757187940894,6425.4389999999985
2017-06-29,6425.4389999999985,22292.760000000042,10.01190280581948,240437.81100000007,222,125,341,126,3,29,26,6,2,2017,180,0,0.43388373911755823,-0.900968867902419,1.2246467991473532e-16,-1.0,0.04514101777397193,-0.9989806246941579,6966.112000000003,6475.052,5793.3319999999985,5868.051,7013.698,25086.89000000014,23861.090000000106,22115.310000000136,10.070051080277839,10.052867152080301,-0.05814827445835924,-0.5774377308993243,238760.91400000002,247557.80500000002,1676.8970000000554,0.7023331297852442,0,7358.635857142857,6896.527357142857,6909.0327,7523.960977777778,1673.947115736896,1534.6705240155354,26308.42571428583,27003.001966666747,7.583877318668685,18.712533343694567,3.469453215570181,7016.7570000000005
2017-06-30,7016.7570000000005,24965.64000000013,9.983226589033407,240687.89300000004,228,125,342,126,4,30,26,6,2,2017,181,0,-0.433883739117558,-0.9009688679024191,1.2246467991473532e-16,-1.0,0.02795029824021032,-0.999609314096404,6425.4389999999985,8053.167000000002,6140.855000000001,6820.258000000002,8321.247,22292.760000000042,29303.83000000018,49132.06899999981,10.01190280581948,10.079581022796253,-0.028676216786072573,-0.28642124621310094,240437.81100000007,249262.30600000007,250.08199999996577,0.10401109499369285,0,7351.548285714285,6941.677857142858,6927.6123,7517.424766666666,1678.4108547273622,1524.976639979835,26084.378571428675,27008.916966666744,-20.212271768361482,-5.78891590318142,3.5580026499421495,8164.164000000001
2017-07-01,8164.164000000001,29287.190000000104,10.03929358752064,237626.77099999992,239,125,344,126,5,1,26,7,3,2017,182,1,-0.9749279121818236,-0.2225209339563146,-0.4999999999999997,-0.8660254037844388,0.01075130776352193,-0.9999422030204416,7016.7570000000005,10744.453999999998,7018.580000000001,5875.973000000001,8974.996,24965.64000000013,38795.7700000002,22221.54000000011,9.983226589033407,10.120125163330226,0.05606699848723373,0.5616119997599116,240687.89300000004,249774.60600000006,-3061.1220000001194,-1.2718221767806654,0,7203.489714285714,7004.242285714286,6934.162266666666,7502.930433333334,1651.7034128609873,1524.9216327173485,25464.63714285724,26203.36933333342,-34.694150116888196,19.414384647444763,3.587285850700709,8295.618
2017-07-02,8295.618,30009.3600000001,10.076539845046005,231981.47700000007,242,124,343,126,6,2,26,7,3,2017,183,1,-0.7818314824680299,0.6234898018587334,-0.4999999999999997,-0.8660254037844388,-0.00645086419810515,-0.9999791929590823,8164.164000000001,5537.199999999999,7571.272000000001,6349.397999999999,6564.041,29287.190000000104,19428.820000000003,24325.050000000036,10.03929358752064,10.092731289697944,0.03724625752536426,0.37100476443545066,237626.77099999992,246054.88600000003,-5645.293999999849,-2.3756978122636907,0,6834.876857142857,7086.069714285715,7010.4353,7493.9211888888885,796.0406109522337,1527.391353588037,24106.268571428656,26438.891000000087,47.44210070071521,28.58170176133236,3.6174954054056125,7416.139000000002
2017-07-03,7416.139000000002,27445.55000000003,10.029472669694693,231208.246,231,125,341,126,0,3,27,7,3,2017,184,0,0.0,1.0,-0.4999999999999997,-0.8660254037844388,-0.023651127245231586,-0.9997202729664083,8295.618,6611.227,6234.838000000002,7662.522999999998,6792.397999999998,30009.3600000001,22623.780000000035,30304.930000000128,10.076539845046005,10.066269928531135,-0.04706717535131233,-0.46709660334893893,231981.47700000007,242280.2770000001,-773.231000000058,-0.3333158362467266,0,7228.936571428572,7137.808714285714,7075.3093,7513.160933333333,726.2807053316346,1539.6290557228763,25617.774285714382,26628.36800000009,25.477736583541915,8.26222642333344,3.700786891939326,7094.828000000004
2017-07-04,7094.828000000004,25995.740000000198,10.055934345167573,234476.83300000004,241,125,343,126,1,4,27,7,3,2017,185,0,0.7818314824680298,0.6234898018587336,-0.4999999999999997,-0.8660254037844388,-0.04084439154329611,-0.9991655196610109,7416.139000000002,7123.239,6162.299,8352.143,6698.160000000001,27445.55000000003,25058.8000000001,32981.520000000135,10.029472669694693,10.076872246695007,0.026461675472880586,0.26383915031582716,231208.246,239582.054,3268.5870000000286,1.4136982813320718,0,7343.924000000001,7222.187357142857,7067.0965,7520.091388888889,674.0211236977158,1537.0436547316788,26306.59857142867,26533.05533333342,4.111893479918368,-11.206752566377252,3.6640409041628894,6745.808999999999
2017-07-05,6745.808999999999,24257.920000000133,10.064021813690838,236906.41000000006,228,125,341,126,2,5,27,7,3,2017,186,0,0.9749279121818236,-0.22252093395631434,-0.4999999999999997,-0.8660254037844388,-0.05802556932878035,-0.9983150972033183,7094.828000000004,6966.112000000003,6119.756,12655.145,6688.378000000001,25995.740000000198,25086.89000000014,54324.92999999992,10.055934345167573,10.070051080277839,0.008087468523264363,0.08042483418908591,234476.83300000004,238760.91400000002,2429.5770000000193,1.0361693174182454,0,7339.865285714287,7288.796571428572,7025.186000000001,7524.4988111111115,675.6550509201934,1517.8174272176102,26440.44714285725,26300.19600000009,1.8477451984694075,-43.937204986588426,3.5959986415269296,6725.167999999998
2017-07-06,6725.167999999998,25001.260000000108,10.115501741921225,238442.50899999996,242,125,342,126,3,6,27,7,3,2017,187,0,0.43388373911755823,-0.900968867902419,-0.4999999999999997,-0.8660254037844388,-0.07518957641475855,-0.9971692572470178,6745.808999999999,6425.4389999999985,6475.052,6071.6,7433.910999999998,24257.920000000133,22292.760000000042,21190.120000000086,10.064021813690838,10.01190280581948,0.05147992823038727,0.5115244102547085,236906.41000000006,240437.81100000007,1536.0989999999001,0.648399087217564,0,7308.3934285714295,7333.514642857144,6828.2081333333335,7525.136933333333,700.63500893524,1083.2092690536833,26322.022857142965,25297.96233333343,4.985962826820096,11.104305290203552,3.7175666094884345,7066.083999999998
2017-07-07,7066.083999999998,25154.680000000142,10.123183433569226,239184.43800000008,230,125,341,126,4,7,27,7,3,2017,188,0,-0.433883739117558,-0.9009688679024191,-0.4999999999999997,-0.8660254037844388,-0.09233133369539122,-0.9957283388645872,6725.167999999998,7016.7570000000005,8053.167000000002,6177.464,8309.844999999998,25001.260000000108,24965.64000000013,23127.430000000084,10.115501741921225,9.983226589033407,0.007681691648000921,0.07593979857831498,238442.50899999996,240687.89300000004,741.9290000001201,0.3111563467066689,0,7351.211857142858,7351.380071428573,6849.993733333335,7517.262011111111,644.5988348442315,1074.0007437064949,26708.95142857155,25425.00033333343,-4.155609208071516,8.866162554731163,3.559918053620669,8397.630000000001
2017-07-08,8397.630000000001,37666.130000000005,10.210166815403662,239036.06300000008,235,125,344,128,5,8,27,7,3,2017,189,1,-0.9749279121818236,-0.2225209339563146,-0.4999999999999997,-0.8660254037844388,-0.10944576864891556,-0.993992768446958,7066.083999999998,8164.164000000001,10744.453999999998,5914.457999999999,8740.949,25154.680000000142,29287.190000000104,23016.210000000112,10.123183433569226,10.03929358752064,0.0869833818344361,0.8592492905541232,239184.43800000008,237626.77099999992,-148.375,-0.06203371809665976,0,7358.2585714285715,7280.874142857144,6879.6144,7503.442444444444,640.5903784104297,1067.0443802181403,26735.957142857264,25492.575333333436,-13.44999928957824,19.471369988594045,4.485328598664147,8016.142999999998
2017-07-09,8016.142999999998,34016.190000000024,10.213766591017482,234630.89699999994,241,124,344,128,6,9,27,7,3,2017,190,1,-0.7818314824680299,0.6234898018587334,-0.4999999999999997,-0.8660254037844388,-0.12652781683868314,-0.9919630595773397,8397.630000000001,8295.618,5537.199999999999,6524.608,6902.324,37666.130000000005,30009.3600000001,24651.69999999996,10.210166815403662,10.076539845046005,0.0035997756138197445,0.03525677571094049,239036.06300000008,231981.47700000007,-4405.166000000143,-1.842887614828287,0,7391.610857142858,7113.243857142858,6962.386799999999,7499.627788888889,693.4405741740779,1085.7419829176395,27932.94857142868,25980.906000000097,1.2297094683000185,28.707042629994028,4.243460976182689,7353.015999999999
2017-07-10,7353.015999999999,29129.460000000086,10.094528637982002,233513.77199999997,236,125,345,128,0,10,28,7,3,2017,191,0,0.0,1.0,-0.4999999999999997,-0.8660254037844388,-0.1435724234118113,-0.9896398128792412,8016.142999999998,7416.139000000002,6611.227,7662.052000000001,6746.463000000001,34016.190000000024,27445.55000000003,33692.34000000022,10.213766591017482,10.029472669694693,-0.1192379530354799,-1.1674239074578419,234630.89699999994,231208.246,-1117.124999999971,-0.47612015905985783,0,7351.6858571428575,7290.311214285714,7012.104633333334,7512.003555555556,638.5938228137461,1099.072177878264,28505.352857142952,26293.055666666765,8.09051718151448,4.621359917682595,3.961566247101882,6762.213999999997
2017-07-11,6762.213999999997,25491.550000000083,10.064953424656528,236175.12900000004,239,125,344,128,1,11,28,7,3,2017,192,0,0.7818314824680298,0.6234898018587336,-0.4999999999999997,-0.8660254037844388,-0.16057454459499376,-0.9870237158387383,7353.015999999999,7094.828000000004,7123.239,7682.0470000000005,6138.058,29129.460000000086,25995.740000000198,32221.060000000165,10.094528637982002,10.055934345167573,-0.02957521332547408,-0.2929826085607744,233513.77199999997,234476.83300000004,2661.3570000000764,1.139700231470749,0,7342.668285714286,7343.2961428571425,7001.8034333333335,7518.743033333333,637.9773727322174,1094.2078768055887,28745.911428571533,26140.959666666757,3.639101610356086,-4.283116205875878,3.7697047150533973,6574.919999999998
2017-07-12,6574.919999999998,23936.260000000126,10.053212845916317,237862.96600000007,243,125,344,128,2,12,28,7,3,2017,193,0,0.9749279121818236,-0.22252093395631434,-0.4999999999999997,-0.8660254037844388,-0.17752914918703497,-0.984115542601034,6762.213999999997,6745.808999999999,6966.112000000003,5928.351999999999,49942.462,25491.550000000083,24257.920000000133,24530.219999999958,10.064953424656528,10.064021813690838,-0.01174057874021095,-0.11664811792819203,236175.12900000004,236906.41000000006,1687.8370000000286,0.7146548441178276,0,7295.151999999999,7317.508642857143,6971.142333333333,7525.6781,671.0425418002436,1087.355287989066,28673.88428571437,25916.642666666758,0.24318802978260914,14.065662767662893,3.640540113035616,6840.100999999998
2017-07-13,6840.100999999998,24516.0300000001,10.092449712156121,239204.11400000006,236,126,343,128,3,13,28,7,3,2017,194,0,0.43388373911755823,-0.900968867902419,-0.4999999999999997,-0.8660254037844388,-0.19443122004766195,-0.9809161537413774,6574.919999999998,6725.167999999998,6425.4389999999985,5691.972,6591.912999999999,23936.260000000126,25001.260000000108,22557.630000000096,10.053212845916317,10.115501741921225,0.03923686623980416,0.3902918086106417,237862.96600000007,238442.50899999996,1341.1479999999865,0.563832202445498,0,7270.739285714284,7289.566357142858,6992.694600000001,7043.8165222222215,696.9664142168567,1072.276817054772,28627.932857142943,25896.8440000001,-2.234115192363962,15.512163447044339,3.584161988251359,7217.003
2017-07-14,7217.003,26776.550000000112,10.12098121085496,239192.07399999996,229,128,343,128,4,14,28,7,3,2017,195,0,-0.433883739117558,-0.9009688679024191,-0.4999999999999997,-0.8660254037844388,-0.2112757555821793,-0.9774264960104055,6840.100999999998,7066.083999999998,7016.7570000000005,5483.554,8355.23,24516.0300000001,25154.680000000142,21014.620000000064,10.092449712156121,10.123183433569226,0.02853149869883964,0.282701420493323,239204.11400000006,239184.43800000008,-12.04000000009546,-0.005033358247381756,0,7287.158285714285,7319.185071428571,7030.965566666667,7046.574166666666,683.1894949033564,1044.3776420519614,28558.614285714368,25962.124000000094,-3.198136336901744,24.73846341259697,3.710203529082656,7761.083000000001
2017-07-15,7761.083000000001,29795.379999999994,10.117128298574963,239628.33600000004,244,128,345,128,5,15,28,7,3,2017,196,1,-0.9749279121818236,-0.2225209339563146,-0.4999999999999997,-0.8660254037844388,-0.2280577712215198,-0.9736476020539838,7217.003,8397.630000000001,8164.164000000001,5793.3319999999985,8510.669000000002,26776.550000000112,37666.130000000005,21197.96000000012,10.12098121085496,10.210166815403662,-0.0038529122799975113,-0.03806856469474702,239192.07399999996,239036.06300000008,436.2620000000752,0.18238982283337501,0,7308.718142857142,7333.488357142857,7088.7472,7033.9272,677.4069982793761,1002.9436153703076,28790.31000000008,26154.18833333343,-14.059049993867331,24.57430369949455,3.8390750363061428,7855.607999999998
2017-07-16,7855.607999999998,28699.670000000104,10.132310085908491,234507.5160000001,248,127,346,128,6,16,28,7,3,2017,197,1,-0.7818314824680299,0.6234898018587334,-0.4999999999999997,-0.8660254037844388,-0.24477230089725957,-0.9695805901076308,7761.083000000001,8016.142999999998,8295.618,6140.855000000001,7424.1320000000005,29795.379999999994,34016.190000000024,22502.25000000012,10.117128298574963,10.213766591017482,0.015181787333528263,0.15006024323786302,239628.33600000004,234630.89699999994,-5120.819999999949,-2.136984333939517,0,7217.782857142855,7304.696857142857,7154.338900000001,7025.598466666666,534.5249909878307,979.3707995452244,27665.91714285722,26440.769000000095,-3.181829465866525,26.384404126135525,3.6533989476053423,7281.1969999999965
2017-07-17,7281.1969999999965,26354.880000000096,10.107643496398989,233043.42100000006,245,128,347,128,0,17,29,7,3,2017,198,0,0.0,1.0,-0.4999999999999997,-0.8660254037844388,-0.2614143985111562,-0.965226663665613,7855.607999999998,7353.015999999999,7416.139000000002,7018.580000000001,7016.826999999998,28699.670000000104,29129.460000000086,27166.55000000005,10.132310085908491,10.094528637982002,-0.0246665895095024,-0.24344487387735456,234507.5160000001,233513.77199999997,-1464.0950000000303,-0.6243275375446942,0,7194.849285714285,7273.2675714285715,7211.497333333333,7030.392644444444,496.66590887165023,968.1561548861774,26906.41428571437,26647.34966666676,6.835181645191575,11.925888142615706,3.619580681583002,6849.5289999999995
2017-07-18,6849.5289999999995,24687.860000000168,10.11291439714787,234815.39099999997,241,128,347,128,1,18,29,7,3,2017,199,0,0.7818314824680298,0.6234898018587336,-0.4999999999999997,-0.8660254037844388,-0.2779791393987801,-0.9605871111248129,7281.1969999999965,6762.213999999997,7094.828000000004,7571.272000000001,6243.674,26354.880000000096,25491.550000000083,28059.260000000064,10.107643496398989,10.064953424656528,0.005270900748881147,0.052147671717537224,233043.42100000006,236175.12900000004,1771.9699999999139,0.7603604480213639,0,7184.589428571427,7263.628857142857,7220.251233333333,7033.330088888889,493.58628353883904,967.538752501139,26510.045714285807,26620.294000000096,7.674749719544509,-3.831258472816778,3.6043149828258514,6879.952
2017-07-19,6879.952,25034.09000000001,10.101659382773208,236253.27899999998,225,128,348,128,2,19,29,7,3,2017,200,0,0.9749279121818236,-0.22252093395631434,-0.4999999999999997,-0.8660254037844388,-0.2944616217868012,-0.9556633054034704,6849.5289999999995,6574.919999999998,6745.808999999999,6234.838000000002,6858.4710000000005,24687.860000000168,23936.260000000126,22654.360000000048,10.11291439714787,10.053212845916317,-0.011255014374661698,-0.11129348012513517,234815.39099999997,237862.96600000007,1437.8880000000063,0.6123482766084981,0,7197.062999999999,7246.107499999999,7196.193133333333,7040.061811111111,482.10301009057935,967.4827187361639,26395.23285714296,26507.9140000001,4.176613555754312,9.858973079974136,3.6387012583808738,6586.859999999999
2017-07-20,6586.859999999999,24584.76000000012,10.108834095800992,235458.25300000003,225,128,347,128,3,20,29,7,3,2017,201,0,0.43388373911755823,-0.900968867902419,-0.4999999999999997,-0.8660254037844388,-0.3108569682435036,-0.9504567035349151,6879.952,6840.100999999998,6725.167999999998,6162.299,7639.901,25034.09000000001,24516.0300000001,21621.56000000011,10.101659382773208,10.092449712156121,0.007174713027783497,0.0710250935605574,236253.27899999998,239204.11400000006,-795.0259999999544,-0.33651427119449817,0,7240.639,7255.689142857142,7217.696933333334,7040.300488888889,427.1504952337023,952.4305365228126,26552.0657142858,26587.238333333433,0.5826083562216757,11.645864635909426,3.7323944944936014,6981.683999999996
2017-07-21,6981.683999999996,25983.650000000136,10.063722087704178,238583.3850000001,241,127,348,128,4,21,29,7,3,2017,202,0,-0.433883739117558,-0.9009688679024191,-0.4999999999999997,-0.8660254037844388,-0.3271603271220951,-0.9449688462364056,6586.859999999999,7217.003,7066.083999999998,6119.756,8681.442,24584.76000000012,26776.550000000112,21322.460000000134,10.108834095800992,10.12098121085496,-0.04511200809681348,-0.44626321561209625,235458.25300000003,239192.07399999996,3125.1320000000705,1.327255239594456,0,7204.461714285712,7245.809999999999,7231.8489666666665,7028.600033333334,474.7946912185324,939.2711025316927,26561.88428571438,26686.011666666764,-8.731366746002474,7.632722611816524,3.7216880626508093,7856.406999999998
2017-07-22,7856.406999999998,28459.580000000038,10.141293004392411,236699.56100000005,252,127,351,128,5,22,29,7,3,2017,203,1,-0.9749279121818236,-0.2225209339563146,-0.4999999999999997,-0.8660254037844388,-0.34336687399638804,-0.939201357453208,6981.683999999996,7761.083000000001,8397.630000000001,6475.052,9132.985999999999,25983.650000000136,29795.379999999994,23861.090000000106,10.063722087704178,10.117128298574963,0.07757091668823257,0.7707974843920666,238583.3850000001,239628.33600000004,-1883.8240000000515,-0.7895872547872731,0,7170.844714285713,7239.781428571427,7260.5799,7009.713833333333,482.0342138907793,916.9992980408261,26448.61285714295,26841.384666666763,-10.042400010410992,7.824369595796235,3.6224676241951372,7884.096999999999
2017-07-23,7884.096999999999,28765.62000000008,10.151972088610915,231429.37299999996,243,126,348,128,6,23,29,7,3,2017,204,1,-0.7818314824680299,0.6234898018587334,-0.4999999999999997,-0.8660254037844388,-0.3594718130884232,-0.9331559438780432,7856.406999999998,7855.607999999998,8016.142999999998,8053.167000000002,6366.459,28459.580000000038,28699.670000000104,29303.83000000018,10.141293004392411,10.132310085908491,0.010679084218503831,0.10530298467738278,236699.56100000005,234507.5160000001,-5270.188000000082,-2.226530534207489,0,7184.462428571428,7201.122642857141,7306.625066666666,6995.529622222222,502.4039242883644,910.8558839001242,26257.784285714388,26994.667666666766,0.010171077782903352,-2.443262383606397,3.6485624162158437,7124.927999999999
2017-07-24,7124.927999999999,25569.530000000203,10.143327709541499,231003.18700000003,243,127,347,128,0,24,30,7,3,2017,205,0,0.0,1.0,-0.4999999999999997,-0.8660254037844388,-0.3754703786876202,-0.9268343944460494,7884.096999999999,7281.1969999999965,7353.015999999999,10744.453999999998,6360.747,28765.62000000008,26354.880000000096,38795.7700000002,10.151972088610915,10.107643496398989,-0.008644379069416175,-0.08514975212662329,231429.37299999996,233043.42100000006,-426.18599999992875,-0.1841538066129267,0,7188.532285714284,7191.690785714284,7300.9893999999995,7012.392266666667,508.821256790602,906.5906377501055,26267.20571428581,26976.727333333423,8.280231945379347,-26.621706417096668,3.5887422300969507,6975.743999999998
2017-07-25,6975.743999999998,25196.930000000084,10.151144996962826,232139.32300000006,238,127,345,128,1,25,30,7,3,2017,206,0,0.7818314824680298,0.6234898018587336,-0.4999999999999997,-0.8660254037844388,-0.3913578365610259,-0.9202385798054075,7124.927999999999,6849.5289999999995,6762.213999999997,5537.199999999999,6197.844,25569.530000000203,24687.860000000168,19428.820000000003,10.143327709541499,10.11291439714787,0.007817287421326924,0.07706827231829902,231003.18700000003,234815.39099999997,1136.1360000000277,0.49182698072474107,0,7166.208142857141,7175.398785714285,7180.338533333332,7020.8831666666665,507.5044519639269,631.6956154155715,26155.01285714297,26535.852666666757,4.020699817461893,28.67384237520769,3.6120777941392475,7105.080999999999
2017-07-26,7105.080999999999,25504.730000000065,10.181497203691535,233710.687,231,127,345,128,2,26,30,7,3,2017,207,0,0.9749279121818236,-0.22252093395631434,-0.4999999999999997,-0.8660254037844388,-0.4071294853542516,-0.9133704517637858,6975.743999999998,6879.952,6574.919999999998,6611.227,6126.283999999999,25196.930000000084,25034.09000000001,22623.780000000035,10.151144996962826,10.101659382773208,0.03035220672870942,0.29900278971279254,232139.32300000006,236253.27899999998,1571.3639999999432,0.6769055667487851,0,7184.2388571428555,7190.650928571426,7228.289999999999,7029.5265,496.5010534009027,552.2716583599861,26227.737142857244,26728.123000000094,1.3923352953624915,5.513605870740756,3.589646620495962,6746.549999999999
2017-07-27,6746.549999999999,23696.84000000008,10.185769023204648,236033.97399999996,228,127,348,128,3,27,30,7,3,2017,208,0,0.43388373911755823,-0.900968867902419,-0.4999999999999997,-0.8660254037844388,-0.4227806579826773,-0.9062320427107697,7105.080999999999,6586.859999999999,6840.100999999998,7123.239,6554.007999999999,25504.730000000065,24584.76000000012,25058.8000000001,10.181497203691535,10.108834095800992,0.004271819513112618,0.04195669288760176,233710.687,235458.25300000003,2323.286999999953,0.9940867616378848,0,7216.400142857141,7228.51957142857,7244.751799999999,7040.4020222222225,480.54046187517486,540.4787003407188,26294.971428571538,26824.154666666764,7.867496804243608,-0.2549121263515145,3.5124382091587676,7313.586000000001
2017-07-28,7313.586000000001,26704.249999999996,10.187716328318995,236627.29299999998,254,127,349,128,4,28,30,7,3,2017,209,0,-0.433883739117558,-0.9009688679024191,-0.4999999999999997,-0.8660254037844388,-0.4383067230125192,-0.898825465016444,6746.549999999999,6981.683999999996,7217.003,6966.112000000003,7773.727000000001,23696.84000000008,25983.650000000136,25086.89000000014,10.185769023204648,10.063722087704178,0.0019473051143474862,0.019117899786567364,236033.97399999996,238583.3850000001,593.3190000000177,0.2513701692791131,0,7239.212999999999,7221.837357142856,7232.195499999999,7042.541377777777,448.38788883294296,547.7260010010822,26168.125714285816,26778.756000000096,-3.3678694137402454,-3.151858597737209,3.6513209798859263,8201.288999999999
2017-07-29,8201.288999999999,31388.23000000013,10.227990295187075,239313.54400000002,232,127,347,128,5,29,30,7,3,2017,210,1,-0.9749279121818236,-0.2225209339563146,-0.4999999999999997,-0.8660254037844388,-0.45370308603134424,-0.8911529104063088,7313.586000000001,7856.406999999998,7761.083000000001,6425.4389999999985,7434.728000000001,26704.249999999996,28459.580000000038,22292.760000000042,10.187716328318995,10.141293004392411,0.040273966868079825,0.39531888766994316,236627.29299999998,236699.56100000005,2686.2510000000475,1.1352244983844901,0,7286.62757142857,7228.736142857141,7243.777966666666,7037.4286999999995,433.93228337189834,545.5749504912369,26271.068571428652,26832.66800000009,-6.909277994380858,13.822355172930642,3.827231304737601,8182.128000000002
2017-07-30,8182.128000000002,31319.040000000023,10.22736799514369,234101.82199999993,254,126,349,128,6,30,30,7,3,2017,211,1,-0.7818314824680299,0.6234898018587334,-0.4999999999999997,-0.8660254037844388,-0.46896519100763184,-0.8832166493127127,8201.288999999999,7884.096999999999,7855.607999999998,7016.7570000000005,7303.5740000000005,31388.23000000013,28765.62000000008,24965.64000000013,10.227990295187075,10.151972088610915,-0.000622300043385593,-0.0060842846485533435,239313.54400000002,231429.37299999996,-5211.722000000096,-2.177779791686214,0,7335.896428571427,7260.179428571428,7302.972966666665,7045.946044444444,520.3762018991805,550.0450152532011,26689.447142857236,27135.850333333427,4.023187436684252,16.88147387746217,3.827737722998224,7400.2970000000005
2017-07-31,7400.2970000000005,26945.400000000038,10.181396490283454,254322.88799999995,235,128,357,128,0,31,31,7,3,2017,212,0,0.0,1.0,-0.4999999999999997,-0.8660254037844388,-0.48408852163897587,-0.8750190302029955,8182.128000000002,7124.927999999999,7281.1969999999965,8164.164000000001,6098.486000000002,31319.040000000023,25569.530000000203,29287.190000000104,10.22736799514369,10.143327709541499,-0.04597150486023516,-0.4494949715514689,234101.82199999993,231003.18700000003,20221.06600000002,8.637722606020565,0,7378.472285714285,7283.502285714284,7341.818666666667,7055.707755555555,581.3265619405646,569.9262017001859,27054.221428571513,27347.630333333425,14.838044679188386,0.22003477637149083,3.641124133261143,7098.532999999998
2017-08-01,7098.532999999998,26833.440000000028,10.204465823465139,258099.848,248,128,356,128,1,1,31,8,3,2017,213,0,0.7818314824680298,0.6234898018587336,-0.8660254037844385,-0.5000000000000004,-0.4990686026885319,-0.8665624788845385,7400.2970000000005,6975.743999999998,6849.5289999999995,8295.618,6266.006,26945.400000000038,25196.930000000084,30009.3600000001,10.181396490283454,10.151144996962826,0.02306933318168447,0.22658319223399787,254322.88799999995,232139.32300000006,3776.96000000005,1.4851042427608996,0,7417.810714285714,7292.0094285714285,7316.3564333333325,7070.172322222223,570.5264322395332,548.5837092183249,27250.77428571435,27269.57066666675,6.086132174575253,-10.79269802442687,3.78013879769243,7072.939999999999
2017-08-02,7072.939999999999,26678.799999999952,10.181097495285924,253076.28600000002,246,128,356,128,2,2,31,8,3,2017,214,0,0.9749279121818236,-0.22252093395631434,-0.8660254037844385,-0.5000000000000004,-0.5139010013093103,-0.8578494977869301,7098.532999999998,7105.080999999999,6879.952,7416.139000000002,6105.223,26833.440000000028,25504.730000000065,27445.55000000003,10.204465823465139,10.181497203691535,-0.02336832817921497,-0.2290009941086732,258099.848,233710.687,-5023.561999999976,-1.946363796386264,0,7435.352,7309.795428571428,7276.453599999999,7079.422622222221,556.3817426510323,517.5574345436314,27484.56142857148,27163.70666666675,-0.09215939973100369,-4.282632782368348,3.7719533885484617,6798.200999999998
2017-08-03,6798.200999999998,24679.630000000147,10.184909776460177,253073.42100000003,237,128,354,128,3,3,31,8,3,2017,215,0,0.43388373911755823,-0.900968867902419,-0.8660254037844385,-0.5000000000000004,-0.5285813283559292,-0.8488826652214553,7072.939999999999,6746.549999999999,6586.859999999999,7094.828000000004,6623.181999999999,26678.799999999952,23696.84000000008,25995.740000000198,10.181097495285924,10.185769023204648,0.0038122811742535845,0.03744469764697525,253076.28600000002,236033.97399999996,-2.8649999999906868,-0.0011320697190848954,0,7430.760428571428,7323.580285714285,7265.013633333333,7090.175033333334,559.684406300865,518.1560420269482,27652.28571428575,27138.148333333418,4.837880101681592,-0.30850642186118343,3.63031778554358,7107.866000000003
2017-08-04,7107.866000000003,25438.52000000004,10.196378058617016,253868.42900000006,221,128,354,128,4,4,31,8,3,2017,216,0,-0.433883739117558,-0.9009688679024191,-0.8660254037844385,-0.5000000000000004,-0.5431052396834317,-0.8396646346181327,6798.200999999998,7313.586000000001,6981.683999999996,6745.808999999999,8259.666000000001,24679.630000000147,26704.249999999996,24257.920000000133,10.184909776460177,10.187716328318995,0.011468282156839038,0.1126007240962021,253073.42100000003,236627.29299999998,795.0080000000307,0.314141246780724,0,7438.139142857143,7338.67607142857,7255.126066666666,7092.119688888889,549.4066815021539,524.309161179009,27792.68428571434,27094.278000000082,-7.046953437069077,0.776659997340555,3.578925095098871,8357.940999999999
2017-08-05,8357.940999999999,30700.750000000055,10.237164903294472,254880.09300000005,251,128,355,128,5,5,31,8,3,2017,217,1,-0.9749279121818236,-0.2225209339563146,-0.8660254037844385,-0.5000000000000004,-0.5574684374327892,-0.8301981337405212,7107.866000000003,8201.288999999999,7856.406999999998,6725.167999999998,8173.909000000001,25438.52000000004,31388.23000000013,25001.260000000108,10.196378058617016,10.227990295187075,0.04078684467745575,0.4000130678068234,253868.42900000006,239313.54400000002,1011.6639999999898,0.3984993344721842,0,7408.750571428572,7347.689071428571,7267.194633333333,7079.32191111111,562.5251485723561,516.286973867947,27611.865714285774,27133.631333333407,-13.332331051862656,5.690534422337182,3.6732432066701666,8541.444
2017-08-06,8541.444,30746.360000000066,10.252547099735745,249220.57000000007,244,127,355,128,6,6,31,8,3,2017,218,1,-0.7818314824680299,0.6234898018587334,-0.8660254037844385,-0.5000000000000004,-0.5716666713027052,-0.8204859638785327,8357.940999999999,8182.128000000002,7884.096999999999,7066.083999999998,6956.782000000001,30700.750000000055,31319.040000000023,25154.680000000142,10.237164903294472,10.22736799514369,0.01538219644127281,0.1502583633904597,254880.09300000005,234101.82199999993,-5659.5229999999865,-2.2204648991555356,0,7431.1294285714275,7383.512928571427,7321.620399999999,7081.366711111111,601.1027190170454,542.5700267857426,27513.65428571433,27323.614333333408,2.1487441897755257,18.28250272711167,3.5996676908494707,7417.762
2017-08-07,7417.762,26856.989999999994,10.167660661467243,251818.56100000005,228,128,357,128,0,7,32,8,3,2017,219,0,0.0,1.0,-0.8660254037844385,-0.5000000000000004,-0.5856957398073508,-0.8105309990194823,8541.444,7400.2970000000005,7124.927999999999,8397.630000000001,6881.751000000001,30746.360000000066,26945.400000000038,37666.130000000005,10.252547099735745,10.181396490283454,-0.08488643826850151,-0.8279546286667575,249220.57000000007,254322.88799999995,2597.99099999998,1.0424464561653075,0,7482.4602857142845,7430.466285714285,7370.799066666666,7098.974066666667,685.3590868821765,583.8988844548467,27431.842857142907,27510.003666666737,15.420286510122486,1.7125546136231111,3.620632476480102,7024.427999999999
2017-08-08,7024.427999999999,25298.920000000133,10.170092629882314,256909.66500000004,233,128,356,128,1,8,32,8,3,2017,220,0,0.7818314824680298,0.6234898018587336,-0.8660254037844385,-0.5000000000000004,-0.5995514915196489,-0.8003361849976323,7417.762,7098.532999999998,6975.743999999998,8016.142999999998,6803.144999999998,26856.989999999994,26833.440000000028,34016.190000000024,10.167660661467243,10.204465823465139,0.002431968415070429,0.023918662276829802,251818.56100000005,258099.848,5091.103999999992,2.0217350062611117,0,7484.955285714284,7451.383,7338.136799999999,7104.929744444444,685.0418424339524,550.9558575566572,27419.2128571429,27149.69900000007,4.497112290666286,-7.464699669155086,3.601563002709991,7055.247999999999
2017-08-09,7055.247999999999,24087.45000000007,10.188169023522994,259228.03900000005,239,128,357,128,2,9,32,8,3,2017,221,0,0.9749279121818236,-0.22252093395631434,-0.8660254037844385,-0.5000000000000004,-0.6132298262997502,-0.7899045386224707,7024.427999999999,7072.939999999999,7105.080999999999,7353.015999999999,6324.47,25298.920000000133,26678.799999999952,29129.460000000086,10.170092629882314,10.181097495285924,0.01807639364067981,0.17774069812861662,256909.66500000004,253076.28600000002,2318.3740000000107,0.9024082453262358,0,7474.3688571428565,7454.860428571429,7305.079633333332,7107.388444444444,692.540329272509,538.4830502958553,27199.99571428578,26859.12333333341,-0.6858816842783867,-4.468751325986504,3.4141181146290074,7068.107999999999
2017-08-10,7068.107999999999,23507.20000000019,10.16292992778734,262251.537,240,128,357,128,3,10,32,8,3,2017,222,0,0.43388373911755823,-0.900968867902419,-0.8660254037844385,-0.5000000000000004,-0.6267266965083301,-0.7792391467859886,7055.247999999999,6798.200999999998,6746.549999999999,6762.213999999997,6590.9839999999995,24087.45000000007,24679.630000000147,25491.550000000083,10.188169023522994,10.184909776460177,-0.025239095735653194,-0.2477294563662991,259228.03900000005,253073.42100000003,3023.497999999963,1.1663468240794597,0,7471.841428571429,7451.300928571428,7295.154033333331,7115.5082,694.279614215592,540.3102011943577,26829.802857142935,26691.05633333341,3.781103265408018,4.333403231545195,3.3258122258460387,7536.1359999999995
2017-08-11,7536.1359999999995,25776.81000000008,10.12759898510969,266787.329,233,128,356,128,4,11,32,8,3,2017,223,0,-0.433883739117558,-0.9009688679024191,-0.8660254037844385,-0.5000000000000004,-0.6400381082043503,-0.7683431655492202,7068.107999999999,7107.866000000003,7313.586000000001,6574.919999999998,7698.615,23507.20000000019,25438.52000000004,23936.260000000126,10.16292992778734,10.196378058617016,-0.0353309426776498,-0.3476452453051795,262251.537,253868.42900000006,4535.792000000016,1.7295578328679215,0,7510.399571428571,7474.269357142856,7305.3505,7120.809577777777,657.1335782482521,532.7393124568998,26662.31285714294,26624.91133333341,-0.559352131849467,7.501049442426694,3.420427922213729,8525.604
2017-08-12,8525.604,31051.490000000096,10.157490962644784,265724.84900000005,245,128,357,128,5,12,32,8,3,2017,224,1,-0.9749279121818236,-0.2225209339563146,-0.8660254037844385,-0.5000000000000004,-0.65316012232693,-0.7572198192083127,7536.1359999999995,8357.940999999999,8201.288999999999,6840.100999999998,7845.408999999999,25776.81000000008,30700.750000000055,24516.0300000001,10.12759898510969,10.237164903294472,0.029891977535093872,0.29515364479817147,266787.329,254880.09300000005,-1062.4799999999814,-0.39824979843775915,0,7571.580999999999,7490.165785714285,7337.391033333332,7119.004255555556,632.8999598649594,515.9343527629205,26710.64000000009,26686.26300000008,-9.832625044852549,10.175800035701254,3.642145471452826,8636.057
2017-08-13,8636.057,32163.6900000001,10.16154843477011,259721.95400000006,247,127,356,128,6,13,32,8,3,2017,225,1,-0.7818314824680299,0.6234898018587334,-0.8660254037844385,-0.5000000000000004,-0.666088855860977,-0.7458723993404063,8525.604,8541.444,8182.128000000002,7217.003,6270.764,31051.490000000096,30746.360000000066,26776.550000000112,10.157490962644784,10.252547099735745,0.0040574721253250345,0.039945613934059154,265724.84900000005,249220.57000000007,-6002.8949999999895,-2.2590642247387214,0,7595.532857142856,7513.331142857142,7393.574466666666,7126.561977777777,669.7208560148106,550.5268563067376,26760.745714285807,26904.111666666744,-0.18544873677097393,18.13219420859323,3.724348970832418,7456.281000000001
2017-08-14,7456.281000000001,26183.63999999998,10.122939209522363,258936.1160000001,245,128,357,128,0,14,33,8,3,2017,226,0,0.0,1.0,-0.8660254037844385,-0.5000000000000004,-0.6788204829862355,-0.734304263829602,8636.057,7417.762,7400.2970000000005,7761.083000000001,6131.152999999999,32163.6900000001,26856.989999999994,29795.379999999994,10.16154843477011,10.167660661467243,-0.03860922524774679,-0.37995415261355564,259721.95400000006,251818.56100000005,-785.8379999999597,-0.30256895418242524,0,7609.048999999999,7545.754642857143,7440.876266666665,7152.84301111111,692.558053974588,594.0734983042138,26963.22142857153,27083.683000000077,16.42402384978112,11.2738647428458,3.5116219466514176,7865.893
2017-08-15,7865.893,25923.540000000095,10.114630124181321,258899.2960000001,242,128,357,128,1,15,33,8,3,2017,227,0,0.7818314824680298,0.6234898018587336,-0.8660254037844385,-0.5000000000000004,-0.6913512362094071,-0.722518835873311,7456.281000000001,7024.427999999999,7098.532999999998,7855.607999999998,6383.297000000001,26183.63999999998,25298.920000000133,28699.670000000104,10.122939209522363,10.170092629882314,-0.008309085341041467,-0.08208174690237541,258936.1160000001,256909.66500000004,-36.820000000006985,-0.014219723601634223,0,7614.551714285714,7549.753499999999,7430.716199999999,7167.566655555556,690.9359998284741,591.0068692445101,26867.028571428666,26963.291666666744,6.147874246842617,-5.083336643070754,3.2956893769086477,7474.57
2017-08-16,7474.57,25006.690000000093,10.123681714971806,259853.1760000001,230,128,357,128,2,16,33,8,3,2017,228,0,0.9749279121818236,-0.22252093395631434,-0.8660254037844385,-0.5000000000000004,-0.7036774074790128,-0.7105196029692745,7865.893,7055.247999999999,7072.939999999999,7281.1969999999965,6707.690000000002,25923.540000000095,24087.45000000007,26354.880000000096,10.114630124181321,10.188169023522994,0.009051590790484454,0.08949008198376499,258899.2960000001,259228.03900000005,953.8800000000047,0.36843669130718854,0,7734.7609999999995,7604.564928571429,7431.059033333333,7184.039944444444,642.6676010054261,591.2647678360374,26956.260000000093,26870.754000000077,11.489957546495907,8.030218108368773,3.34556904276769,7065.719
2017-08-17,7065.719,24529.630000000067,10.13363526973646,262077.8960000001,243,128,358,128,3,17,33,8,3,2017,229,0,0.43388373911755823,-0.900968867902419,-0.8660254037844385,-0.5000000000000004,-0.7157953492826642,-0.6983101158835584,7474.57,7068.107999999999,6798.200999999998,6849.5289999999995,7516.187,25006.690000000093,23507.20000000019,24687.860000000168,10.123681714971806,10.16292992778734,0.009953554764654982,0.09831951502322298,259853.1760000001,262251.537,2224.720000000001,0.8561450101344924,0,7794.664142857143,7633.252785714285,7437.504799999999,7192.560833333333,585.8003934696638,590.6283878294291,27087.580000000096,26825.81433333341,5.750647839563296,9.125313579955646,3.471639616576893,7597.087000000001
2017-08-18,7597.087000000001,25663.61000000013,10.144409359834302,263200.8930000001,241,128,358,128,4,18,33,8,3,2017,230,0,-0.433883739117558,-0.9009688679024191,-0.8660254037844385,-0.5000000000000004,-0.7277014757264236,-0.6858939875998223,7065.719,7536.1359999999995,7107.866000000003,6879.952,7003.841000000001,24529.630000000067,25776.81000000008,25034.09000000001,10.13363526973646,10.12759898510969,0.010774090097841693,0.10632008959329646,262077.8960000001,266787.329,1122.997000000003,0.4284974113192677,0,7794.322857142857,7652.361214285715,7444.711133333333,7187.555633333333,586.2947187173696,584.4940660824537,27233.641428571507,26820.540000000074,-6.242151150138472,2.7001205822366177,3.378085574115464,7948.307000000001
2017-08-19,7948.307000000001,26798.47999999996,10.165201889176274,264608.77100000007,240,128,360,128,5,19,33,8,3,2017,231,1,-0.9749279121818236,-0.2225209339563146,-0.8660254037844385,-0.5000000000000004,-0.7393922635959241,-0.673274892250183,7597.087000000001,8525.604,8357.940999999999,6586.859999999999,7891.652,25663.61000000013,31051.490000000096,24584.76000000012,10.144409359834302,10.157490962644784,0.02079252934197129,0.20496540118241946,263200.8930000001,265724.84900000005,1407.8779999999679,0.5349062398507772,0,7803.030142857143,7687.305571428571,7468.615633333333,7194.147255555556,582.2599355879464,575.1907886694067,27217.470000000085,26841.524000000078,-10.890923387949968,15.337004278214547,3.3715959889319773,8012.445
2017-08-20,8012.445,28606.43000000002,10.202783210269846,260017.0050000001,249,127,361,128,6,20,33,8,3,2017,232,1,-0.7818314824680299,0.6234898018587334,-0.8660254037844385,-0.5000000000000004,-0.7508642533989489,-0.6604565640279754,7948.307000000001,8636.057,8541.444,6981.683999999996,6300.482999999999,26798.47999999996,32163.6900000001,25983.650000000136,10.165201889176274,10.16154843477011,0.037581321093572484,0.3697056045053902,264608.77100000007,259721.95400000006,-4591.765999999974,-1.7353037779688614,0,7720.559142857143,7658.046,7513.9972,7194.7767555555565,497.58448543158175,556.6313418226648,26609.897142857208,26915.314666666738,-7.963703806030923,13.845126763113393,3.570249780185701,6959.3769999999995
2017-08-21,6959.3769999999995,24212.260000000137,10.145677752748545,260078.1500000001,243,128,359,128,0,21,34,8,3,2017,233,0,0.0,1.0,-0.8660254037844385,-0.5000000000000004,-0.7621140503891487,-0.6474427960827475,8012.445,7456.281000000001,7417.762,7856.406999999998,6306.161,28606.43000000002,26183.63999999998,28459.580000000038,10.202783210269846,10.122939209522363,-0.057105457521300806,-0.5597047035540262,260017.0050000001,258936.1160000001,61.14500000001863,0.023515769670533128,0,7631.471714285714,7620.260357142857,7548.355899999999,7213.798555555555,335.9183825757467,554.4488511821694,26101.717142857196,27002.740666666734,7.459000002816402,1.9861241913765593,3.4790844065496294,6761.174999999999
2017-08-22,6761.174999999999,24095.47000000014,10.146127133217767,266202.4070000001,248,128,360,128,1,22,34,8,3,2017,234,0,0.7818314824680298,0.6234898018587336,-0.8660254037844385,-0.5000000000000004,-0.7731383255706026,-0.6342374393978054,6959.3769999999995,7865.893,7024.427999999999,7884.096999999999,6262.035,24212.260000000137,25923.540000000095,28765.62000000008,10.145677752748545,10.114630124181321,0.00044938046922204933,0.004429279937462123,260078.1500000001,258899.2960000001,6124.257000000012,2.354775670312946,0,7560.485428571429,7587.518571428571,7518.4549,7221.05651111111,420.8707457553754,561.4074339256837,25820.091428571504,26861.163333333403,-11.524641893806596,-11.728927231615739,3.5637991917085627,6624.8139999999985
2017-08-23,6624.8139999999985,23401.270000000193,10.144348113393661,270455.17700000014,235,128,361,128,2,23,34,8,3,2017,235,0,0.9749279121818236,-0.22252093395631434,-0.8660254037844385,-0.5000000000000004,-0.7839338166829201,-0.620844401650647,6761.174999999999,7474.57,7055.247999999999,7124.927999999999,6227.056,24095.47000000014,25006.690000000093,25569.530000000203,10.146127133217767,10.123681714971806,-0.0017790198241058874,-0.017533979229192694,266202.4070000001,259853.1760000001,4252.770000000019,1.597570077568839,0,7402.668571428571,7568.714785714285,7481.024166666667,7226.602511111111,488.8887674349016,573.4925609612555,25558.938571428655,26705.49166666674,-9.544294855757594,-5.105356854132418,3.5323663426626317,6404.292
2017-08-24,6404.292,23379.040000000095,10.169975592056675,274544.2100000001,243,128,361,128,3,24,34,8,3,2017,236,0,0.43388373911755823,-0.900968867902419,-0.8660254037844385,-0.5000000000000004,-0.7944973291665992,-0.6072676460566135,6624.8139999999985,7065.719,7068.107999999999,6975.743999999998,8058.819999999999,23401.270000000193,24529.630000000067,25196.930000000084,10.144348113393661,10.13363526973646,0.025627478663013292,0.25262814698932834,270455.17700000014,262077.8960000001,4089.0329999999376,1.5119078308491523,0,7281.274857142857,7537.9695,7464.353700000001,7231.022044444445,567.2751012999543,591.1961003406341,25329.59285714295,26633.216333333407,-6.2400585135072815,-5.030717870380557,3.650526865420892,8094.115999999999
2017-08-25,8094.115999999999,30574.190000000104,10.164755111431688,277460.1570000001,246,128,362,128,4,25,34,8,3,2017,237,0,-0.433883739117558,-0.9009688679024191,-0.8660254037844385,-0.5000000000000004,-0.8048257371083452,-0.593511190196115,6404.292,7597.087000000001,7536.1359999999995,7105.080999999999,8288.611,23379.040000000095,25663.61000000013,25504.730000000065,10.169975592056675,10.144409359834302,-0.005220480624986479,-0.05133228273491599,274544.2100000001,263200.8930000001,2915.9470000000438,1.0621047153025165,0,7186.785285714285,7490.554071428572,7445.305300000001,7212.6384,657.133027341979,616.1610337341351,25165.222857142955,26572.62000000007,-15.700688961440099,-9.863209159754813,3.7773352889926595,9375.252
2017-08-26,9375.252,35404.340000000244,10.220104338637487,275982.0110000002,264,128,362,128,5,26,34,8,3,2017,238,1,-0.9749279121818236,-0.2225209339563146,-0.8660254037844385,-0.5000000000000004,-0.8149159841660791,-0.5795791048257612,8094.115999999999,7948.307000000001,8525.604,6746.549999999999,8082.8859999999995,30574.190000000104,26798.47999999996,23696.84000000008,10.164755111431688,10.165201889176274,0.05534922720579871,0.5445210100885831,277460.1570000001,264608.77100000007,-1478.1459999999497,-0.5327417154168009,0,7257.789428571428,7530.409785714285,7478.273133333333,7210.477344444444,731.4999776671326,623.742170826696,25866.734285714378,26741.60200000007,1.834466132221596,19.974149750613275,3.7763614247382624,9019.583000000002
2017-08-27,9019.583000000002,34585.13000000018,10.229964762980334,269905.2060000002,258,127,361,128,6,27,34,8,3,2017,239,1,-0.7818314824680299,0.6234898018587334,-0.8660254037844385,-0.5000000000000004,-0.8247650844733614,-0.5654755126737576,9375.252,8012.445,8636.057,7313.586000000001,5987.697000000001,35404.340000000244,28606.43000000002,26704.249999999996,10.220104338637487,10.202783210269846,0.00986042434284684,0.09648066219411418,275982.0110000002,260017.0050000001,-6076.804999999993,-2.2018844554328543,0,7461.638714285714,7591.0989285714295,7565.8965333333335,7224.836966666666,1074.4382105630696,697.6647956170583,27096.142857142993,27131.85200000008,17.0086284523638,28.189536569338202,3.834448887492933,7675.845000000002
2017-08-28,7675.845000000002,28001.830000000136,10.174660090641588,270597.86100000015,241,128,361,128,0,28,35,8,3,2017,240,0,0.0,1.0,-0.8660254037844385,-0.5000000000000004,-0.8343701235229538,-0.5512045872199277,9019.583000000002,6959.3769999999995,7456.281000000001,8201.288999999999,5868.051,34585.13000000018,24212.260000000137,31388.23000000013,10.229964762980334,10.145677752748545,-0.05530467233874603,-0.5406144949675654,269905.2060000002,260078.1500000001,692.6549999999697,0.25662898847529797,0,7605.515571428571,7618.493642857144,7622.7631,7258.5245888888885,1218.291412372681,744.3552727549223,27950.242857143017,27394.548000000083,29.603310756120887,9.977626687707305,3.64804526407192,7912.337000000001
2017-08-29,7912.337000000001,29989.850000000086,10.162102918688003,277338.8910000001,251,128,363,128,1,29,35,8,3,2017,241,0,0.7818314824680298,0.6234898018587336,-0.8660254037844385,-0.5000000000000004,-0.8437282590292712,-0.5367705514607103,7675.845000000002,6761.174999999999,7865.893,8182.128000000002,6820.258000000002,28001.830000000136,24095.47000000014,31319.040000000023,10.174660090641588,10.146127133217767,-0.012557171953584856,-0.1234161322512842,270597.86100000015,266202.4070000001,6741.02999999997,2.491161598649875,0,7707.868142857143,7634.176785714286,7605.248300000001,7278.611188888889,1184.590127825885,736.412572117981,28491.61000000016,27281.668000000085,13.528269864335755,-6.187669026932849,3.7902644945482074,8721.785
2017-08-30,8721.785,31109.570000000047,10.148257961993417,278006.9760000001,254,128,363,128,2,30,35,8,3,2017,242,0,0.9749279121818236,-0.22252093395631434,-0.8660254037844385,-0.5000000000000004,-0.8528367217694595,-0.522177676659508,7912.337000000001,6624.8139999999985,7474.57,7400.2970000000005,5875.973000000001,29989.850000000086,23401.270000000193,26945.400000000038,10.162102918688003,10.144348113393661,-0.01384495669458552,-0.13624105960514124,277338.8910000001,270455.17700000014,668.0849999999627,0.24089120627512803,0,7872.319857142858,7637.4942142857135,7596.255266666666,7290.745399999999,1108.7373951288985,730.7503903468175,29333.66428571444,27237.361666666755,19.434855076685974,6.919181757164622,3.5668810914279643,9943.296
2017-08-31,9943.296,36446.660000000265,10.152697506560846,277888.84100000013,263,128,365,128,3,31,35,8,3,2017,243,0,0.43388373911755823,-0.900968867902419,-0.8660254037844385,-0.5000000000000004,-0.8616928164028522,-0.5074302810827518,8721.785,6404.292,7065.719,7098.532999999998,6349.397999999999,31109.570000000047,23379.040000000095,26833.440000000028,10.148257961993417,10.169975592056675,0.00443954456742901,0.04374686359033932,278006.9760000001,274544.2100000001,-118.1349999999511,-0.04249353800386328,0,8171.887142857144,7726.581,7640.304866666667,7322.365533333333,992.7174759866062,757.8575604795938,30434.85000000013,27376.167333333422,36.186560512856055,22.8674290871086,3.6654505709173564,4745.006000000001
2017-09-01,4745.006000000001,16602.239999999958,10.160743774356721,273647.894,227,103,364,128,4,1,35,9,3,2017,244,0,-0.433883739117558,-0.9009688679024191,-1.0,-1.8369701987210297e-16,-0.8702939222685674,-0.49253272872205434,9943.296,8094.115999999999,7597.087000000001,7072.939999999999,7662.522999999998,36446.660000000265,30574.190000000104,26678.799999999952,10.152697506560846,10.164755111431688,0.008046267795874584,0.07925251186371847,277888.84100000013,277460.1570000001,-4240.94700000016,-1.52613073081267,0,8677.459142857144,7932.122214285715,7735.1303,7362.297733333333,830.3817739047655,858.960677069541,32301.652857143014,27696.6080000001,22.84597848610029,40.582218992385094,3.4988870403957244,6548.713999999999
2017-09-02,6548.713999999999,23060.14000000002,10.196879187951064,267602.184,240,118,364,128,5,2,35,9,3,2017,245,1,-0.9749279121818236,-0.2225209339563146,-1.0,-1.8369701987210297e-16,-0.8786374941610001,-0.4774894280028391,4745.006000000001,9375.252,7948.307000000001,6798.200999999998,8352.143,16602.239999999958,35404.340000000244,24679.630000000147,10.160743774356721,10.220104338637487,0.03613541359434258,0.3556374847827547,273647.894,275982.0110000002,-6045.709999999963,-2.209302586483623,0,8199.014857142858,7728.402142857143,7657.5325,7329.880877777778,1715.553326642229,1012.3086396755714,30305.660000000138,27360.722666666763,-49.38796311821804,-30.202034332318174,3.521323423194237,6113.4720000000025
2017-09-03,6113.4720000000025,22442.890000000094,10.219331072543815,264264.184,235,124,364,128,6,3,35,9,3,2017,246,1,-0.7818314824680299,0.6234898018587334,-1.0,-1.8369701987210297e-16,-0.886721063082993,-0.46230483047981086,6548.713999999999,9019.583000000002,8012.445,7107.866000000003,12655.145,23060.14000000002,34585.13000000018,25438.52000000004,10.196879187951064,10.229964762980334,0.02245188459275127,0.2201838835089964,267602.184,269905.2060000002,-3338.0,-1.2473739750943138,0,7795.223714285715,7628.431214285715,7649.216266666666,7309.842777777778,1725.1747444254188,1020.6023867581533,28542.20285714296,27306.73966666676,-27.39449262787429,-7.866664903362041,3.671054680548154,7309.8600000000015
2017-09-04,7309.8600000000015,27357.51000000012,10.201998410279279,259472.184,245,127,363,128,0,4,36,9,3,2017,247,0,0.0,1.0,-1.0,-1.8369701987210297e-16,-0.8945422369764496,-0.4469834295196741,6113.4720000000025,7675.845000000002,6959.3769999999995,8357.940999999999,6071.6,22442.890000000094,28001.830000000136,30700.750000000055,10.219331072543815,10.174660090641588,-0.017332662264536225,-0.16960662240509786,264264.184,270597.86100000015,-4792.0,-1.813336914396239,0,7380.065000000001,7492.790285714285,7616.069799999999,7237.157522222223,1731.0932602682228,1054.3790036637463,26807.597142857234,27206.88533333343,-20.354410491613617,-26.854329313882413,3.742549104907633,6480.8139999999985
2017-09-05,6480.8139999999985,24683.960000000105,10.183472673069646,260198.60400000002,252,128,363,128,1,5,36,9,3,2017,248,0,0.7818314824680298,0.6234898018587336,-1.0,-1.8369701987210297e-16,-0.9020987014301837,-0.43152975897147144,7309.8600000000015,7912.337000000001,6761.174999999999,8541.444,6177.464,27357.51000000012,29989.850000000086,30746.360000000066,10.201998410279279,10.162102918688003,-0.018525737209632354,-0.1815892971612923,259472.184,277338.8910000001,726.4200000000128,0.27996064503007106,0,7327.781428571429,7517.824785714286,7581.133766666667,7250.915966666666,1726.1909504847226,1046.2826345442404,26715.551428571518,27095.444000000094,-7.614400144988766,-14.418920266877569,3.8087746384945023,6843.297
2017-09-06,6843.297,24978.020000000117,10.181933328922929,261191.87900000004,242,128,363,128,2,6,36,9,3,2017,249,0,0.9749279121818236,-0.22252093395631434,-1.0,-1.8369701987210297e-16,-0.9093882203647925,-0.4159483918249421,6480.8139999999985,8721.785,6624.8139999999985,7417.762,5914.457999999999,24683.960000000105,31109.570000000047,26856.989999999994,10.183472673069646,10.148257961993417,-0.001539344146717525,-0.01511610229768029,260198.60400000002,278006.9760000001,993.2750000000233,0.38173725174944567,0,7123.2781428571425,7497.799,7512.4461,7254.286522222223,1730.1882670733278,1048.7016795366317,25957.567142857235,26893.3640000001,-25.693949117067223,-12.631141306501897,3.6499979468960824,6972.238
2017-09-07,6972.238,26569.730000000258,10.22231044065008,261162.52800000005,243,128,366,128,3,7,36,9,3,2017,250,0,0.43388373911755823,-0.900968867902419,-1.0,-1.8369701987210297e-16,-0.9164086366943458,-0.4002439388573056,6843.297,9943.296,6404.292,7024.427999999999,6524.608,24978.020000000117,36446.660000000265,25298.920000000133,10.181933328922929,10.152697506560846,0.040377111727151416,0.39655643405615004,261191.87900000004,277888.84100000013,-29.35099999999511,-0.011237332535899827,0,6854.922714285714,7513.404928571429,7493.2972666666665,7264.606955555556,1580.1039761582033,1055.7114984678992,25081.63142857153,26830.73166666677,-31.17677478373369,-2.5785871817605566,3.8107893046680643,6865.106
2017-09-08,6865.106,25371.720000000143,10.242672174486879,263872.53300000005,240,128,366,128,4,8,36,9,3,2017,251,0,-0.433883739117558,-0.9009688679024191,-1.0,-1.8369701987210297e-16,-0.9231578729647039,-0.38442104726885545,6972.238,4745.006000000001,8094.115999999999,7055.247999999999,7662.052000000001,26569.730000000258,16602.239999999958,24087.45000000007,10.22231044065008,10.160743774356721,0.020361733836798734,0.19918915547534324,261162.52800000005,273647.894,2710.0050000000047,1.0376699217737715,0,6430.485857142857,7553.972500000001,7491.5576,7269.580622222223,836.1676723067349,1056.5534379304038,23670.641428571533,26873.09200000011,46.938444334949175,-1.176570972416539,3.6957506555616395,7478.881
2017-09-09,7478.881,28749.45000000008,10.29896480880022,264953.78200000006,253,128,367,128,5,9,36,9,3,2017,252,1,-0.9749279121818236,-0.2225209339563146,-1.0,-1.8369701987210297e-16,-0.9296339319682695,-0.3684843993077793,6865.106,6548.713999999999,9375.252,7068.107999999999,7682.0470000000005,25371.720000000143,23060.14000000002,23507.20000000019,10.242672174486879,10.196879187951064,0.05629263431334053,0.5495893391331798,263872.53300000005,267602.184,1081.2490000000107,0.4097618602842648,0,6733.357285714285,7466.186071428572,7485.219533333334,7260.725666666667,387.51190547168477,1059.8262749033915,24923.424285714416,26915.90100000011,4.831360783201111,-2.872084014562306,3.84408442920807,7903.855000000001
2017-09-10,7903.855000000001,30641.4200000002,10.29927206370185,260934.34800000006,257,127,366,128,6,10,36,9,3,2017,253,1,-0.7818314824680299,0.6234898018587334,-1.0,-1.8369701987210297e-16,-0.9358348973349941,-0.35243871088460327,7478.881,6113.4720000000025,9019.583000000002,7536.1359999999995,5928.351999999999,28749.45000000008,22442.890000000094,25776.81000000008,10.29896480880022,10.219331072543815,0.0003072549016298609,0.002983357136702894,264953.78200000006,264264.184,-4019.4340000000084,-1.5170321290224147,0,6866.238285714286,7330.731000000001,7498.911966666667,7258.468266666667,465.3141959597095,1056.9010314829156,25736.182857142994,27090.642666666772,22.334427964992678,-0.7597394739160652,3.876768994370493,6839.915999999999
2017-09-11,6839.915999999999,24546.34000000008,10.235913528590412,258522.60900000005,233,127,365,127,0,11,37,9,3,2017,254,0,0.0,1.0,-1.0,-1.8369701987210297e-16,-0.9417589340994617,-0.33628873017668287,7903.855000000001,7309.8600000000015,7675.845000000002,8525.604,5691.972,30641.4200000002,27357.51000000012,31051.490000000096,10.29927206370185,10.201998410279279,-0.06335853511143696,-0.6151748853662588,260934.34800000006,259472.184,-2411.7390000000014,-0.9242704222289665,0,7122.007285714286,7251.036142857143,7511.169266666667,7280.4183,474.54727567437226,1059.4767724525675,26907.40142857158,27252.796333333437,8.125942220507639,-7.29272670886424,3.588690270465322,6556.829
2017-09-12,6556.829,23802.610000000124,10.233920923674894,260729.62300000005,241,126,365,126,1,12,37,9,3,2017,255,0,0.7818314824680298,0.6234898018587336,-1.0,-1.8369701987210297e-16,-0.9474042892438845,-0.32003923622313857,6839.915999999999,6480.8139999999985,7912.337000000001,8636.057,5483.554,24546.34000000008,24683.960000000105,32163.6900000001,10.235913528590412,10.183472673069646,-0.0019926049155181147,-0.019466800984127855,258522.60900000005,260198.60400000002,2207.0139999999956,0.8537025092455242,0,7054.872428571428,7191.326928571429,7454.979666666667,7293.173233333334,476.77876228674654,1048.4639815068979,26505.805714285856,27035.958000000108,5.54100148530726,-20.79816054942668,3.6302014281598813,6415.355
2017-09-13,6415.355,23119.100000000133,10.262516436333328,267796.623,249,126,366,126,2,13,37,9,3,2017,256,0,0.9749279121818236,-0.22252093395631434,-1.0,-1.8369701987210297e-16,-0.9527692922168511,-0.30369503751065885,6556.829,6843.297,8721.785,7456.281000000001,5793.3319999999985,23802.610000000124,24978.020000000117,26183.63999999998,10.233920923674894,10.181933328922929,0.028595512658434075,0.27941893309222215,260729.62300000005,261191.87900000004,7066.999999999971,2.7104706855653182,0,7065.731714285715,7094.5049285714285,7385.672066666667,7305.09851111111,462.1663909841357,1036.350518941328,26379.89857142872,26757.255333333444,-4.186110876087942,-12.063011037271812,3.603713278532542,8446.403999999999
2017-09-14,8446.403999999999,68163.37999999987,10.303015830425613,268362.623,243,126,367,126,3,14,37,9,3,2017,257,0,0.43388373911755823,-0.900968867902419,-1.0,-1.8369701987210297e-16,-0.9578523554276669,-0.28726097055059635,6415.355,6972.238,9943.296,7865.893,6140.855000000001,23119.100000000133,26569.730000000258,25923.540000000095,10.262516436333328,10.22231044065008,0.040499394092284646,0.39463414595762236,267796.623,261162.52800000005,566.0,0.21135442025346224,0,7004.597142857143,6929.759928571429,7350.974533333333,7312.009877777778,521.0465838629067,1051.2236149299347,26114.33857142872,26655.104000000112,-7.987148459361265,-18.440855984183873,8.070106521070965,8043.71
2017-09-15,8043.71,52614.33000000021,10.272823853333234,268859.33300000004,247,126,367,126,4,15,37,9,3,2017,258,0,-0.433883739117558,-0.9009688679024191,-1.0,-1.8369701987210297e-16,-0.9626519747161487,-0.2707418984477642,8446.403999999999,6865.106,4745.006000000001,7474.57,7018.580000000001,68163.37999999987,25371.720000000143,25006.690000000093,10.303015830425613,10.242672174486879,-0.030191977092378863,-0.29304018929311537,268362.623,263872.53300000005,496.71000000002095,0.1850891135461964,0,7215.192285714286,6822.8390714285715,7370.3249000000005,7337.627088888889,752.356847418366,1066.2640734799504,32056.288571428664,28063.098666666774,23.03384681897117,13.001871679574863,6.54105257399884,8377.112000000001
2017-09-16,8377.112000000001,30356.77000000017,10.323142010238838,267869.33300000004,248,126,368,126,5,16,37,9,3,2017,259,1,-0.9749279121818236,-0.2225209339563146,-1.0,-1.8369701987210297e-16,-0.9671667297977312,-0.2541427094613622,8043.71,7478.881,6548.713999999999,7065.719,7571.272000000001,52614.33000000021,28749.45000000008,24529.630000000067,10.272823853333234,10.29896480880022,0.05031815690560393,0.4898181612378873,268859.33300000004,264953.78200000006,-990.0,-0.36822229265889006,0,7383.564285714287,7058.4607857142855,7389.2962333333335,7349.017422222222,791.7998734840165,1073.2232512679498,35948.090000000106,28983.353333333445,7.552319658515755,13.841351460481233,3.623775114860607,8879.440000000002
2017-09-17,8879.440000000002,30431.170000000213,10.357660063551172,262295.33300000004,261,125,367,126,6,17,37,9,3,2017,260,1,-0.7818314824680299,0.6234898018587334,-1.0,-1.8369701987210297e-16,-0.97139528468375,-0.23746831555846842,8377.112000000001,7903.855000000001,6113.4720000000025,7597.087000000001,6234.838000000002,30356.77000000017,30641.4200000002,25663.61000000013,10.323142010238838,10.29927206370185,0.034518053312334374,0.334375457376235,267869.33300000004,260934.34800000006,-5574.0,-2.080865300097641,0,7511.883,7189.060642857143,7433.009333333333,7357.971199999999,877.9212355885929,1086.217558928254,36177.70714285726,29177.591333333447,5.987673103820851,10.267422236970559,3.4271496851153005,7936.468
2017-09-18,7936.468,25804.260000000246,10.301760425788954,259497.33300000004,248,126,368,126,0,18,38,9,3,2017,261,0,0.0,1.0,-1.0,-1.8369701987210297e-16,-0.9753363880767837,-0.2207236509605022,8879.440000000002,6839.915999999999,7309.8600000000015,7948.307000000001,6162.299,30431.170000000213,24546.34000000008,26798.47999999996,10.357660063551172,10.235913528590412,-0.05589963776221829,-0.5396936896870203,262295.33300000004,258522.60900000005,-2798.0,-1.0667364790665184,0,7651.252285714286,7386.629785714286,7475.7544333333335,7387.355666666666,1016.9462203287724,1117.6733046201039,36147.67142857155,29336.51000000012,29.817968524759706,11.714859529205421,3.251353120808935,7206.6720000000005
2017-09-19,7206.6720000000005,24431.000000000196,10.347883926760705,265853.33300000004,241,124,368,125,1,19,38,9,3,2017,262,0,0.7818314824680298,0.6234898018587336,-1.0,-1.8369701987210297e-16,-0.9789888737409319,-0.20391367068311472,7936.468,6556.829,6480.8139999999985,8012.445,6119.756,25804.260000000246,23802.610000000124,28606.43000000002,10.301760425788954,10.233920923674894,0.046123500971750886,0.44772445742659117,259497.33300000004,260729.62300000005,6356.0,2.4493507993008925,0,7807.902571428572,7431.3875,7475.3598,7407.068655555556,953.6232608062221,1117.5027771335656,36327.37428571443,29303.36933333346,21.0412533253498,-0.9482373981974275,3.3900529953354606,6850.923999999999
2017-09-20,6850.923999999999,23541.84000000024,10.360302927850782,266990.33300000004,245,125,368,125,2,20,38,9,3,2017,263,0,0.9749279121818236,-0.22252093395631434,-1.0,-1.8369701987210297e-16,-0.9823516608469237,-0.18704334906991657,7206.6720000000005,6415.355,6843.297,6959.3769999999995,6475.052,24431.000000000196,23119.100000000133,24212.260000000137,10.347883926760705,10.262516436333328,0.012419001090076875,0.12001488592232898,265853.33300000004,267796.623,1137.0,0.4276794227740601,0,7900.737285714286,7483.2345000000005,7448.5007000000005,7419.1455,835.8976283973485,1113.8261415493278,36417.14428571444,29164.188333333463,12.334734398953776,3.5534071512435808,3.436301439046798,6990.907
2017-09-21,6990.907,24554.16000000014,10.350008123475872,268202.33300000004,248,125,368,125,3,21,38,9,3,2017,264,0,0.43388373911755823,-0.900968867902419,-1.0,-1.8369701987210297e-16,-0.9854237542919524,-0.17011767832049052,6850.923999999999,8446.403999999999,6972.238,6761.174999999999,8053.167000000002,23541.84000000024,68163.37999999987,24095.47000000014,10.360302927850782,10.303015830425613,-0.010294804374909816,-0.09936779307133103,266990.33300000004,268362.623,1212.0,0.45394901994447856,0,7962.961428571429,7483.779285714286,7444.8856,7423.321855555556,714.2587723682691,1115.6429317601041,36477.535714285885,29141.841000000135,-18.889458756649574,1.32741720189168,3.512299620063626,6937.895999999999
2017-09-22,6937.895999999999,23562.08000000011,10.34014608413267,270016.72300000006,241,125,368,125,4,22,38,9,3,2017,265,0,-0.433883739117558,-0.9009688679024191,-1.0,-1.8369701987210297e-16,-0.9882042449941422,-0.15314166701312007,6990.907,8043.71,6865.106,6624.8139999999985,10744.453999999998,24554.16000000014,52614.33000000021,23401.270000000193,10.350008123475872,10.272823853333234,-0.009862039343202511,-0.09528532949489624,268202.33300000004,268859.33300000004,1814.390000000014,0.6765004538569818,0,7755.033285714286,7485.112785714286,7452.543333333333,7411.518966666667,760.430565263507,1111.5691385373852,30247.64714285735,29157.130666666802,-13.088525071142543,5.5260872229771545,3.3961420003989846,8469.787
2017-09-23,8469.787,30523.11000000009,10.413012203388853,273335.858,251,125,367,125,5,23,38,9,3,2017,266,1,-0.9749279121818236,-0.2225209339563146,-1.0,-1.8369701987210297e-16,-0.9906923101615609,-0.13612033862266704,6937.895999999999,8377.112000000001,7478.881,6404.292,5537.199999999999,23562.08000000011,30356.77000000017,23379.040000000095,10.34014608413267,10.323142010238838,0.07286611925618303,0.7046913908498714,270016.72300000006,267869.33300000004,3319.134999999951,1.2292331242017,0,7597.059857142856,7490.3120714285715,7462.9794,7369.2238777777775,804.0748034141764,1104.9801250597714,26097.325714285904,29162.491000000133,-17.18033613493531,8.331974869353214,3.6037635893323046,8758.948
2017-09-24,8758.948,30538.880000000077,10.453425421882532,268171.00800000003,261,124,367,125,6,24,38,9,3,2017,267,1,-0.7818314824680299,0.6234898018587334,-1.0,-1.8369701987210297e-16,-0.9928872135356962,-0.11905873003404988,8469.787,8879.440000000002,7903.855000000001,8094.115999999999,6611.227,30523.11000000009,30431.170000000213,30574.190000000104,10.413012203388853,10.357660063551172,0.04041321849367918,0.38810305514217047,273335.858,262295.33300000004,-5164.849999999977,-1.8895618151936644,0,7610.299142857143,7561.091071428571,7531.829233333333,7401.808177777778,819.6708797248319,1101.0823009819312,26121.088571428754,29400.6266666668,-4.613500400926206,4.641285101424309,3.486592225459048,6925.371
2017-09-25,6925.371,24465.69000000007,10.428804894628538,266190.53300000005,253,124,367,124,0,25,39,9,3,2017,268,0,0.0,1.0,-1.0,-1.8369701987210297e-16,-0.994788305609327,-0.10196189005174576,8758.948,7936.468,6839.915999999999,9375.252,7123.239,30538.880000000077,25804.260000000246,35404.340000000244,10.453425421882532,10.301760425788954,-0.024620527253993885,-0.2355259282039249,268171.00800000003,259497.33300000004,-1980.4749999999767,-0.7385119721815628,0,7593.086,7622.169142857143,7553.9903,7425.671744444444,789.2785463267932,1119.3287003870882,26136.475714285876,29399.4496666668,10.363300148126351,-6.573732631400202,3.532762360312548,6696.731000000002
2017-09-26,6696.731000000002,23096.480000000105,10.459654374743891,269845.65300000005,239,124,367,124,1,26,39,9,3,2017,269,0,0.7818314824680298,0.6234898018587336,-1.0,-1.8369701987210297e-16,-0.9963950238187231,-0.08483487790576538,6925.371,7206.6720000000005,6556.829,9019.583000000002,6966.112000000003,24465.69000000007,24431.000000000196,34585.13000000018,10.428804894628538,10.347883926760705,0.0308494801153536,0.2958103102613698,266190.53300000005,265853.33300000004,3655.1199999999953,1.3731217105305524,0,7448.643571428572,7628.273071428572,7472.3276000000005,7423.473211111112,808.2543493284481,1070.1612768096688,25945.251428571566,29034.82800000013,-3.903341237120274,-23.218501343133067,3.448918584306298,6380.191
2017-09-27,6380.191,22048.890000000047,10.462171840957634,276464.33300000004,237,124,368,124,2,27,39,9,3,2017,270,0,0.9749279121818236,-0.22252093395631434,-1.0,-1.8369701987210297e-16,-0.9977068927101168,-0.06768276175455162,6696.731000000002,6850.923999999999,6415.355,7675.845000000002,6425.4389999999985,23096.480000000105,23541.84000000024,28001.830000000136,10.459654374743891,10.360302927850782,0.002517466213742381,0.02406834990476463,269845.65300000005,266990.33300000004,6618.679999999993,2.4527650997587096,0,7375.794857142857,7638.266071428572,7394.8992,7420.480088888888,855.3093287159578,1037.8991661277175,25754.605714285837,28651.873000000127,-2.2506891041266477,-12.755781285317777,3.455835413077766,6425.009999999999
2017-09-28,6425.009999999999,21248.97000000001,10.469668055459714,279813.53300000005,235,124,368,124,3,28,39,9,3,2017,271,0,0.43388373911755823,-0.900968867902419,-1.0,-1.8369701987210297e-16,-0.9987235240803972,-0.050510617185222886,6380.191,6990.907,8446.403999999999,7912.337000000001,7016.7570000000005,22048.890000000047,24554.16000000014,29989.850000000086,10.462171840957634,10.350008123475872,0.007496214502079823,0.07165065357398749,276464.33300000004,268202.33300000004,3349.2000000000116,1.2114401751780441,0,7308.547285714286,7635.754357142856,7351.710733333332,7419.977333333334,919.5475571687253,1052.6575657538992,25541.32714285724,28453.441666666786,-8.735862170673995,-19.36401343876027,3.3072275373890485,10211.493999999999
2017-09-29,10211.493999999999,29621.360000000135,10.49703822525498,279152.2360000001,248,124,369,124,4,29,39,9,3,2017,272,0,-0.433883739117558,-0.9009688679024191,-1.0,-1.8369701987210297e-16,-0.9994446170919858,-0.033323525711631344,6425.009999999999,6937.895999999999,8043.71,8721.785,8164.164000000001,21248.97000000001,23562.08000000011,31109.570000000047,10.469668055459714,10.34014608413267,0.027370169795267074,0.2614234725521608,279813.53300000005,270016.72300000006,-661.2969999999623,-0.23633488806274502,0,7227.704857142858,7491.369071428571,7302.1331666666665,7413.402366666665,975.3119634000229,1060.3396488408655,25069.157142857217,28162.079000000118,-7.392529377782537,-26.33377227253367,2.900786114157256,13823.129000000003
2017-09-30,13823.129000000003,38228.440000000315,10.550189066994523,272816.65100000007,254,124,368,124,5,30,39,9,3,2017,273,1,-0.9749279121818236,-0.2225209339563146,-1.0,-1.8369701987210297e-16,-0.9998699583618592,-0.016126573270657762,10211.493999999999,8469.787,8377.112000000001,9943.296,8295.618,29621.360000000135,30523.11000000009,36446.660000000265,10.49703822525498,10.413012203388853,0.05315084173954254,0.506341318369844,279152.2360000001,273335.858,-6335.585000000021,-2.269580602607109,0,7695.361714285713,7646.2107857142855,7351.790133333334,7436.150477777777,1471.7047076339647,1159.3737854416006,25934.768571428653,28112.47200000012,20.56376388213775,2.697274626039479,2.765541723585182,10525.568000000001
2017-10-01,10525.568000000001,34514.74000000023,10.542608486678528,262230.86199999996,256,123,368,124,6,1,39,10,4,2017,274,1,-0.7818314824680299,0.6234898018587334,-0.8660254037844386,0.5000000000000001,-0.9999994220246925,0.001075151282798226,13823.129000000003,8758.948,8879.440000000002,4745.006000000001,7416.139000000002,38228.440000000315,30538.880000000077,16602.239999999958,10.550189066994523,10.453425421882532,-0.007580580315995178,-0.07185255418512314,272816.65100000007,268171.00800000003,-10585.789000000106,-3.880184351357683,0,8460.124857142857,8035.2119999999995,7481.1179,7497.567266666667,2764.394062925887,1593.5303854372253,27035.53000000011,28171.86466666679,57.817228735688374,191.3195262556043,3.279133249626075,8705.810999999998
2017-10-02,8705.810999999998,27531.129999999976,10.46298760019088,258870.65000000008,237,124,366,124,0,2,40,10,4,2017,275,0,0.0,1.0,-0.8660254037844386,0.5000000000000001,-0.999832969770105,0.018276557681691223,10525.568000000001,6925.371,7936.468,6548.713999999999,7094.828000000004,34514.74000000023,24465.69000000007,23060.14000000002,10.542608486678528,10.428804894628538,-0.07962088648764798,-0.755229472746291,262230.86199999996,266190.53300000005,-3360.211999999883,-1.2813945598820797,0,8712.499142857143,8152.792571428571,7673.8033,7532.116477777778,2874.663976185721,1600.7473660860696,27603.510000000133,28768.948000000135,51.985619254188705,60.72725118244594,3.1623854457671987,6669.995999999999
2017-10-03,6669.995999999999,29636.78000000002,10.46978193787193,265563.901,243,124,368,124,1,3,40,10,4,2017,276,0,0.7818314824680298,0.6234898018587336,-0.8660254037844386,0.5000000000000001,-0.9993706508539969,0.03547255575312556,8705.810999999998,6696.731000000002,7206.6720000000005,6113.4720000000025,6745.808999999999,27531.129999999976,23096.480000000105,22442.890000000094,10.46298760019088,10.459654374743891,0.006794337681050422,0.06493687979642135,258870.65000000008,269845.65300000005,6693.250999999931,2.585558076977799,0,8966.847714285714,8207.745642857142,7745.706533333334,7550.016288888889,2766.93341739033,1596.9095528754838,28041.430000000117,28917.981000000134,30.00090641239727,42.40371101724183,4.443298016970329,6616.213
2017-10-04,6616.213,25754.54000000002,10.468294499486598,270355.57699999993,237,124,368,124,2,4,40,10,4,2017,277,0,0.9749279121818236,-0.22252093395631434,-0.8660254037844386,0.5000000000000001,-0.9986126020839734,0.052658056924614005,6669.995999999999,6380.191,6850.923999999999,7309.8600000000015,6725.167999999998,29636.78000000002,22048.890000000047,27357.51000000012,10.46978193787193,10.462171840957634,-0.0014874383853324957,-0.014206966240166315,265563.901,276464.33300000004,4791.675999999919,1.8043401162418982,0,8963.028428571428,8169.411642857142,7764.257333333333,7549.173922222221,2770.6051989280327,1580.4421369174704,28975.75857142868,29157.77733333346,4.542262136039491,-8.753437138330996,3.892640699445441,6320.709000000002
2017-10-05,6320.709000000002,24734.369999999974,10.431144882103462,273786.891,241,124,368,124,3,5,40,10,4,2017,278,0,0.43388373911755823,-0.900968867902419,-0.8660254037844386,0.5000000000000001,-0.9975590477788613,0.06982797572987089,6616.213,6425.009999999999,6990.907,6480.8139999999985,7066.083999999998,25754.54000000002,21248.97000000001,24683.960000000105,10.468294499486598,10.469668055459714,-0.03714961738313605,-0.35487745768862344,270355.57699999993,279813.53300000005,3431.3140000000712,1.2691855807361696,0,8996.745857142856,8152.646571428571,7741.135766666665,7547.963311111111,2735.143336536113,1592.3482306891622,29505.137142857246,29104.345000000125,2.9759175472100505,2.0892282975564687,3.9132271395503206,6751.954000000001
2017-10-06,6751.954000000001,24843.00999999996,10.44227173765045,274598.745,237,124,367,124,4,6,40,10,4,2017,279,0,-0.433883739117558,-0.9009688679024191,-0.8660254037844386,0.5000000000000001,-0.9962102997023297,0.0869772313136861,6320.709000000002,10211.493999999999,6937.895999999999,6843.297,8397.630000000001,24734.369999999974,29621.360000000135,24978.020000000117,10.431144882103462,10.49703822525498,0.011126855546988779,0.10666955231423288,273786.891,279152.2360000001,811.8539999999921,0.296527710671141,0,8981.845714285713,8104.775285714286,7735.7989333333335,7539.681366666667,2751.7221356349423,1596.9794822577721,30003.05142857153,29106.025333333455,-38.10201523890625,-7.636494514266996,3.6793808133171457,9356.841
2017-10-07,9356.841,37258.68999999992,10.491585981179957,271491.44899999996,249,124,367,124,5,7,40,10,4,2017,280,1,-0.9749279121818236,-0.2225209339563146,-0.8660254037844386,0.5000000000000001,-0.9945667569706337,0.1041007489354256,6751.954000000001,13823.129000000003,8469.787,6972.238,8016.142999999998,24843.00999999996,38228.440000000315,26569.730000000258,10.44227173765045,10.550189066994523,0.04931424352950664,0.47225589190233547,274598.745,272816.65100000007,-3107.296000000031,-1.13157691234169,0,8487.625714285716,8091.493714285714,7732.754166666667,7521.3960777777775,2804.236573547838,1598.8257929464776,29320.430000000077,29101.525000000118,-51.15466259484376,-3.159444643169089,3.981973189455706,8929.207000000002
2017-10-08,8929.207000000002,34419.47000000009,10.462183459879993,265459.379,254,123,368,124,6,8,40,10,4,2017,281,1,-0.7818314824680299,0.6234898018587334,-0.8660254037844386,0.5000000000000001,-0.9926289059345095,0.121193461470736,9356.841,10525.568000000001,8758.948,6865.106,7353.015999999999,37258.68999999992,34514.74000000023,25371.720000000143,10.491585981179957,10.542608486678528,-0.029402521299964235,-0.28024858541603853,271491.44899999996,262230.86199999996,-6032.069999999949,-2.2218268833947508,0,7849.584571428571,8154.854714285714,7812.2409333333335,7536.2927222222215,1664.3677960786445,1618.8629725161268,29181.894285714305,29457.823666666765,-11.103695306514581,36.29565224484517,3.8547062465905517,6961.178
2017-10-09,6961.178,25029.290000000125,10.400069572333802,263218.81100000005,233,124,368,124,0,9,41,10,4,2017,282,0,0.0,1.0,-0.8660254037844386,0.5000000000000001,-0.9903973200352558,0.1382503109109819,8929.207000000002,8705.810999999998,6925.371,7478.881,6762.213999999997,34419.47000000009,27531.129999999976,28749.45000000008,10.462183459879993,10.46298760019088,-0.06211388754619129,-0.5936990857059944,265459.379,258870.65000000008,-2240.56799999997,-0.8440342203919531,0,7621.533,8167.016071428572,7881.0443,7553.805955555556,1307.7567056739033,1621.0823747277211,29168.284285714286,29759.415333333432,2.5660561663928187,19.39228609199694,3.595553798509408,6389.259000000001
2017-10-10,6389.259000000001,23557.19000000012,10.406833821624778,264004.36100000003,232,124,370,124,1,10,41,10,4,2017,283,0,0.7818314824680298,0.6234898018587336,-0.8660254037844386,0.5000000000000001,-0.9878726596350429,0.15526624985999563,6961.178,6669.995999999999,6696.731000000002,7903.855000000001,6574.919999999998,25029.290000000125,29636.78000000002,30641.4200000002,10.400069572333802,10.46978193787193,0.0067642492909758545,0.0650404234695705,263218.81100000005,265563.901,785.5499999999884,0.2984399165909112,0,7372.299714285714,8169.573714285715,7863.787533333334,7556.016666666666,1230.647183205905,1628.2507931251566,28810.87857142859,29635.4100000001,4.365549844407714,-11.926800276573916,3.686998758384989,6775.548
2017-10-11,6775.548,30061.240000000023,10.421959528513112,264468.04400000005,225,124,369,124,2,11,41,10,4,2017,284,0,0.9749279121818236,-0.22252093395631434,-0.8660254037844386,0.5000000000000001,-0.9850556718215013,0.172236243027682,6389.259000000001,6616.213,6380.191,6839.915999999999,6840.100999999998,23557.19000000012,25754.54000000002,24546.34000000008,10.406833821624778,10.468294499486598,0.015125706888333923,0.14534398403579396,264004.36100000003,270355.57699999993,463.6830000000191,0.17563459870271575,0,7332.194428571429,8147.611428571428,7813.301,7553.953766666667,1261.5357333057757,1650.2975803374004,27942.36571428575,29399.269000000102,-3.430270458342239,-6.588633544622454,4.436724527669205,6299.658999999998
2017-10-12,6299.658999999998,25178.279999999948,10.39836729149599,267367.2810000001,231,124,368,124,3,12,41,10,4,2017,285,0,0.43388373911755823,-0.900968867902419,-0.8660254037844386,0.5000000000000001,-0.981947190186646,0.18915526872004093,6775.548,6320.709000000002,6425.009999999999,6556.829,7217.003,30061.240000000023,24734.369999999974,23802.610000000124,10.421959528513112,10.431144882103462,-0.02359223701712132,-0.22637045320101332,264468.04400000005,273786.891,2899.237000000023,1.0962522942847577,0,7354.956571428572,8175.851214285715,7811.155400000001,7553.23651111111,1247.8270094310649,1651.6480362015022,28557.608571428606,29583.0990000001,7.196012346083296,3.3357435431059748,3.9967687139891153,6293.537999999999
2017-10-13,6293.537999999999,24020.450000000055,10.396098022006846,268981.3520000001,229,124,369,124,4,13,41,10,4,2017,286,0,-0.433883739117558,-0.9009688679024191,-0.8660254037844386,0.5000000000000001,-0.9785481345802031,0.20601832032517084,6299.658999999998,6751.954000000001,10211.493999999999,6415.355,7761.083000000001,25178.279999999948,24843.00999999996,23119.100000000133,10.39836729149599,10.44227173765045,-0.0022692694891439658,-0.02182332500410736,267367.2810000001,274598.745,1614.0709999999963,0.6036905465631734,0,7351.949428571429,8166.897571428571,7802.583066666667,7543.0438,1250.756777428107,1659.0335567647433,28621.024285714313,29628.954666666756,-6.698727509103332,-1.8034231932605715,3.8166846692591765,7549.728000000002
2017-10-14,7549.728000000002,30558.500000000025,10.461003376096455,271760.787,247,124,368,124,5,14,41,10,4,2017,287,1,-0.9749279121818236,-0.2225209339563146,-0.8660254037844386,0.5000000000000001,-0.9748595108374125,0.22282040779479959,6293.537999999999,9356.841,13823.129000000003,8446.403999999999,7855.607999999998,24020.450000000055,37258.68999999992,68163.37999999987,10.396098022006846,10.491585981179957,0.06490535408960874,0.6243241834793657,268981.3520000001,271491.44899999996,2779.4349999999395,1.033318845092257,0,7286.461428571429,7887.043571428571,7798.5225,7526.737744444445,1298.4975027899268,1662.6909907395382,28503.515714285757,29658.999666666754,-32.73864544668443,-25.488551104114844,4.04762926558414,8178.313000000001
2017-10-15,8178.313000000001,32105.850000000002,10.467287205203874,264014.865,248,123,368,124,6,15,41,10,4,2017,288,1,-0.7818314824680299,0.6234898018587334,-0.8660254037844386,0.5000000000000001,-0.9708824104813836,0.23955655912092708,7549.728000000002,8929.207000000002,10525.568000000001,8043.71,7281.1969999999965,30558.500000000025,34419.47000000009,52614.33000000021,10.461003376096455,10.462183459879993,0.006283829107418981,0.06006908593278559,271760.787,265459.379,-7745.9220000000205,-2.8502721402554743,0,7028.302428571429,7438.9435,7768.6333,7523.339077777778,951.5679885839328,1658.6975148445717,27546.345714285773,28405.50366666676,-15.44906507375179,-6.141220904284194,3.9257301597529954,6474.879
2017-10-16,6474.879,24338.920000000075,10.400461071788916,262216.007,234,124,368,124,0,16,42,10,4,2017,289,0,0.0,1.0,-0.8660254037844386,0.5000000000000001,-0.9666180104000972,0.2562218218071163,8178.313000000001,6961.178,8705.810999999998,8377.112000000001,6849.5289999999995,32105.850000000002,25029.290000000125,30356.77000000017,10.467287205203874,10.400069572333802,-0.06682613341495802,-0.6384283922364814,264014.865,263218.81100000005,-1798.8580000000075,-0.6813472415653594,0,6921.031857142857,7271.28242857143,7773.120066666666,7533.307033333333,714.3093538100464,1659.6490308272676,27215.82857142862,27721.887666666757,17.48461251816864,-2.3731209514687155,3.7589768086785984,6314.442
2017-10-17,6314.442,23597.02000000008,10.364928432228245,266723.99899999995,241,124,369,124,1,17,42,10,4,2017,290,0,0.7818314824680298,0.6234898018587336,-0.8660254037844386,0.5000000000000001,-0.9620675724981452,0.27281126433401914,6474.879,6389.259000000001,6669.995999999999,8879.440000000002,6879.952,24338.920000000075,23557.19000000012,30431.170000000213,10.400461071788916,10.406833821624778,-0.03553263956067099,-0.34164484935242634,262216.007,264004.36100000003,4507.991999999969,1.7191902399764518,0,6851.560571428571,7111.930142857143,7709.7123,7529.144255555556,733.1534582452715,1672.0689179585502,27117.204285714328,27521.29266666675,1.340061500089431,-27.08009739352934,3.7369921206022765,5872.838
2017-10-18,5872.838,20791.800000000083,10.364486069149933,269741.235,229,124,367,124,2,18,42,10,4,2017,291,0,0.9749279121818236,-0.22252093395631434,-0.8660254037844386,0.5000000000000001,-0.957232443323312,0.28931997761869527,6314.442,6775.548,6616.213,7936.468,6586.859999999999,23597.02000000008,30061.240000000023,25804.260000000246,10.364928432228245,10.421959528513112,-0.0004423630783119137,-0.004267883576855675,266723.99899999995,264468.04400000005,3017.2360000000335,1.1312202918793348,0,6840.872428571428,7086.533428571429,7624.212366666666,7522.860811111111,741.5139830178531,1675.7687755650406,27122.89428571432,27293.487666666744,-6.805442157593744,-20.437630442156383,3.540332629641765,5703.129000000001
2017-10-19,5703.129000000001,21568.990000000136,10.362781683068096,273961.556,230,124,368,124,3,19,42,10,4,2017,292,0,0.43388373911755823,-0.900968867902419,-0.8660254037844386,0.5000000000000001,-0.9521140536681102,0.3057430764672831,5872.838,6299.658999999998,6320.709000000002,7206.6720000000005,6981.683999999996,20791.800000000083,25178.279999999948,24431.000000000196,10.364486069149933,10.39836729149599,-0.0017043860818368728,-0.016444482345439264,269741.235,267367.2810000001,4220.320999999996,1.5645813292135318,0,6711.913857142857,7033.435214285715,7555.4247000000005,7514.927233333332,828.197752550997,1704.6152866071575,25798.688571428615,27126.405666666742,-6.775303234667119,-18.508321177930682,3.7819572378601523,6246.548000000001
2017-10-20,6246.548000000001,22504.74000000008,10.356646256238774,275110.4289999999,238,124,368,124,4,20,42,10,4,2017,293,0,-0.433883739117558,-0.9009688679024191,-0.8660254037844386,0.5000000000000001,-0.9467139181463862,0.3220757010206104,5703.129000000001,6293.537999999999,6751.954000000001,6850.923999999999,7856.406999999998,21568.990000000136,24020.450000000055,23541.84000000024,10.362781683068096,10.396098022006846,-0.0061354268293225545,-0.05920636965021969,273961.556,268981.3520000001,1148.872999999905,0.41935555366750255,0,6626.695285714285,6989.322357142858,7505.3066,7500.721066666667,904.8320737694642,1737.0178684166424,25283.075714285784,27031.005333333407,-9.3811938531236,-16.75387144858122,3.6027482699244575,7266.858999999998
2017-10-21,7266.858999999998,28384.05000000003,10.38089109570699,275146.8219999999,244,124,369,124,5,21,42,10,4,2017,294,1,-0.9749279121818236,-0.2225209339563146,-0.8660254037844386,0.5000000000000001,-0.9410336347451197,0.3383130181923076,6246.548000000001,7549.728000000002,9356.841,6990.907,7884.096999999999,22504.74000000008,30558.500000000025,24554.16000000014,10.356646256238774,10.461003376096455,0.024244839468217094,0.2340993297285998,275110.4289999999,271760.787,36.39300000004005,0.013228506142906006,0,6619.9824285714285,6953.221928571429,7485.160733333334,7482.833744444444,907.884834380255,1748.336964762966,25066.545714285785,26996.4353333334,-17.261284115136345,-10.64753114295469,3.9059585441247777,7765.961000000001
2017-10-22,7765.961000000001,30384.30000000012,10.36305527772141,269795.1329999999,246,123,368,124,6,22,42,10,4,2017,295,1,-0.7818314824680299,0.6234898018587334,-0.8660254037844386,0.5000000000000001,-0.9350748843515574,0.3544502230989869,7266.858999999998,8178.313000000001,8929.207000000002,6937.895999999999,7124.927999999999,28384.05000000003,32105.850000000002,23562.08000000011,10.38089109570699,10.467287205203874,-0.017835817985581315,-0.17181393987417232,275146.8219999999,264014.865,-5351.689000000013,-1.9450302791431167,0,6579.572571428571,6803.9375,7494.359133333333,7475.9755444444445,864.881592105529,1746.371733399895,24755.910000000073,27124.098333333397,-11.144767875722087,4.741538356873595,3.9124971140081843,6379.776999999999
2017-10-23,6379.776999999999,22333.100000000133,10.31195731666697,268072.73400000005,236,124,369,124,0,23,43,10,4,2017,296,0,0.0,1.0,-0.8660254037844386,0.5000000000000001,-0.9288394302558068,0.3704825404820963,7765.961000000001,6474.879,6961.178,8469.787,6975.743999999998,30384.30000000012,24338.920000000075,30523.11000000009,10.36305527772141,10.400461071788916,-0.05109796105443998,-0.4930781481431527,269795.1329999999,262216.007,-1722.3989999998594,-0.638409959752632,0,6520.665142857142,6720.8485,7521.9613,7483.098133333334,743.3456979193356,1743.8154033949104,24509.974285714376,27351.50566666673,19.939862968867857,-8.30984297479971,3.5006082501002993,5988.229
2017-10-24,5988.229,22220.080000000125,10.309098268196394,270733.34400000004,242,124,369,124,1,24,43,10,4,2017,297,0,0.7818314824680298,0.6234898018587336,-0.8660254037844386,0.5000000000000001,-0.9223291176290545,0.3864052261209853,6379.776999999999,6314.442,6389.259000000001,8758.948,7105.080999999999,22333.100000000133,23597.02000000008,30538.880000000077,10.31195731666697,10.364928432228245,-0.0028590484705759422,-0.027725565407014735,268072.73400000005,266723.99899999995,2660.609999999986,0.9924955665203853,0,6507.079142857144,6679.319857142857,7452.2943000000005,7476.476277777778,745.188790602657,1746.3901622304074,24223.42857142867,27078.5053333334,1.034691584782933,-27.162748311783574,3.710626297023732,5755.460999999998
2017-10-25,5755.460999999998,20473.6300000001,10.337793912869701,274134.363,240,124,369,124,2,25,43,10,4,2017,298,0,0.9749279121818236,-0.22252093395631434,-0.8660254037844386,0.5000000000000001,-0.9155458729775467,0.40221356823680365,5988.229,5872.838,6775.548,6925.371,6746.549999999999,22220.080000000125,20791.800000000083,24465.69000000007,10.309098268196394,10.364486069149933,0.02869564467330754,0.27835261559038305,270733.34400000004,269741.235,3401.018999999971,1.2562246488559499,0,6460.477285714286,6650.674857142857,7359.937000000001,7464.06681111111,769.0613621107302,1748.1687615642265,24026.722857142962,26801.212000000065,1.9648251833270478,-13.532011498012162,3.557252842126826,5936.884
2017-10-26,5936.884,20271.980000000156,10.339752767282318,275426.442,234,124,369,124,3,26,43,10,4,2017,299,0,0.43388373911755823,-0.900968867902419,-0.8660254037844386,0.5000000000000001,-0.9084917035725082,0.41790288888678667,5755.460999999998,5703.129000000001,6299.658999999998,6696.731000000002,7313.586000000001,20473.6300000001,21568.990000000136,23096.480000000105,10.337793912869701,10.362781683068096,0.001958854412617228,0.018948476136466753,274134.363,273961.556,1292.0789999999688,0.4713305496837581,0,6443.709142857142,6577.811499999999,7320.9400000000005,7453.054711111111,785.1212338287952,1771.0955035125717,23981.27000000011,26668.143333333403,0.9176015482027077,-14.055663875404328,3.4145824644712874,6131.338999999999
2017-10-27,6131.338999999999,21605.22000000015,10.35407113579191,276327.205,237,124,370,124,4,27,43,10,4,2017,300,0,-0.433883739117558,-0.9009688679024191,-0.8660254037844386,0.5000000000000001,-0.9011686968561569,0.4334685453485363,5936.884,6246.548000000001,6293.537999999999,6380.191,8201.288999999999,20271.980000000156,22504.74000000008,22048.890000000047,10.339752767282318,10.356646256238774,0.014318368509592005,0.13847882857411317,275426.442,275110.4289999999,900.7630000000354,0.32704303677569035,0,6477.102714285714,6551.898999999999,7295.611766666667,7437.758022222221,752.6729008453444,1785.7030659026773,23795.982857142964,26573.9933333334,-4.957362050207581,-6.9481775702326125,3.5237360061154916,7340.110000000001
2017-10-28,7340.110000000001,26740.030000000123,10.377426236043988,276974.051,252,124,370,124,5,28,43,10,4,2017,301,1,-0.9749279121818236,-0.2225209339563146,-0.8660254037844386,0.5000000000000001,-0.8935790198239952,0.4489059314938798,6131.338999999999,7266.858999999998,7549.728000000002,6425.009999999999,8182.128000000002,21605.22000000015,28384.05000000003,21248.97000000001,10.35407113579191,10.38089109570699,0.02335510025207732,0.22556441756850124,276327.205,275146.8219999999,646.8459999999614,0.23408697670573597,0,6460.644285714285,6540.313357142857,7287.3167,7414.758577777778,759.7806574643405,1790.6731483158192,23667.480000000123,26559.204333333408,-15.626008430877755,-4.570747749808954,3.643001262923869,7440.265000000002
2017-10-29,7440.265000000002,27814.990000000038,10.40999001198494,271935.22199999995,243,123,370,124,6,29,43,10,4,2017,302,1,-0.7818314824680299,0.6234898018587334,-0.8660254037844386,0.5000000000000001,-0.8857249183835637,0.4642104791518923,7340.110000000001,7765.961000000001,8178.313000000001,10211.493999999999,7400.2970000000005,26740.030000000123,30384.30000000012,29621.360000000135,10.377426236043988,10.36305527772141,0.032563775940952056,0.3137943378276982,276974.051,269795.1329999999,-5038.829000000027,-1.8192422654063094,0,6471.108714285714,6525.3406428571425,7317.820033333333,7405.402822222221,773.1225788922133,1783.2564176944613,23432.620000000134,26742.239666666745,-5.483558313002093,-28.119137121365377,3.7384407679027603,6021.329999999998
2017-10-30,6021.329999999998,22970.51000000008,10.374510891353056,269527.05299999996,238,124,370,124,0,30,44,10,4,2017,303,0,0.0,1.0,-0.8660254037844386,0.5000000000000001,-0.8776087166898392,0.4793776594606945,7440.265000000002,6379.776999999999,6474.879,13823.129000000003,7098.532999999998,27814.990000000038,22333.100000000133,38228.440000000315,10.40999001198494,10.31195731666697,-0.03547912063188363,-0.34081800838460746,271935.22199999995,268072.73400000005,-2408.1689999999944,-0.8855671517240951,0,6424.580714285715,6472.622928571428,7225.445733333333,7405.846911111111,687.2382668805235,1697.927270808379,23065.575714285835,26682.027333333404,16.622649976637163,-46.17524729748235,3.814856518410399,6051.386999999999
2017-10-31,6051.386999999999,22420.990000000154,10.418991652753917,268999.221,244,124,370,124,1,31,44,10,4,2017,304,0,0.7818314824680298,0.6234898018587336,-0.8660254037844386,0.5000000000000001,-0.8692328164574792,0.49440298420761813,6021.329999999998,5988.229,6314.442,10525.568000000001,7072.939999999999,22970.51000000008,22220.080000000125,34514.74000000023,10.374510891353056,10.309098268196394,0.04448076140086066,0.42875044295278025,269527.05299999996,270733.34400000004,-527.8319999999367,-0.1958363712009038,0,6373.373999999999,6440.22657142857,6965.385766666667,7393.87798888889,704.2759266831245,1167.0370398018797,23156.634285714397,26173.429666666732,0.5527677715731619,-42.79330103610563,3.705099343340652,5698.879999999999
2017-11-01,5698.879999999999,21002.800000000112,10.475212836935498,267007.64700000006,243,124,367,124,2,1,44,11,4,2017,305,0,0.9749279121818236,-0.22252093395631434,-0.5000000000000004,0.8660254037844384,-0.8605996962501181,0.5092820071573356,6051.386999999999,5755.460999999998,5872.838,8705.810999999998,6798.200999999998,22420.990000000154,20473.6300000001,27531.129999999976,10.418991652753917,10.337793912869701,0.05622118418158095,0.5396029294900215,268999.221,274134.363,-1991.5739999999641,-0.7403642258131164,0,6382.396571428571,6421.436928571428,6816.2464,7382.5274,698.903497750817,964.7316547755003,23185.335714285837,25770.30466666673,5.141655898632629,-30.490255301889736,3.6854259082486585,5810.480000000001
2017-11-02,5810.480000000001,21208.000000000033,10.446199308601868,266482.3890000001,239,124,368,124,3,2,44,11,4,2017,306,0,0.43388373911755823,-0.900968867902419,-0.5000000000000004,0.8660254037844384,-0.8517119107469189,0.5240103253675756,5698.879999999999,5936.884,5703.129000000001,6669.995999999999,7107.866000000003,21002.800000000112,20271.980000000156,29636.78000000002,10.475212836935498,10.339752767282318,-0.029013528333630134,-0.2769731630781641,267007.64700000006,275426.442,-525.2579999999725,-0.19672020854143266,0,6374.313571428572,6409.0113571428565,6716.015366666666,7370.312722222223,707.635257210233,916.6500723499179,23260.931428571548,25552.693666666735,-4.008904334327584,-14.55946900118081,3.6499566300890853,6074.754000000001
2017-11-03,6074.754000000001,21692.490000000154,10.463190350296685,270309.4210000001,236,124,369,124,4,3,44,11,4,2017,307,0,-0.433883739117558,-0.9009688679024191,-0.5000000000000004,0.8660254037844384,-0.8425720899866032,0.5385835804920232,5810.480000000001,6131.338999999999,6246.548000000001,6616.213,8357.940999999999,21208.000000000033,21605.22000000015,25754.54000000002,10.446199308601868,10.35407113579191,0.016991041694817355,0.16265285768409735,266482.3890000001,276327.205,3827.0320000000065,1.4361294246727896,0,6356.255857142858,6416.6792857142855,6687.364833333334,7355.897322222223,722.1226860761606,931.4509301936783,23394.648571428672,25271.734333333403,-5.2330983493164815,-12.1781599232068,3.5709248473271757,7091.4490000000005
2017-11-04,7091.4490000000005,28075.04000000019,10.487069159869293,272970.54000000004,245,124,369,124,5,4,44,11,4,2017,308,1,-0.9749279121818236,-0.2225209339563146,-0.5000000000000004,0.8660254037844384,-0.8331829385891785,0.5529974600700271,6074.754000000001,7340.110000000001,7266.858999999998,6320.709000000002,8541.444,21692.490000000154,26740.030000000123,24734.369999999974,10.463190350296685,10.377426236043988,0.023878809572607906,0.2282172910285515,270309.4210000001,276974.051,2661.118999999948,0.9844714217341122,0,6348.172285714287,6404.408285714286,6669.3162,7330.528577777778,725.3694847608889,938.0993455253209,23407.115714285814,25136.332666666738,-17.23892421230744,-3.891256503028391,3.958999070570794,7364.3279999999995
2017-11-05,7364.3279999999995,28010.74000000015,10.487388645126241,266444.4090000001,256,123,369,124,6,5,44,11,4,2017,309,1,-0.7818314824680299,0.6234898018587334,-0.5000000000000004,0.8660254037844384,-0.8235472349556007,0.5672476988027229,7091.4490000000005,7440.265000000002,7765.961000000001,6751.954000000001,7417.762,28075.04000000019,27814.990000000038,24843.00999999996,10.487069159869293,10.40999001198494,0.00031948525694858176,0.003046468484933342,272970.54000000004,271935.22199999995,-6526.130999999936,-2.3907821701198726,0,6312.649285714287,6391.879,6695.007533333334,7314.417522222223,672.8858244912556,938.776695986025,23597.831428571542,25247.688333333415,-4.6882201104396355,5.028100013714546,3.803570400449322,6481.764000000002
2017-11-06,6481.764000000002,23035.650000000103,10.448894176745958,263929.2,246,124,369,124,0,6,45,11,4,2017,310,0,0.0,1.0,-0.5000000000000004,0.8660254037844384,-0.8136678304455991,0.5813300798152042,7364.3279999999995,6021.329999999998,6379.776999999999,9356.841,7024.427999999999,28010.74000000015,22970.51000000008,37258.68999999992,10.487388645126241,10.374510891353056,-0.03849446838028392,-0.3670548473301148,266444.4090000001,269527.05299999996,-2515.20900000009,-0.9439901589378402,0,6301.801142857142,6363.190928571428,6715.419999999999,7313.823811111111,651.9635905428415,946.6819694293657,23625.795714285843,25353.27933333342,22.304009247126498,-21.294719018950957,3.553916804129261,5775.698999999999
2017-11-07,5775.698999999999,20541.340000000113,10.466641599049366,265161.372,242,124,369,124,1,7,45,11,4,2017,311,0,0.7818314824680298,0.6234898018587336,-0.5000000000000004,0.8660254037844384,-0.8035476485339116,0.5952404359043674,6481.764000000002,6051.386999999999,5988.229,8929.207000000002,7055.247999999999,23035.650000000103,22420.990000000154,34419.47000000009,10.448894176745958,10.418991652753917,0.0177474223034082,0.169849765948488,263929.2,268999.221,1232.1719999999623,0.4668570207464586,0,6367.577428571429,6370.475714285714,6619.584100000001,7307.794211111111,642.1028045933596,804.9834100082745,23635.10142857156,24879.178000000094,7.1120389424772075,-27.409410488523783,3.556511514883327,5783.459000000001
2017-11-08,5783.459000000001,20276.230000000036,10.44654130377338,266512.73400000005,238,124,368,124,2,8,45,11,4,2017,312,0,0.9749279121818236,-0.22252093395631434,-0.5000000000000004,0.8660254037844384,-0.7931896839451843,0.6089746507720486,5775.698999999999,5698.879999999999,5755.460999999998,6961.178,7068.107999999999,20541.340000000113,21002.800000000112,25029.290000000125,10.466641599049366,10.475212836935498,-0.020100295275986113,-0.19204149760713812,265161.372,267007.64700000006,1351.362000000081,0.5096375802430534,0,6328.193428571429,6355.295,6514.467166666667,7293.576999999999,672.4658678941686,690.7828505764046,23366.58000000013,24416.573666666758,1.3479666180021252,-17.02986189981065,3.5059001887970562,5793.381
2017-11-09,5793.381,20734.24000000007,10.434947618105639,268792.031,237,124,370,124,3,9,45,11,4,2017,313,0,0.43388373911755823,-0.900968867902419,-0.5000000000000004,0.8660254037844384,-0.7825970017677834,0.6225286602431057,5783.459000000001,5810.480000000001,5936.884,6389.259000000001,7536.1359999999995,20276.230000000036,21208.000000000033,23557.19000000012,10.44654130377338,10.446199308601868,-0.011593685667740772,-0.110981092503344,266512.73400000005,266482.3890000001,2279.2969999999623,0.8552300544108191,0,6340.276142857144,6357.294857142857,6475.209866666667,7279.3031222222235,659.9167022303,697.9486137561731,23262.784285714402,24258.138333333423,-0.46503903291983856,-9.48153768692113,3.5789532916961737,6169.015
2017-11-10,6169.015,21948.89000000012,10.446973979658521,268792.031,238,124,370,124,4,10,45,11,4,2017,314,0,-0.433883739117558,-0.9009688679024191,-0.5000000000000004,0.8660254037844384,-0.7717727365467836,0.6358984534680745,5793.381,6074.754000000001,6131.338999999999,6775.548,8525.604,20734.24000000007,21692.490000000154,30061.240000000023,10.434947618105639,10.463190350296685,0.012026361552882392,0.11525080904110624,268792.031,270309.4210000001,0.0,0.0,0,6337.833428571429,6347.044642857143,6455.347266666667,7259.939177777777,662.2321973973006,708.8724198587878,23195.10428571441,24164.04000000009,-4.6318418819922655,-14.495757391136474,3.5579245633217162,7422.665999999999
2017-11-11,7422.665999999999,27312.120000000046,10.447481369121501,268792.031,253,124,369,124,5,11,45,11,4,2017,315,1,-0.9749279121818236,-0.2225209339563146,-0.5000000000000004,0.8660254037844384,-0.7607200913564104,0.6490800741100398,6169.015,7091.4490000000005,7340.110000000001,6299.658999999998,8636.057,21948.89000000012,28075.04000000019,25178.279999999948,10.446973979658521,10.487069159869293,0.0005073894629799014,0.004856807951927973,268792.031,272970.54000000004,0.0,0.0,0,6351.299285714286,6349.735785714286,6435.129499999999,7233.754855555555,656.928264798329,708.0740764894391,23231.73285714297,23893.628333333425,-13.007694196207293,-2.0738265356902263,3.679556644472491,7738.151999999997
2017-11-12,7738.151999999997,29957.650000000205,10.480177272125234,264836.366,255,123,370,124,6,12,45,11,4,2017,316,1,-0.7818314824680299,0.6234898018587334,-0.5000000000000004,0.8660254037844384,-0.7494423368521954,0.6620696215153815,7422.665999999999,7364.3279999999995,7440.265000000002,6293.537999999999,7456.281000000001,27312.120000000046,28010.74000000015,24020.450000000055,10.447481369121501,10.487388645126241,0.032695903003732596,0.31295488212468475,268792.031,266444.4090000001,-3955.6650000000373,-1.471645191743068,0,6398.616,6355.632642857143,6472.5630666666675,7220.272733333334,727.2850664528819,730.0102966008636,23122.74428571438,23964.756333333433,0.7921700391400239,17.94106907752048,3.871421755478597,5741.516999999999
2017-11-13,5741.516999999999,21508.72000000004,10.43204720775297,263531.0610000001,240,124,371,124,0,13,46,11,4,2017,317,0,0.0,1.0,-0.5000000000000004,0.8660254037844384,-0.7379428103031386,0.6748632518680403,7738.151999999997,6481.764000000002,6021.329999999998,7549.728000000002,7865.893,29957.650000000205,23035.650000000103,30558.500000000025,10.480177272125234,10.448894176745958,-0.048130064372264414,-0.45924857111223566,264836.366,263929.2,-1305.3049999998766,-0.4928722666432739,0,6452.019428571429,6376.910285714286,6520.716866666667,7223.404633333334,818.0724247055751,764.6193030928287,23400.874285714388,24162.663000000102,19.383427104103067,2.4957720331115953,3.7461737028733078,5817.918999999999
2017-11-14,5817.918999999999,19682.10000000006,10.441842780959194,268244.97000000003,225,124,370,124,1,14,46,11,4,2017,318,0,0.7818314824680298,0.6234898018587336,-0.5000000000000004,0.8660254037844384,-0.7262249146041543,0.6874571793269664,5741.516999999999,5775.698999999999,6051.386999999999,8178.313000000001,7474.57,21508.72000000004,20541.340000000113,32105.850000000002,10.43204720775297,10.466641599049366,0.009795573206224262,0.09389885811621243,263531.0610000001,265161.372,4713.908999999927,1.7887489171532327,0,6346.269857142856,6356.923642857143,6460.443166666667,7199.800455555556,860.3393817613568,751.8698216731459,23182.741428571524,23861.00366666677,-0.5918244700771248,-29.795827085610465,3.383013754574456,5710.210000000001
2017-11-15,5710.210000000001,20248.96000000008,10.445582052291995,271408.95700000005,233,124,369,124,2,15,46,11,4,2017,319,0,0.9749279121818236,-0.22252093395631434,-0.5000000000000004,0.8660254037844384,-0.7142921172691032,0.699847677146407,5817.918999999999,5783.459000000001,5698.879999999999,6474.879,7065.719,19682.10000000006,20276.230000000036,24338.920000000075,10.441842780959194,10.44654130377338,0.003739271332801053,0.03581045425831973,268244.97000000003,266512.73400000005,3163.987000000023,1.1795140091536562,0,6352.301285714285,6340.247357142856,6381.763366666667,7181.393222222222,855.8087782097952,686.5702828672048,23059.99285714294,23446.878666666766,0.5958371970821996,-10.146289992446206,3.5460972538663333,6055.072000000003
2017-11-16,6055.072000000003,22531.96000000003,10.453591174731681,273154.87799999997,231,124,368,124,3,16,46,11,4,2017,320,0,0.43388373911755823,-0.900968867902419,-0.5000000000000004,0.8660254037844384,-0.7021479494046978,0.7120310787787131,5710.210000000001,5793.381,5810.480000000001,6314.442,7597.087000000001,20248.96000000008,20734.24000000007,23597.02000000008,10.445582052291995,10.434947618105639,0.008009122439686323,0.07667473578390915,271408.95700000005,268792.031,1745.9209999999148,0.643280538453237,0,6341.837142857142,6341.056642857142,6356.274399999999,7166.332011111112,864.3287544234428,697.1074875470955,23056.097142857234,23310.546666666767,-1.4356210993200578,-9.569048223105051,3.721171275915467,5983.367
2017-11-17,5983.367,22127.890000000065,10.45823015820841,273809.32900000014,243,124,369,124,4,17,46,11,4,2017,321,0,-0.433883739117558,-0.9009688679024191,-0.5000000000000004,0.8660254037844384,-0.6897960046655887,0.7240037789593305,6055.072000000003,6169.015,6074.754000000001,5872.838,7948.307000000001,22531.96000000003,21948.89000000012,20791.800000000083,10.453591174731681,10.446973979658521,0.004638983476729308,0.044376936109215885,273154.87799999997,268792.031,654.4510000001756,0.2395897173032274,0,6379.221571428571,6358.527499999999,6347.628733333333,7149.198511111112,842.0245554972394,699.2492805994144,23312.91428571437,23275.04466666677,-1.8470209587753874,3.102997222126732,3.6982337870968074,7907.554999999998
2017-11-18,7907.554999999998,34095.71000000018,10.512607006452567,272437.336,250,124,370,124,5,18,46,11,4,2017,322,1,-0.9749279121818236,-0.2225209339563146,-0.5000000000000004,0.8660254037844384,-0.6772399381909491,0.7357622347736527,5983.367,7422.665999999999,7091.4490000000005,5703.129000000001,8012.445,22127.890000000065,27312.120000000046,21568.990000000136,10.45823015820841,10.447481369121501,0.05437684824415712,0.5199431206003633,273809.32900000014,268792.031,-1371.9930000001332,-0.5010760608525988,0,6352.700428571428,6351.999857142857,6351.313033333334,7127.3658444444445,852.6060593148063,696.9487757376053,23338.48571428579,23319.5810000001,-19.390593622291494,4.913758745418512,4.31178916871273,8053.126999999998
2017-11-19,8053.126999999998,34007.94000000002,10.510038276248189,266600.313,257,123,369,124,6,19,46,11,4,2017,323,1,-0.7818314824680299,0.6234898018587334,-0.5000000000000004,0.8660254037844384,-0.6644834655228552,0.7473029667054296,7907.554999999998,7738.151999999997,7364.3279999999995,6246.548000000001,6959.3769999999995,34095.71000000018,29957.650000000205,22504.74000000008,10.512607006452567,10.480177272125234,-0.0025687302043788662,-0.024434759168702844,272437.336,264836.366,-5837.0229999999865,-2.1425194819846523,0,6421.970285714286,6410.293142857144,6424.793900000001,7126.2004,966.1591291269135,741.0652553710347,24307.570000000098,23737.138333333434,2.1891919414351166,26.590798629899215,4.222948427362443,6322.063000000001
2017-11-20,6322.063000000001,24173.360000000055,10.452436387606388,265559.424,242,124,369,124,0,20,47,11,4,2017,324,0,0.0,1.0,-0.5000000000000004,0.8660254037844384,-0.6515303615068021,0.75862255966641,8053.126999999998,5741.516999999999,6481.764000000002,7266.858999999998,6761.174999999999,34007.94000000002,21508.72000000004,28384.05000000003,10.510038276248189,10.43204720775297,-0.05760188864180016,-0.5480654506461278,266600.313,263531.0610000001,-1040.8890000000247,-0.3904305243632721,0,6466.966714285713,6459.493071428571,6485.0132,7138.353177777779,1042.0289461927678,797.3460251259421,24886.18285714293,24120.578333333433,40.26131073024776,10.819915454531321,3.8236506026592982,6073.794000000002
2017-11-21,6073.794000000002,22226.210000000086,10.457842839203549,266876.15700000006,238,124,368,124,1,21,47,11,4,2017,325,0,0.7818314824680298,0.6234898018587336,-0.5000000000000004,0.8660254037844384,-0.6383844591746642,0.7697176640069211,6322.063000000001,5817.918999999999,5775.698999999999,7765.961000000001,6624.8139999999985,24173.360000000055,19682.10000000006,30384.30000000012,10.452436387606388,10.441842780959194,0.0054064515971603555,0.051724319543057604,265559.424,268244.97000000003,1316.7330000000657,0.4958336556717587,0,6549.901857142858,6448.085857142856,6453.52,7133.474155555556,996.7880150123109,783.9461428777745,25266.845714285788,23980.2220000001,8.66536643084928,-18.592650671307773,3.6593618420381198,5921.806000000001
2017-11-22,5921.806000000001,21291.940000000093,10.424962211614181,266513.886,237,124,368,124,2,22,47,11,4,2017,326,0,0.9749279121818236,-0.22252093395631434,-0.5000000000000004,0.8660254037844384,-0.6250496486104377,0.7805849965070866,6073.794000000002,5710.210000000001,5783.459000000001,6379.776999999999,6404.292,22226.210000000086,20248.96000000008,22333.100000000133,10.457842839203549,10.445582052291995,-0.032880627589367606,-0.3144111849348822,266876.15700000006,271408.95700000005,-362.2710000000661,-0.1357449852667303,0,6586.4554285714285,6469.378357142857,6397.114433333333,7127.3517111111105,969.7976356458734,746.2277065605663,25630.290000000077,23708.28566666677,6.367261449228674,-4.796139426189935,3.59551461158979,5917.4
2017-11-23,5917.4,20872.300000000123,10.440668965059212,265921.4459999999,238,124,368,124,3,23,47,11,4,2017,327,0,0.43388373911755823,-0.900968867902419,-0.5000000000000004,0.8660254037844384,-0.6115298757991053,0.7912213413483807,5921.806000000001,6055.072000000003,5793.381,5988.229,8094.115999999999,21291.940000000093,22531.96000000003,22220.080000000125,10.424962211614181,10.453591174731681,0.015706753445030586,0.15066484775870073,266513.886,273154.87799999997,-592.4400000001187,-0.22229235740464148,0,6616.683428571429,6479.260285714286,6381.848733333333,7121.990755555555,940.7976591299146,751.2620228753732,25779.28714285722,23673.58033333343,-2.2008986846069107,-1.1092261167700643,3.5272754926150207,6245.388000000002
2017-11-24,6245.388000000002,22428.900000000067,10.421412320382398,267066.36199999996,240,124,366,124,4,24,47,11,4,2017,328,0,-0.433883739117558,-0.9009688679024191,-0.5000000000000004,0.8660254037844384,-0.5978291414589552,0.801623551065242,5917.4,5983.367,6169.015,5755.460999999998,9375.252,20872.300000000123,22127.890000000065,20473.6300000001,10.440668965059212,10.45823015820841,-0.01925664467681365,-0.18443880120381195,265921.4459999999,273809.32900000014,1144.9160000000848,0.43054669610967944,0,6597.015999999999,6488.118785714286,6379.487766666667,7097.805022222223,955.8141098118267,752.6517051787664,25542.19285714295,23628.65433333343,-1.1025063313014318,2.8136581934965985,3.591274072963931,7385.722999999999
2017-11-25,7385.722999999999,27077.389999999887,10.466482271393499,269288.7710000001,259,124,368,124,5,25,47,11,4,2017,329,1,-0.9749279121818236,-0.2225209339563146,-0.5000000000000004,0.8660254037844384,-0.5839514998576998,0.8117885474764613,6245.388000000002,7907.554999999998,7422.665999999999,5936.884,9019.583000000002,22428.900000000067,34095.71000000018,20271.980000000156,10.421412320382398,10.512607006452567,0.045069951011100784,0.43247450178083935,267066.36199999996,272437.336,2222.4090000001597,0.8321560916009931,0,6634.447571428572,6493.574,6395.818666666667,7063.028755555557,932.6264858361006,743.9091871487692,25585.19428571438,23693.830000000096,-21.0199865824518,5.196395954510846,3.6661800070216404,7651.380999999999
2017-11-26,7651.380999999999,28423.520000000066,10.492242484969145,264213.3339999999,250,122,370,124,6,26,47,11,4,2017,330,1,-0.7818314824680299,0.6234898018587334,-0.5000000000000004,0.8660254037844384,-0.5699010576127624,0.8217133225960589,7385.722999999999,8053.126999999998,7738.151999999997,6131.338999999999,7675.845000000002,27077.389999999887,34007.94000000002,21605.22000000015,10.466482271393499,10.510038276248189,0.025760213575646063,0.24612102622150975,269288.7710000001,266600.313,-5075.437000000209,-1.884756271549179,0,6559.900142857144,6490.935214285714,6444.1133,7044.874755555556,829.0018077627158,759.9442787110834,24582.577142857193,23920.67700000009,-8.287513657738153,20.458565412873114,3.7148222000708198,5790.564
2017-11-27,5790.564,20853.39000000004,10.441442352470768,264554.65800000005,243,124,369,124,0,27,48,11,4,2017,331,0,0.0,1.0,-0.5000000000000004,0.8660254037844384,-0.5556819724760489,0.8313949395234058,7651.380999999999,6322.063000000001,5741.516999999999,7340.110000000001,7912.337000000001,28423.520000000066,24173.360000000055,26740.030000000123,10.492242484969145,10.452436387606388,-0.05080013249837734,-0.484168494686927,264213.3339999999,265559.424,341.32400000013877,0.12918500169266206,0,6502.5078571428585,6484.7372857142855,6494.781366666666,7044.602933333333,714.3774535732847,788.5078409720173,23784.802857142913,24147.95366666675,21.026649054272287,4.24068576628959,3.601270964279134,5725.9540000000015
2017-11-28,5725.9540000000015,20553.340000000026,10.435445255473667,269110.194,248,124,369,124,1,28,48,11,4,2017,332,0,0.7818314824680298,0.6234898018587336,-0.5000000000000004,0.8660254037844384,-0.5412984521036173,0.8408305333122887,5790.564,6073.794000000002,5817.918999999999,7440.265000000002,8721.785,20853.39000000004,22226.210000000086,27814.990000000038,10.441442352470768,10.457842839203549,-0.005997096997100826,-0.0574355227434812,264554.65800000005,266876.15700000006,4555.535999999964,1.7219640109303853,0,6426.579428571429,6488.240642857143,6443.129833333333,7021.027677777778,763.3215467547027,781.9493549449838,23310.521428571483,23951.732333333413,-4.663147943443609,-22.17261078738461,3.589504910448114,5715.727999999999
2017-11-29,5715.727999999999,21405.87,10.46497174765593,272538.6480000001,226,124,369,124,2,29,48,11,4,2017,333,0,0.9749279121818236,-0.22252093395631434,-0.5000000000000004,0.8660254037844384,-0.5267547528105542,0.8500173118187018,5725.9540000000015,5921.806000000001,5710.210000000001,6021.329999999998,9943.296,20553.340000000026,21291.940000000093,22970.51000000008,10.435445255473667,10.424962211614181,0.029526492182263553,0.28294424875427454,269110.194,266513.886,3428.454000000085,1.2739963317777865,0,6376.888,6481.671714285715,6385.986133333334,6987.740666666667,800.5302897115791,769.1015712278823,23071.540000000045,23709.677333333417,-3.3073018602770814,-4.905494301092892,3.745081991305395,5703.477000000001
2017-11-30,5703.477000000001,20999.350000000068,10.535732543432706,271354.9510000001,241,124,371,124,3,30,48,11,4,2017,334,0,0.43388373911755823,-0.900968867902419,-0.5000000000000004,0.8660254037844384,-0.5120551783114646,0.8589525565270845,5715.727999999999,5917.4,6055.072000000003,6051.386999999999,4745.006000000001,21405.87,20872.300000000123,22420.990000000154,10.46497174765593,10.440668965059212,0.07076079577677596,0.6761680536082271,272538.6480000001,265921.4459999999,-1183.6969999999856,-0.43432262128194943,0,6347.448285714286,6482.065857142858,6375.7994,6940.76768888889,823.5146740151483,776.0900757073653,23087.81571428575,23657.522666666748,-3.4081184303917342,-5.546811003824407,3.681850562385027,6138.592
2017-12-01,6138.592,23354.76000000011,10.538240254996314,269215.24899999995,246,124,370,124,4,1,48,12,4,2017,335,0,-0.433883739117558,-0.9009688679024191,-2.4492935982947064e-16,1.0,-0.4972040784469378,0.8676336233547726,5703.477000000001,6245.388000000002,5983.367,5698.879999999999,6548.713999999999,20999.350000000068,22428.900000000067,21002.800000000112,10.535732543432706,10.421412320382398,0.0025077115636076286,0.02380196681407572,271354.9510000001,267066.36199999996,-2139.702000000165,-0.78852513732103,0,6316.887857142858,6456.951928571429,6364.2024,6951.417366666667,845.801239469325,783.6672775401925,23105.96571428574,23610.134666666745,-8.676978916281916,0.08066497276660628,3.804579291146913,7207.917
2017-12-02,7207.917,28004.900000000067,10.571940268723543,269215.24899999995,258,124,370,124,5,2,48,12,4,2017,336,1,-0.9749279121818236,-0.2225209339563146,-2.4492935982947064e-16,1.0,-0.4822058478963526,0.8760579434344281,6138.592,7385.722999999999,7907.554999999998,5810.480000000001,6113.4720000000025,23354.76000000011,27077.389999999887,21208.000000000033,10.538240254996314,10.466482271393499,0.03370001372722875,0.3197878669662247,269215.24899999995,269288.7710000001,0.0,0.0,0,6301.631285714285,6468.039428571429,6378.859466666667,6946.860455555556,848.2655109523638,774.8570262619693,23238.23142857146,23688.53333333341,-16.885699612617472,5.646900083986146,3.885297236358308,7456.403000000002
2017-12-03,7456.403000000002,28070.530000000137,10.667276047545657,264106.314,252,123,369,124,6,3,48,12,4,2017,337,1,-0.7818314824680299,0.6234898018587334,-2.4492935982947064e-16,1.0,-0.46706492487743034,0.8842230238742036,7207.917,7651.380999999999,8053.126999999998,6074.754000000001,7309.8600000000015,28004.900000000067,28423.520000000066,21692.490000000154,10.571940268723543,10.492242484969145,0.09533577882211475,0.9017812851644649,269215.24899999995,264213.3339999999,-5108.9349999999395,-1.8977138252669858,0,6276.230428571428,6418.065285714286,6425.4407,6959.020955555557,812.2919003820746,781.4858914993073,23370.732857142917,23915.096666666745,-5.79586874578588,18.653644246334903,3.7646208232039133,6022.1709999999985
2017-12-04,6022.1709999999985,21776.060000000118,10.615823019391739,262561.08,232,124,369,124,0,4,49,12,4,2017,338,0,0.0,1.0,-2.4492935982947064e-16,1.0,-0.451785789832884,0.8921264484954345,7456.403000000002,5790.564,6322.063000000001,7091.4490000000005,6480.8139999999985,28070.530000000137,20853.39000000004,28075.04000000019,10.667276047545657,10.441442352470768,-0.05145302815391872,-0.4823445828586869,264106.314,264554.65800000005,-1545.2339999999967,-0.5850802945968179,0,6248.376428571429,6375.442142857143,6471.495666666668,6960.649211111111,758.8638520400015,800.585046066763,23320.305714285783,24127.69800000008,28.768164897236293,5.146395327668598,3.6159816783681706,5903.185999999999
2017-12-05,5903.185999999999,20986.990000000103,10.646237925101966,266153.1969999999,247,124,370,124,1,5,49,12,4,2017,339,0,0.7818314824680298,0.6234898018587336,-2.4492935982947064e-16,1.0,-0.4363729641045924,0.8997658785476209,6022.1709999999985,5725.9540000000015,6073.794000000002,7364.3279999999995,6843.297,21776.060000000118,20553.340000000026,28010.74000000015,10.615823019391739,10.435445255473667,0.030414905710227202,0.28650539533928576,262561.08,269110.194,3592.116999999911,1.3681071848119726,0,6281.463142857143,6354.021285714286,6435.853066666667,6955.553177777778,740.4007515216656,795.8208673873858,23452.115714285796,23917.732000000073,5.173234014803417,-18.225111646303656,3.555197142695505,6568.659
2017-12-06,6568.659,22742.930000000095,10.775705533596355,268651.50699999987,248,124,370,124,2,6,49,12,4,2017,340,0,0.9749279121818236,-0.22252093395631434,-2.4492935982947064e-16,1.0,-0.42083100859565564,0.9071390534005044,5903.185999999999,5715.727999999999,5921.806000000001,6481.764000000002,6972.238,20986.990000000103,21405.87,23035.650000000103,10.646237925101966,10.46497174765593,0.1294676084943891,1.2160878744699772,266153.1969999999,272538.6480000001,2498.3099999999395,0.9386736767245897,0,6306.782,6341.835,6387.1483333333335,6945.1075,721.0149691516157,781.6229514047596,23514.065714285807,23683.607000000073,3.2796872069489598,-8.926242917823034,3.4623398778959444,5975.816000000001
2017-12-07,5975.816000000001,22272.720000000198,11.099167654418205,271546.12100000004,245,124,372,124,3,7,49,12,4,2017,341,0,0.43388373911755823,-0.900968867902419,-2.4492935982947064e-16,1.0,-0.4051645224207563,0.9142437912130223,6568.659,5703.477000000001,5917.4,5775.698999999999,6865.106,22742.930000000095,20999.350000000068,20541.340000000113,10.775705533596355,10.535732543432706,0.32346212082184955,3.0017720864157207,268651.50699999987,271354.9510000001,2894.614000000176,1.0774605481740989,0,6428.629285714285,6388.038785714286,6390.0448333333325,6940.623288888889,675.0904778133665,782.1464941954647,23705.07428571439,23673.84966666674,15.16937825820984,13.729247317078006,3.727142870530183,6281.874000000001
2017-12-08,6281.874000000001,23250.8300000001,11.310990712074025,276666.93700000003,243,124,373,124,4,8,49,12,4,2017,342,0,-0.433883739117558,-0.9009688679024191,-2.4492935982947064e-16,1.0,-0.3893781415452015,0.9210779895789526,5975.816000000001,6138.592,6245.388000000002,5783.459000000001,7478.881,22272.720000000198,23354.76000000011,20276.230000000036,11.099167654418205,10.538240254996314,0.21182305765582043,1.9084589426081946,271546.12100000004,269215.24899999995,5120.815999999992,1.885799723870845,0,6467.534857142857,6392.211357142857,6396.7154,6930.742288888889,632.8614183783461,777.5662926107076,23886.984285714407,23731.56233333341,-2.651682991800057,3.325985366196941,3.701256981594998,7639.274000000003
2017-12-09,7639.274000000003,29353.390000000134,11.35813135313503,280426.55100000015,260,124,373,124,5,9,49,12,4,2017,343,1,-0.9749279121818236,-0.2225209339563146,-2.4492935982947064e-16,1.0,-0.37347653741307074,0.9276396261490467,6281.874000000001,7207.917,7385.722999999999,5793.381,7903.855000000001,23250.8300000001,28004.900000000067,20734.24000000007,11.310990712074025,10.571940268723543,0.047140641061005795,0.41676845345372854,276666.93700000003,269215.24899999995,3759.614000000118,1.3588952987180096,0,6488.003714285715,6394.8175,6413.329233333333,6917.442211111111,622.6844012086815,769.2920030781241,23872.137142857267,23830.715666666747,-12.847581347010511,8.431915663754902,3.8424318855430664,7760.077
2017-12-10,7760.077,30796.350000000246,11.402819426983102,275862.77800000005,266,122,373,124,6,10,49,12,4,2017,344,1,-0.7818314824680299,0.6234898018587334,-2.4492935982947064e-16,1.0,-0.3574644155648614,0.9339267592294762,7639.274000000003,7456.403000000002,7651.380999999999,6169.015,6839.915999999999,29353.390000000134,28070.530000000137,21948.89000000012,11.35813135313503,10.667276047545657,0.0446880738480715,0.3934456510378079,280426.55100000015,264106.314,-4563.773000000103,-1.6274396927558048,0,6549.626142857144,6412.928285714287,6474.8589999999995,6914.502422222222,719.6042948444108,791.4962432071788,24064.778571428702,24118.020666666747,2.4525364307696482,23.832961988259107,3.9685624253470997,6146.234000000001
2017-12-11,6146.234000000001,23204.76000000014,11.338142367970212,275533.955,248,124,374,124,0,11,50,12,4,2017,345,0,0.0,1.0,-2.4492935982947064e-16,1.0,-0.34134651424503615,0.9399375283564133,7760.077,6022.1709999999985,5790.564,7422.665999999999,6556.829,30796.350000000246,21776.060000000118,27312.120000000046,11.402819426983102,10.615823019391739,-0.06467705901289023,-0.5672023434821869,275862.77800000005,262561.08,-328.82300000003306,-0.11919803113127246,0,6593.008142857143,6420.692285714286,6527.894400000001,6924.726433333333,789.1720419096558,822.9757806993712,24454.181428571577,24412.936000000085,28.858463168847287,4.545684798426886,3.7754436293834788,5959.450999999999
2017-12-12,5959.450999999999,20863.820000000156,11.354836799157386,281335.639,235,124,372,124,1,12,50,12,4,2017,346,0,0.7818314824680298,0.6234898018587336,-2.4492935982947064e-16,1.0,-0.3251276029999093,0.9456701548465688,6146.234000000001,5903.185999999999,5725.9540000000015,7738.151999999997,6415.355,23204.76000000014,20986.990000000103,29957.650000000205,11.338142367970212,10.646237925101966,0.016694431187174175,0.14724132618351363,275533.955,266153.1969999999,5801.684000000008,2.105614895993493,0,6610.73142857143,6446.097285714286,6485.346666666666,6920.164266666667,775.4899910654328,807.9801143277176,24658.281428571576,24276.02400000009,4.117234320585571,-20.572327863293413,3.500963427671468,5636.9980000000005
2017-12-13,5636.9980000000005,20527.840000000167,11.306523080963643,284717.01100000006,236,124,372,124,2,13,50,12,4,2017,347,0,0.9749279121818236,-0.22252093395631434,-2.4492935982947064e-16,1.0,-0.30881248126625377,0.9511229423235357,5959.450999999999,6568.659,5715.727999999999,5741.516999999999,8446.403999999999,20863.820000000156,22742.930000000095,21508.72000000004,11.354836799157386,10.775705533596355,-0.04831371819374297,-0.42549020341118604,281335.639,268651.50699999987,3381.372000000032,1.2018996285074397,0,6618.769285714286,6462.775642857144,6426.0566333333345,6915.098666666667,767.1811792281866,777.5671585748815,24640.68571428587,23972.896333333418,-9.274465305627839,3.795756417685435,3.6416262698692043,5816.586
2017-12-14,5816.586,22144.690000000086,11.450924083769344,288029.74900000007,239,124,373,124,3,14,50,12,4,2017,348,0,0.43388373911755823,-0.900968867902419,-2.4492935982947064e-16,1.0,-0.29240597695107734,0.9562942772197719,5636.9980000000005,5975.816000000001,5703.477000000001,5817.918999999999,8043.71,20527.840000000167,22272.720000000198,19682.10000000006,11.306523080963643,11.099167654418205,0.14440100280570078,1.2771477294273001,284717.01100000006,271546.12100000004,3312.738000000012,1.1635195200893744,0,6485.674857142857,6457.152071428572,6422.572666666666,6883.883044444444,853.3040391006707,780.9667919394554,24324.244285714456,23940.20033333342,-5.6698198204228545,-3.109720159390299,3.807162827129193,6383.7970000000005
2017-12-15,6383.7970000000005,24756.6700000001,11.562953344208587,291985.00000000006,236,124,375,124,4,15,50,12,4,2017,349,0,-0.433883739117558,-0.9009688679024191,-2.4492935982947064e-16,1.0,-0.27591294500296043,0.9611826292540837,5816.586,6281.874000000001,6138.592,5710.210000000001,8377.112000000001,22144.690000000086,23250.8300000001,20248.96000000008,11.450924083769344,11.310990712074025,0.11202926043924322,0.9783425304341562,288029.74900000007,276666.93700000003,3955.2509999999893,1.3732091958320556,0,6462.927714285715,6465.231285714287,6422.528233333333,6859.137222222222,871.097824190992,781.002417268294,24305.954285714433,24022.286666666758,-7.406834330010446,1.8629087196442735,3.8780478138637706,7985.187999999999
2017-12-16,7985.187999999999,33394.23000000018,11.738724029792207,292400.981,252,124,376,124,5,16,50,12,4,2017,350,1,-0.9749279121818236,-0.2225209339563146,-2.4492935982947064e-16,1.0,-0.2593382659754056,0.9657865518844574,6383.7970000000005,7639.274000000003,7207.917,6055.072000000003,8879.440000000002,24756.6700000001,29353.390000000134,22531.96000000003,11.562953344208587,11.35813135313503,0.17577068558362008,1.5201193012826302,291985.00000000006,280426.55100000015,415.98099999997066,0.14246656506326372,0,6477.488142857143,6482.7459285714285,6444.981133333334,6836.989277777778,868.4148102325212,769.414406947498,24521.074285714432,24172.543666666763,-16.43450673454051,5.428919755206833,4.182021763294763,7900.991000000002
2017-12-17,7900.991000000002,32662.71000000005,11.844570419772474,287027.973,261,123,376,124,6,17,50,12,4,2017,351,1,-0.7818314824680299,0.6234898018587334,-2.4492935982947064e-16,1.0,-0.2426868445825954,0.9701046827361175,7985.187999999999,7760.077,7456.403000000002,5983.367,7936.468,33394.23000000018,30796.350000000246,22127.890000000065,11.738724029792207,11.402819426983102,0.10584638998026641,0.9016856492378078,292400.981,275862.77800000005,-5373.008000000031,-1.8375478706071886,0,6526.904428571428,6538.265285714287,6509.318333333333,6827.053144444444,951.4186243098574,815.0309314986663,25098.337142857297,24534.61933333343,2.900886163887278,33.45643013373572,4.134001671435905,9864.728
2017-12-18,9864.728,25742.540000000066,11.80081142782599,354480.37,246,124,377,124,0,18,51,12,4,2017,352,0,0.0,1.0,-2.4492935982947064e-16,1.0,-0.22596360824801906,0.974135744004672,7900.991000000002,6146.234000000001,6022.1709999999985,7907.554999999998,7206.6720000000005,32662.71000000005,23204.76000000014,34095.71000000018,11.844570419772474,11.338142367970212,-0.04375899194648447,-0.36944346984029375,287027.973,275533.955,67452.397,23.50028685183238,0,6547.035000000001,6570.021571428572,6573.2391333333335,6826.658955555556,982.8315409753819,846.9323774174393,25364.96000000013,24885.780000000097,28.550117031014445,-0.08300922345776615,2.6095539583047875,9296.956000000002
2017-12-19,9296.956000000002,25165.930000000146,11.868962442231346,358680.13700000005,242,124,377,124,1,19,51,12,4,2017,353,0,0.7818314824680298,0.6234898018587336,-2.4492935982947064e-16,1.0,-0.20917350564635637,0.9778785428342386,9864.728,5959.450999999999,5903.185999999999,8053.126999999998,6850.923999999999,25742.540000000066,20863.820000000156,34007.94000000002,11.80081142782599,11.354836799157386,0.0681510144053572,0.5775112569349171,354480.37,281335.639,4199.767000000051,1.1847671565001048,0,7078.248428571429,6844.489928571429,6638.478233333333,6856.19291111111,1563.483209663712,1012.4629414743621,25727.50000000012,24607.34100000009,65.53081819113876,22.495621887001185,2.706899978874821,9163.93
2017-12-20,9163.93,24418.30000000014,11.895701537259,362477.0380000001,243,124,376,124,2,20,51,12,4,2017,354,0,0.9749279121818236,-0.22252093395631434,-2.4492935982947064e-16,1.0,-0.19232150523909483,0.9813319716704275,9296.956000000002,5636.9980000000005,6568.659,6322.063000000001,6990.907,25165.930000000146,20527.840000000167,24173.360000000055,11.868962442231346,11.306523080963643,0.02673909502765426,0.22528586772263262,358680.13700000005,284717.01100000006,3796.901000000071,1.0585757638427773,0,7555.034857142858,7086.9020714285725,6679.9392,6883.371044444444,1670.6564075959923,1094.5327703862101,26342.087142857257,24312.607333333428,64.92743123201394,47.05573164962134,2.6646100526739227,8842.448000000004
2017-12-21,8842.448000000004,24645.260000000144,11.935737555381804,367349.17200000014,242,124,376,124,3,21,51,12,4,2017,355,0,0.43388373911755823,-0.900968867902419,-2.4492935982947064e-16,1.0,-0.17541259380427843,0.9844950085880858,9163.93,5816.586,5975.816000000001,6073.794000000002,6937.895999999999,24418.30000000014,22144.690000000086,22226.210000000086,11.895701537259,11.450924083769344,0.04003601812280344,0.33655869725215476,362477.0380000001,288029.74900000007,4872.13400000002,1.344122106846398,0,8058.882285714286,7272.278571428572,6774.6681,6907.515744444443,1520.9207501737187,1181.976508943475,26897.86714285726,24320.772000000103,57.548259408525894,50.876536148575305,2.7871535122400646,10504.258000000002
2017-12-22,10504.258000000002,29308.61000000013,11.974471902727572,370633.828,256,123,378,123,4,22,51,12,4,2017,356,0,-0.433883739117558,-0.9009688679024191,-2.4492935982947064e-16,1.0,-0.15845177496083632,0.9873667175937016,8842.448000000004,6383.7970000000005,6281.874000000001,5921.806000000001,8469.787,24645.260000000144,24756.6700000001,21291.940000000093,11.935737555381804,11.562953344208587,0.03873434734576797,0.32452412065899283,367349.17200000014,291985.00000000006,3284.6559999998426,0.894150919714021,0,8491.148285714287,7477.0380000000005,6866.956566666667,6928.677433333334,1165.997777459145,1232.378691540576,27255.09142857155,24401.4070000001,38.51392830943721,49.32012294897877,2.7901647122528908,18223.361
2017-12-23,18223.361,44667.219999999994,12.055964669435093,366361.125,263,123,379,123,5,23,51,12,4,2017,357,1,-0.9749279121818236,-0.2225209339563146,-2.4492935982947064e-16,1.0,-0.14144406768794202,0.9899462489023779,10504.258000000002,7985.187999999999,7639.274000000003,5917.4,8758.948,29308.61000000013,33394.23000000018,20872.300000000123,11.974471902727572,11.738724029792207,0.08149276670752137,0.6805541602962779,370633.828,292400.981,-4272.7029999999795,-1.1528097753667481,0,9079.785571428572,7778.636857142858,7019.704966666667,6951.282666666666,943.7098074140148,1385.6487320922406,27905.3685714287,24668.629333333436,31.546783870335958,77.51475310102414,2.451096699450776,18494.607999999997
2017-12-24,18494.607999999997,44311.09000000008,12.039742452330497,351538.45000000007,272,122,379,123,6,24,51,12,4,2017,358,1,-0.7818314824680299,0.6234898018587334,-2.4492935982947064e-16,1.0,-0.12439450483979998,0.9922328391893008,18223.361,7900.991000000002,7760.077,6245.388000000002,6925.371,44667.219999999994,32662.71000000005,22428.900000000067,12.055964669435093,11.844570419772474,-0.01622221710459648,-0.13455760322294147,366361.125,287027.973,-14822.67499999993,-4.045919173329302,0,10542.381714285715,8534.643071428573,7429.903666666667,7056.442811111111,3482.720312211666,2456.0944110446194,29515.795714285814,25461.793333333437,130.64652269569726,191.789093007512,2.395892359546095,6803.307999999999
2017-12-25,6803.307999999999,27788.350000000046,12.005534649529606,284255.5280000001,257,123,379,123,0,25,52,12,4,2017,359,0,0.0,1.0,-2.4492935982947064e-16,1.0,-0.10730813165636247,0.9942258118156161,18494.607999999997,9864.728,6146.234000000001,7385.722999999999,6696.731000000002,44311.09000000008,25742.540000000066,27077.389999999887,12.039742452330497,11.80081142782599,-0.034207802800890974,-0.2841240411606103,351538.45000000007,354480.37,-67282.92199999996,-19.139562685105982,0,12055.755571428574,9301.395285714285,7838.211,7184.989888888888,4339.832938640551,3167.5224256281886,31179.850000000104,26191.199666666762,87.48218906796009,150.4102577364464,4.084535052653805,6669.146999999999
2017-12-26,6669.146999999999,25553.610000000186,11.97702208076387,288325.282,250,123,379,123,1,26,52,12,4,2017,360,0,0.7818314824680298,0.6234898018587336,-2.4492935982947064e-16,1.0,-0.09019000427034513,0.9959245770286599,6803.307999999999,9296.956000000002,5959.450999999999,7651.380999999999,6380.191,27788.350000000046,25165.930000000146,28423.520000000066,12.005534649529606,11.868962442231346,-0.028512568765735935,-0.2374952019888019,284255.5280000001,358680.13700000005,4069.753999999899,1.4317237833981182,0,11618.409857142859,9348.329142857143,7818.797166666667,7186.174077777778,4733.807564865621,3172.172773865709,31472.10857142867,26214.898333333436,-26.822198577685025,-11.08392066739325,3.8316159472868403,6584.156
2017-12-27,6584.156,27165.99000000003,11.984279267321472,291657.5160000001,252,123,380,123,2,27,52,12,4,2017,361,0,0.9749279121818236,-0.22252093395631434,-2.4492935982947064e-16,1.0,-0.07304518821104743,0.9973286321364752,6669.146999999999,9163.93,5636.9980000000005,5790.564,6425.009999999999,25553.610000000186,24418.30000000014,20853.39000000004,11.97702208076387,11.895701537259,0.007257186557602324,0.06059257892876386,288325.282,362477.0380000001,3332.234000000113,1.1557203644736618,0,11243.00857142857,9399.021714285715,7786.056033333333,7189.384699999999,5042.7039094139545,3179.0219217437257,31527.49142857154,26119.234666666776,-27.223942129632167,15.17266711843611,4.125963904864956,6809.378000000001
2017-12-28,6809.378000000001,28750.1400000001,11.980710578842318,295962.8829999999,261,123,379,123,3,28,52,12,4,2017,362,0,0.43388373911755823,-0.900968867902419,-2.4492935982947064e-16,1.0,-0.05587875690537313,0.9984375616565666,6584.156,8842.448000000004,5816.586,5725.9540000000015,10211.493999999999,27165.99000000003,24645.260000000144,20553.340000000026,11.984279267321472,11.935737555381804,-0.0035686884791541473,-0.02977808176487664,291657.5160000001,367349.17200000014,4305.366999999795,1.4761721415743638,0,10874.46942857143,9466.675857142856,7812.5091,7191.15298888889,5307.302644870881,3165.115966072016,31920.01857142866,26329.654666666775,-25.539217194152602,14.987930395528817,4.222138938387633,8081.726000000004
2017-12-29,8081.726000000004,34163.060000000085,11.987186671966084,297243.704,255,123,378,123,4,29,52,12,4,2017,363,0,-0.433883739117558,-0.9009688679024191,-2.4492935982947064e-16,1.0,-0.03869579017652689,0.9992510374388481,6809.378000000001,10504.258000000002,6383.7970000000005,5715.727999999999,13823.129000000003,28750.1400000001,29308.61000000013,21405.87,11.980710578842318,11.974471902727572,0.006476093123765736,0.054054332430017796,295962.8829999999,370633.828,1280.8210000001127,0.432764063864087,0,10584.030857142856,9537.58957142857,7848.623233333333,7153.3517,5489.537677491274,3146.6141966898563,32506.430000000084,26602.881333333444,-35.175069005350025,19.134045566898944,4.227198496954743,11367.268000000005
2017-12-30,11367.268000000005,49996.659999999974,12.07299541314897,292833.738,275,123,380,123,5,30,52,12,4,2017,364,1,-0.9749279121818236,-0.2225209339563146,-2.4492935982947064e-16,1.0,-0.021501372740813793,0.999768818762748,8081.726000000004,18223.361,7985.187999999999,5703.477000000001,10525.568000000001,34163.060000000085,44667.219999999994,20999.350000000068,11.987186671966084,12.055964669435093,0.08580874118288584,0.7158371979270418,297243.704,366361.125,-4409.966000000015,-1.4836196496865126,0,10237.954857142857,9658.870214285716,7927.489833333335,7089.558333333333,5571.159801161837,3120.857214176674,33199.922857142934,27028.121000000112,-55.65183612397294,41.698230745911715,4.398300453547849,14387.251999999995
2017-12-31,14387.251999999995,63272.819999999985,12.070487578052331,279961.166,274,122,380,123,6,31,52,12,4,2017,365,1,-0.7818314824680299,0.6234898018587334,-2.4492935982947064e-16,1.0,-0.004300592702981974,0.9999907524084426,11367.268000000005,18494.607999999997,7900.991000000002,6138.592,8705.810999999998,49996.659999999974,44311.09000000008,23354.76000000011,12.07299541314897,12.039742452330497,-0.0025078350966385443,-0.020772269108188385,292833.738,351538.45000000007,-12872.571999999986,-4.395863703382425,0,9258.513,9900.447357142859,8116.282866666667,7098.910555555555,4416.2657986900085,3152.827407904981,33961.271428571505,27994.69800000011,-38.537394250259275,85.17712205013798,4.397839142596516,5522.901999999999
2018-01-01,5522.901999999999,20424.560000000125,12.03715983797063,274753.609,245,116,379,123,0,1,1,1,1,2018,1,0,0.0,1.0,0.49999999999999994,0.8660254037844387,0.017201575418260506,0.9998520419557735,14387.251999999995,6803.307999999999,9864.728,7207.917,6669.995999999999,63272.819999999985,27788.350000000046,28004.900000000067,12.070487578052331,12.005534649529606,-0.033327740081700696,-0.2761093109635459,279961.166,284255.5280000001,-5207.55700000003,-1.8600997682657276,0,8671.747857142856,10363.751714285714,8391.2382,7162.037677777777,3044.3631293223793,3329.1558363807776,36670.09000000006,29325.300000000105,111.47435923818232,99.60346380237168,3.698157236901927,5876.983000000003
2018-01-02,5876.983000000003,22986.450000000164,12.01776899574918,273868.62599999993,243,123,378,123,1,2,1,1,1,2018,2,0,0.7818314824680298,0.6234898018587336,0.49999999999999994,0.8660254037844387,0.03439806061360801,0.9994082116062598,5522.901999999999,6669.146999999999,9296.956000000002,7456.403000000002,6616.213,20424.560000000125,25553.610000000186,28070.530000000137,12.03715983797063,11.97702208076387,-0.019390842221451265,-0.16109150731955726,274753.609,288325.282,-884.9830000000657,-0.32210059158861337,0,8488.832714285714,10053.621285714285,8335.071033333334,7149.2921888888895,3209.3311417631826,3363.8419121073853,35618.120000000075,29072.62200000011,-17.18728047230028,-25.930747037143814,3.9112670565833105,5973.944
2018-01-03,5973.944,24066.41000000016,12.030615537848545,274823.328,244,123,380,123,2,3,1,1,1,2018,3,0,0.9749279121818236,-0.22252093395631434,0.49999999999999994,0.8660254037844387,0.051584366869408364,0.9986686402879997,5876.983000000003,6584.156,9163.93,6022.1709999999985,6320.709000000002,22986.450000000164,27165.99000000003,21776.060000000118,12.01776899574918,11.984279267321472,0.012846542099365976,0.1068962309386205,273868.62599999993,291657.5160000001,954.7020000000484,0.3485985284053854,0,8375.666428571429,9809.3375,8282.423700000001,7141.078522222223,3296.9605911765684,3390.323587930495,35251.382857142926,28903.152666666774,-10.740526196523852,-2.4108913546293453,4.0285630397606935,5673.553000000001
2018-01-04,5673.553000000001,21183.21000000013,12.074122905767444,278177.902,244,123,379,123,3,4,1,1,1,2018,4,0,0.43388373911755823,-0.900968867902419,0.49999999999999994,0.8660254037844387,0.06875540848113941,0.9976335468520451,5973.944,6809.378000000001,8842.448000000004,5903.185999999999,6751.954000000001,24066.41000000016,28750.1400000001,20986.990000000103,12.030615537848545,11.980710578842318,0.043507367918898865,0.36163875224857667,274823.328,295962.8829999999,3354.5740000000224,1.2206292764200943,0,8288.493285714287,9581.481357142857,8280.816133333334,7137.225577777778,3359.6939778547735,3391.443521492837,34808.58571428581,28979.497666666775,-12.268873897145967,1.1986408695237054,3.7336762342750878,6580.847000000002
2018-01-05,6580.847000000002,25280.290000000066,12.057424362530986,278146.46099999995,251,123,378,123,4,5,1,1,1,2018,5,0,-0.433883739117558,-0.9009688679024191,0.49999999999999994,0.8660254037844387,0.08590610426133272,0.9963032375991965,5673.553000000001,8081.726000000004,10504.258000000002,6568.659,9356.841,21183.21000000013,34163.060000000085,22742.930000000095,12.074122905767444,11.987186671966084,-0.016698543236458363,-0.13830025888242342,278177.902,297243.704,-31.441000000049826,-0.011302479375248801,0,8126.232571428572,9355.131714285715,8273.1617,7125.243344444444,3468.6955435392915,3397.2490083119087,33727.59571428581,28986.038333333447,-29.797756073393263,-13.62692141577145,3.8414948714048602,7599.64
2018-01-06,7599.64,29576.720000000165,12.110736025462103,277677.88100000005,255,123,379,123,5,6,1,1,1,2018,6,1,-0.9749279121818236,-0.2225209339563146,0.49999999999999994,0.8660254037844387,0.10303137904317879,0.9946781061893646,6580.847000000002,11367.268000000005,18223.361,5975.816000000001,8929.207000000002,25280.290000000066,49996.659999999974,22272.720000000198,12.057424362530986,12.07299541314897,0.053311662931117,0.442148018749224,278146.46099999995,292833.738,-468.5799999998999,-0.16846520294209313,0,7911.821285714286,9074.888071428571,8273.567966666667,7094.398966666667,3517.9426510391863,3397.03886544901,32458.628571428657,29070.617000000108,-42.10704806115244,10.124659126050748,3.8918580353806447,8787.785000000003
2018-01-07,8787.785000000003,32443.330000000216,12.109319070013509,271646.61899999995,268,122,380,123,6,7,1,1,1,2018,7,1,-0.7818314824680299,0.6234898018587334,0.49999999999999994,0.8660254037844387,0.1201261651823505,0.9927586335250793,7599.64,14387.251999999995,18494.607999999997,6281.874000000001,6961.178,29576.720000000165,63272.819999999985,23250.8300000001,12.110736025462103,12.070487578052331,-0.0014169554485938818,-0.011699994497566597,277677.88100000005,279961.166,-6031.262000000104,-2.172035445632093,0,7373.588714285715,8316.050857142856,8327.695433333334,7079.626000000001,3172.4072886179974,3372.0092233699283,29541.4942857144,29314.083666666775,-47.17796004407233,20.977275252575893,3.6918666080246845,6346.486000000001
2018-01-08,6346.486000000001,23781.790000000085,12.077193934979407,270732.66300000006,240,123,381,123,0,8,2,1,1,2018,8,0,0.0,1.0,0.49999999999999994,0.8660254037844387,0.13718540405660057,0.9905453876091833,8787.785000000003,5522.901999999999,6803.307999999999,7639.274000000003,6389.259000000001,32443.330000000216,20424.560000000125,29353.390000000134,12.109319070013509,12.03715983797063,-0.03212513503410186,-0.2652926630173105,271646.61899999995,274753.609,-913.9559999998892,-0.3364503498568813,0,6573.664857142859,7622.706357142858,8411.225800000002,7099.9216333333325,1205.1513900631544,3350.5527967983785,25137.28142857158,29620.500333333446,59.11535276200818,15.034295143753187,3.747237447620633,5985.709
2018-01-09,5985.709,21889.710000000137,12.072087766835887,276377.498,246,123,383,123,1,9,2,1,1,2018,9,0,0.7818314824680298,0.6234898018587336,0.49999999999999994,0.8660254037844387,0.1542040475626894,0.988039023376751,6346.486000000001,5876.983000000003,6669.146999999999,7760.077,6775.548,23781.790000000085,22986.450000000164,30796.350000000246,12.077193934979407,12.01776899574918,-0.005106168143520051,-0.04227942493107575,270732.66300000006,273868.62599999993,5644.834999999963,2.0850217840172327,0,6691.319714285716,7590.076214285715,8368.132866666669,7099.446377777777,1122.8645088302442,3369.0858686150764,25616.88571428586,29434.78033333344,7.988843935740459,-18.216198112467175,3.656995353432674,5947.7440000000015
2018-01-10,5947.7440000000015,21747.470000000136,12.150856916682715,278532.06000000006,233,123,384,123,2,10,2,1,1,2018,10,0,0.9749279121818236,-0.22252093395631434,0.49999999999999994,0.8660254037844387,0.17117705961019986,0.985240282501282,5985.709,5973.944,6584.156,6146.234000000001,6299.658999999998,21889.710000000137,24066.41000000016,23204.76000000014,12.072087766835887,12.030615537848545,0.0787691498468277,0.6524898705857671,276377.498,274823.328,2154.5620000000345,0.7795721488151087,0,6706.852000000001,7541.259214285716,8308.987266666667,7090.67038888889,1110.4054562582153,3395.599147763362,25460.208571428717,29137.892333333442,0.196938571904916,-2.611761934218603,3.6564233430356334,6179.347
2018-01-11,6179.347,22575.73000000009,12.15343314029966,279781.089,245,123,384,123,3,11,2,1,1,2018,11,0,0.43388373911755823,-0.900968867902419,0.49999999999999994,0.8660254037844387,0.18809941761179758,0.9821499931752291,5947.7440000000015,5673.553000000001,6809.378000000001,5959.450999999999,6293.537999999999,21747.470000000136,21183.21000000013,20863.820000000156,12.150856916682715,12.074122905767444,0.0025762236169448727,0.021201991222592746,278532.06000000006,278177.902,1249.0289999999222,0.4484327585125827,0,6703.109142857144,7495.801214285714,8302.370933333334,7086.760222222221,1113.3279256408796,3400.148923677359,25128.931428571563,29089.316000000108,4.832791726806829,-0.19644426978252874,3.6534167768859866,6096.819
2018-01-12,6096.819,22428.710000000086,12.204303407601207,281423.4049999999,241,123,385,123,4,12,2,1,1,2018,12,0,-0.433883739117558,-0.9009688679024191,0.49999999999999994,0.8660254037844387,0.20496611396949532,0.9787690698649216,6179.347,6580.847000000002,8081.726000000004,5636.9980000000005,7549.728000000002,22575.73000000009,25280.290000000066,20527.840000000167,12.15343314029966,12.057424362530986,0.050870267301547756,0.41856705602688227,279781.089,278146.46099999995,1642.3159999999334,0.5870003601279619,0,6775.365428571429,7450.799000000001,8309.7008,7085.491433333334,1049.9832185396917,3395.1573697287495,25327.862857142987,29146.379666666773,-6.101038361779293,9.62123811291044,3.678756085755553,7934.271999999996
2018-01-13,7934.271999999996,31763.24000000016,12.25678017354688,279828.06700000004,266,123,385,123,5,13,2,1,1,2018,13,1,-0.9749279121818236,-0.2225209339563146,0.49999999999999994,0.8660254037844387,0.22177215755648186,0.975098513039961,6096.819,7599.64,11367.268000000005,5816.586,8178.313000000001,22428.710000000086,29576.720000000165,22144.690000000086,12.204303407601207,12.110736025462103,0.05247676594567352,0.4299857533285301,281423.4049999999,277677.88100000005,-1595.3379999998724,-0.5668817772991812,0,6706.218571428572,7309.019928571429,8325.028166666667,7069.348000000001,1080.4248683576448,3383.6940186829643,24920.494285714423,29209.7420000001,-19.774897231974144,4.817826126872364,4.003296080598217,9146.694
2018-01-14,9146.694,33438.17000000016,12.251387848932364,273729.0120000001,275,121,384,123,6,14,2,1,1,2018,14,1,-0.7818314824680299,0.6234898018587334,0.49999999999999994,0.8660254037844387,0.23851257519407648,0.9711394088771653,7934.271999999996,8787.785000000003,14387.251999999995,6383.7970000000005,6474.879,31763.24000000016,32443.330000000216,24756.6700000001,12.25678017354688,12.109319070013509,-0.005392324614517108,-0.04399462614296582,279828.06700000004,271646.61899999995,-6099.054999999935,-2.1795722871501426,0,6754.023142857143,7063.805928571428,8395.6177,7066.636433333334,1132.6829368099845,3351.4952553987277,25232.85428571442,29530.36033333344,-9.712492966088803,24.287661402766968,3.655765678834359,6417.4130000000005
2018-01-15,6417.4130000000005,23535.92000000012,12.233126559012423,273326.48,247,123,385,123,0,15,3,1,1,2018,15,0,0.0,1.0,0.49999999999999994,0.8660254037844387,0.2551824131233728,0.9668929289391521,9146.694,6346.486000000001,5522.901999999999,7985.187999999999,6314.442,33438.17000000016,23781.790000000085,33394.23000000018,12.251387848932364,12.077193934979407,-0.018261289919941248,-0.14905486745758859,273729.0120000001,270732.66300000006,-402.53200000012293,-0.14705492744777918,0,6805.295857142856,6689.480357142857,8487.714266666668,7096.323266666667,1242.8534448654127,3332.2113022040962,25374.974285714412,29819.743666666775,44.122180368789884,14.545756468100693,3.667509010250722,6089.852000000001
2018-01-16,6089.852000000001,22425.990000000005,12.241151832460433,278753.1470000001,248,123,388,123,1,16,3,1,1,2018,16,0,0.7818314824680298,0.6234898018587336,0.49999999999999994,0.8660254037844387,0.2717767384711357,0.9623603298276545,6417.4130000000005,5985.709,5876.983000000003,7900.991000000002,5872.838,23535.92000000012,21889.710000000137,32662.71000000005,12.233126559012423,12.072087766835887,0.00802527344801085,0.06560279916419608,273326.48,276377.498,5426.667000000132,1.985415756278035,0,6815.428285714284,6753.374000000001,8435.455100000001,7097.467388888889,1238.7719776439567,3352.5955811138315,25339.85000000013,29491.133333333437,7.212245032292761,-18.77711289634428,3.6825180644784146,7852.987
2018-01-17,7852.987,66043.57999999991,12.3309283940935,279048.516,249,123,389,123,2,17,3,1,1,2018,17,0,0.9749279121818236,-0.22252093395631434,0.49999999999999994,0.8660254037844387,0.2882906407095177,0.9575429528116719,6089.852000000001,5947.7440000000015,5973.944,9864.728,5703.129000000001,22425.990000000005,21747.470000000136,25742.540000000066,12.241151832460433,12.150856916682715,0.08977656163306591,0.7333996249846457,278753.1470000001,278532.06000000006,295.36899999988964,0.10596077683022159,0,6830.305857142857,6768.578928571428,8375.0838,7099.878655555556,1227.7223854193687,3378.756545388921,25416.46142857154,29149.90933333344,2.389275664857116,-38.26639720831632,8.409994821078898,7783.441
2018-01-18,7783.441,72026.41999999966,12.369012007308477,278295.53800000006,244,123,388,123,3,18,3,1,1,2018,18,0,0.43388373911755823,-0.900968867902419,0.49999999999999994,0.8660254037844387,0.3047192331091634,0.9524422234305676,7852.987,6179.347,5673.553000000001,9296.956000000002,6246.548000000001,66043.57999999991,22575.73000000009,25165.930000000146,12.3309283940935,12.15343314029966,0.038083613214977774,0.3088462765968196,279048.516,279781.089,-752.9779999999446,-0.2698376650746799,0,7102.483428571427,6902.796285714287,8308.025766666668,7123.765966666667,1210.5240194167884,3368.1188847280314,31744.47714285722,30493.277333333433,27.084415230282428,-15.531632073982083,9.253801756832186,6847.556000000001
2018-01-19,6847.556000000001,25104.260000000126,12.418437134312493,279743.36300000007,264,123,389,123,4,19,3,1,1,2018,19,0,-0.433883739117558,-0.9009688679024191,0.49999999999999994,0.8660254037844387,0.321057654185271,0.9470596510722283,7783.441,6096.819,6580.847000000002,9163.93,7266.858999999998,72026.41999999966,22428.710000000086,24418.30000000014,12.369012007308477,12.204303407601207,0.04942512700401558,0.39958831776387443,278295.53800000006,281423.4049999999,1447.8250000000116,0.5202472919274801,0,7331.639714285715,7053.502571428571,8257.575266666667,7140.842555555557,1157.306105780692,3364.1280491983866,38808.86142857145,32055.29366666675,27.663967062167984,-15.06437740139875,3.6661635187795647,7467.1269999999995
2018-01-20,7467.1269999999995,29626.630000000165,12.480486468861745,278810.169,270,123,387,123,5,20,3,1,1,2018,20,1,-0.9749279121818236,-0.2225209339563146,0.49999999999999994,0.8660254037844387,0.3373010691361842,0.9413968285264122,6847.556000000001,7934.271999999996,7599.64,8842.448000000004,7765.961000000001,25104.260000000126,31763.24000000016,24645.260000000144,12.418437134312493,12.25678017354688,0.06204933454925232,0.4996549394916069,279743.36300000007,279828.06700000004,-933.1940000000759,-0.3335893262997899,0,7438.887857142857,7072.553214285715,8180.362800000001,7136.183633333333,1053.9753501107975,3369.186901245329,39191.08285714289,32078.159000000083,-13.696480281996829,-22.560404087193973,3.9676076220479666,8989.207999999999
2018-01-21,8989.207999999999,32542.11000000014,12.442386297281184,274045.8680000001,270,122,389,123,6,21,3,1,1,2018,21,1,-0.7818314824680299,0.6234898018587334,0.49999999999999994,0.8660254037844387,0.3534446712740877,0.9354554315134164,7467.1269999999995,9146.694,8787.785000000003,10504.258000000002,6379.776999999999,29626.630000000165,33438.17000000016,29308.61000000013,12.480486468861745,12.251387848932364,-0.03810017158056134,-0.30527793668635883,278810.169,273729.0120000001,-4764.300999999919,-1.7087974291210017,0,7372.152857142857,7063.088000000001,8134.518766666667,7132.863255555555,1031.9400265573465,3369.2242488019892,38885.85285714288,32244.20466666675,-18.362558100227254,-28.913332098278637,3.620130939232927,6332.260000000001
2018-01-22,6332.260000000001,24247.220000000067,12.447250016264066,271383.28800000006,249,123,387,123,0,22,4,1,1,2018,22,0,0.0,1.0,0.49999999999999994,0.8660254037844387,0.3694836834473831,0.9292372181882051,8989.207999999999,6417.4130000000005,6346.486000000001,18223.361,5988.229,32542.11000000014,23535.92000000012,44667.219999999994,12.442386297281184,12.233126559012423,0.0048637189828824035,0.03908992107040742,274045.8680000001,273326.48,-2662.5800000000163,-0.9715818813221498,0,7349.6548571428575,7077.475357142857,8084.0171,7161.856933333333,987.5668127429028,3343.73735885068,38757.84428571431,32351.988000000085,40.07526085667228,-50.67206318307584,3.829157362458279,6438.348
2018-01-23,6438.348,23423.640000000043,12.449263233189946,273544.80299999996,238,123,388,123,1,23,4,1,1,2018,23,0,0.7818314824680298,0.6234898018587336,0.49999999999999994,0.8660254037844387,0.38541335945432564,0.9227440286201427,6332.260000000001,6089.852000000001,5985.709,18494.607999999997,5755.460999999998,24247.220000000067,22425.990000000005,44311.09000000008,12.447250016264066,12.241151832460433,0.002013216925879746,0.016173989622199264,271383.28800000006,278753.1470000001,2161.5149999998976,0.796480511357021,0,7337.490142857144,7076.459214285714,7687.647066666667,7165.6795,1001.3915993092687,2752.9663521086586,38859.458571428586,31671.321333333417,3.9805236646145152,-65.76158845864695,3.638144443264024,6580.722000000001
2018-01-24,6580.722000000001,23973.219999999987,12.459373089679069,274105.55700000003,243,123,387,123,2,24,4,1,1,2018,24,0,0.9749279121818236,-0.22252093395631434,0.49999999999999994,0.8660254037844387,0.4012289854475009,0.9159777842484877,6438.348,7852.987,5947.7440000000015,6803.307999999999,5936.884,23423.640000000043,66043.57999999991,27788.350000000046,12.449263233189946,12.3309283940935,0.010109856489123104,0.08120847233890963,273544.80299999996,279048.516,560.7540000000736,0.20499530382234082,0,7387.275285714285,7108.790571428572,7285.771733333333,7173.267133333334,935.5227188945968,1854.269243334935,39001.980000000025,30975.073000000088,-18.014024472471434,-5.364449176782812,3.642946776964592,6250.504000000001
2018-01-25,6250.504000000001,23627.790000000063,12.440583609540147,274455.145,249,123,389,123,3,25,4,1,1,2018,25,0,0.43388373911755823,-0.900968867902419,0.49999999999999994,0.8660254037844387,0.4169258813287287,0.908940487313808,6580.722000000001,7783.441,6179.347,6669.146999999999,6131.338999999999,23973.219999999987,72026.41999999966,25553.610000000186,12.459373089679069,12.369012007308477,-0.018789480138922343,-0.15080598360512154,274105.55700000003,278295.53800000006,349.5879999999888,0.12753772810231234,0,7205.523142857143,7154.003285714286,7278.352199999999,7180.420888888891,953.3817403720494,1856.710019183955,32991.9285714286,30847.902000000082,-15.452278754345272,-1.3258817057113657,3.7801415693838543,6605.417999999999
2018-01-26,6605.417999999999,24121.560000000034,12.469329125455118,275658.4220000001,249,123,388,123,4,26,4,1,1,2018,26,0,-0.433883739117558,-0.9009688679024191,0.49999999999999994,0.8660254037844387,0.4324994021339788,0.901634220265486,6250.504000000001,6847.556000000001,6096.819,6584.156,7340.110000000001,23627.790000000063,25104.260000000126,27165.99000000003,12.440583609540147,12.418437134312493,0.028745515914971875,0.2310624390075091,274455.145,279743.36300000007,1203.27700000006,0.4384239180504559,0,6986.532142857143,7159.085928571428,7264.3974333333335,7181.744944444445,974.3368312430929,1863.0091495320048,26077.83857142866,30783.70800000008,-8.719198499435425,-5.067498400706167,3.651784035469071,7417.5599999999995
2018-01-27,7417.5599999999995,29166.780000000097,12.562964220422712,275674.7749999999,263,123,391,123,5,27,4,1,1,2018,27,1,-0.9749279121818236,-0.2225209339563146,0.49999999999999994,0.8660254037844387,0.44794493940789115,0.8940611451454876,6605.417999999999,7467.1269999999995,7934.271999999996,6809.378000000001,7440.265000000002,24121.560000000034,29626.630000000165,28750.1400000001,12.469329125455118,12.480486468861745,0.0936350949675937,0.7509232776320364,275658.4220000001,278810.169,16.35299999982817,0.00593234187483964,0,6951.941,7195.414428571429,7265.106166666667,7173.5817,984.3399951028206,1862.7454715609483,25937.452857142933,30682.22700000008,-11.540034072006554,-2.9952809199313335,3.9321259282028187,8953.651999999998
2018-01-28,8953.651999999998,32409.080000000176,12.50906762028572,270443.596,260,122,390,123,6,28,4,1,1,2018,28,1,-0.7818314824680299,0.6234898018587334,0.49999999999999994,0.8660254037844387,0.4632579225674917,0.88622350294858,7417.5599999999995,8989.207999999999,9146.694,8081.726000000004,6021.329999999998,29166.780000000097,32542.11000000014,34163.060000000085,12.562964220422712,12.442386297281184,-0.05389660013699249,-0.42901180956463,275674.7749999999,274045.8680000001,-5231.178999999887,-1.8975907389422515,0,6944.86,7158.50642857143,7285.378900000001,7173.329422222223,980.1857655900508,1860.9232465847317,25871.760000000068,30696.115000000074,-17.483720479045534,-8.218120733120678,3.619649278305677,6419.12
2018-01-29,6419.12,22370.699999999997,12.5247643569516,269172.4930000001,248,123,391,123,0,29,5,1,1,2018,29,0,0.0,1.0,0.49999999999999994,0.8660254037844387,0.4784338202547012,0.8781236129591848,8953.651999999998,6332.260000000001,6417.4130000000005,11367.268000000005,6051.386999999999,32409.080000000176,24247.220000000067,49996.659999999974,12.50906762028572,12.447250016264066,0.01569673666588045,0.12548286684792836,270443.596,271383.28800000006,-1271.1029999999446,-0.4700066922641956,0,6939.780571428571,7144.717714285715,7314.4431,7205.910777777777,967.840444872831,1880.4956166372026,25852.755714285788,30637.64900000008,41.39741577256772,-21.233035061722887,3.485010406410847,6580.920000000002
2018-01-30,6580.920000000002,23392.64000000004,12.51923848609161,274315.74600000004,245,123,391,123,1,30,5,1,1,2018,30,0,0.7818314824680298,0.6234898018587336,0.49999999999999994,0.8660254037844387,0.49346814167723735,0.8697638720650646,6419.12,6438.348,6089.852000000001,14387.251999999995,5698.879999999999,22370.699999999997,23423.640000000043,63272.819999999985,12.5247643569516,12.449263233189946,-0.005525870859990789,-0.044119559478368736,269172.4930000001,273544.80299999996,5143.252999999968,1.9107647080416816,0,6952.1891428571425,7144.839642857143,7149.504833333334,7209.9967,959.2722187338155,1723.1859426011054,25584.68142857149,29716.78366666675,-0.2986480382855985,-55.383279586678526,3.5546154640992493,6508.553
2018-01-31,6508.553,22705.69000000001,12.49771140065099,274499.91300000006,239,123,389,123,2,31,5,1,1,2018,31,0,0.9749279121818236,-0.22252093395631434,0.49999999999999994,0.8660254037844387,0.5083564379375122,0.8611467540480452,6580.920000000002,6580.722000000001,7852.987,5522.901999999999,5810.480000000001,23392.64000000004,23973.219999999987,20424.560000000125,12.51923848609161,12.459373089679069,-0.021527085440618876,-0.17195203577705334,274315.74600000004,274105.55700000003,184.16700000001583,0.06713686789237969,0,6972.556571428571,7179.915928571429,6889.293766666668,7219.797144444445,947.991154066134,1050.7589158546818,25580.252857142917,28387.444333333417,0.0030087883974012214,19.15692148801487,3.48859262573417,6257.572999999999
2018-02-01,6257.572999999999,23038.820000000138,12.55351518304129,273957.14600000007,248,123,389,124,3,1,5,2,1,2018,32,0,0.43388373911755823,-0.900968867902419,0.8660254037844386,0.5000000000000001,0.5230943033491326,0.8522748088519838,6508.553,6250.504000000001,7783.441,5876.983000000003,6074.754000000001,22705.69000000001,23627.790000000063,22986.450000000164,12.49771140065099,12.440583609540147,0.05580378239029926,0.44651201009004343,274499.91300000006,274455.145,-542.7669999999925,-0.19772938871568693,0,6962.246714285714,7083.884928571429,6922.1488,7227.553511111111,953.3401194377549,1021.5655354460238,25399.177142857206,28463.482000000076,4.128451081704756,10.7465003727252,3.681750097042438,6420.053999999999
2018-02-02,6420.053999999999,23853.04000000006,12.604790586099051,274529.1779999999,255,123,390,124,4,2,5,2,1,2018,33,0,-0.433883739117558,-0.9009688679024191,0.8660254037844386,0.5000000000000001,0.5376773767406141,0.8431506618282,6257.572999999999,6605.417999999999,6847.556000000001,5973.944,7091.4490000000005,23038.820000000138,24121.560000000034,24066.41000000016,12.55351518304129,12.469329125455118,0.05127540305776179,0.40845454289194166,273957.14600000007,275658.4220000001,572.0319999998319,0.20880346008562656,0,6963.256571428572,6974.894357142858,6934.835133333333,7229.584833333333,952.4638675179796,1010.4411686874474,25315.038571428646,28465.227666666746,-5.266055834770781,4.747767973720526,3.7153955402867425,7892.412000000002
2018-02-03,7892.412000000002,33881.420000000195,12.645126405406584,275074.09900000005,259,123,391,124,5,3,5,2,1,2018,34,1,-0.9749279121818236,-0.2225209339563146,0.8660254037844386,0.5000000000000001,0.5521013427459208,0.8337770129585915,6420.053999999999,7417.5599999999995,7467.1269999999995,5673.553000000001,7364.3279999999995,23853.04000000006,29166.780000000097,21183.21000000013,12.604790586099051,12.562964220422712,0.040335819307532716,0.3200038829047766,274529.1779999999,275674.7749999999,544.9210000001476,0.19849292667905336,0,6936.776,6944.358499999999,6949.705466666667,7222.124888888889,966.5433736884345,999.0306223377703,25276.67857142865,28458.11533333341,-13.447899309206807,13.157557530528019,4.292910709679143,9873.109999999997
2018-02-04,9873.109999999997,38634.000000000124,12.581175176340587,269227.8790000001,270,122,392,124,6,4,5,2,1,2018,35,1,-0.7818314824680299,0.6234898018587334,0.8660254037844386,0.5000000000000001,0.5663619330814524,0.8241566360566663,7892.412000000002,8953.651999999998,8989.207999999999,6580.847000000002,6481.764000000002,33881.420000000195,32409.080000000176,25280.290000000066,12.645126405406584,12.50906762028572,-0.0639512290659976,-0.5057381556791274,275074.09900000005,270443.596,-5846.219999999972,-2.125325510927138,0,7004.612000000001,6974.736,7023.667433333333,7227.992488888889,1021.0379856543162,983.3058713288358,25950.19857142866,28881.389000000076,-11.852593779610782,19.930033322458343,3.9130527260407444,6551.318
2018-02-05,6551.318,25893.990000000078,12.602338211381538,267540.878,254,123,391,124,0,5,6,2,1,2018,36,0,0.0,1.0,0.8660254037844386,0.5000000000000001,0.580454927809098,0.8142923779467267,9873.109999999997,6419.12,6332.260000000001,7599.64,5775.698999999999,38634.000000000124,22370.699999999997,29576.720000000165,12.581175176340587,12.5247643569516,0.021163035040951073,0.16821190981228068,269227.8790000001,269172.4930000001,-1687.0010000000475,-0.6266070981453028,0,7135.963142857143,7037.871857142857,7133.4095333333335,7265.674111111111,1326.8925731566098,1107.9922166147185,26839.47285714294,29326.51266666675,53.807842819576464,29.91549599717877,3.9524855914489385,6039.566
2018-02-06,6039.566,23760.21000000017,12.639942079916171,272714.777,258,123,391,124,1,6,6,2,1,2018,37,0,0.7818314824680298,0.6234898018587336,0.8660254037844386,0.5000000000000001,0.5943761565849831,0.804187157621448,6551.318,6580.920000000002,6438.348,8787.785000000003,5783.459000000001,25893.990000000078,23392.64000000004,32443.330000000216,12.602338211381538,12.51923848609161,0.03760386853463338,0.29838802850626744,267540.878,274315.74600000004,5173.898999999976,1.9338723258581725,0,7154.848571428571,7053.518857142858,7098.4654666666665,7274.2921,1315.8845339357524,1109.3114186296104,27342.800000000094,29203.755000000074,-0.44981552731231605,-25.449723678947567,3.9340922841144828,6185.491999999999
2018-02-07,6185.491999999999,23181.570000000123,12.660550673696008,277506.7919999999,242,123,391,124,2,7,6,2,1,2018,38,0,0.9749279121818236,-0.22252093395631434,0.8660254037844386,0.5000000000000001,0.6081214998935418,0.7938439653781019,6039.566,6508.553,6580.722000000001,6346.486000000001,5793.381,23760.21000000017,22705.69000000001,23781.790000000085,12.639942079916171,12.49771140065099,0.020608593779837037,0.1630434194202709,272714.777,274499.91300000006,4792.014999999898,1.7571526753021884,0,7077.512285714285,7025.034428571428,7006.858166666667,7277.137733333334,1370.0308719953223,1078.0297090456406,27395.310000000114,28914.317666666742,-7.205703018781595,-4.836062034959204,3.747732597503986,6208.9039999999995
2018-02-08,6208.9039999999995,24087.750000000022,12.63503578399424,280482.2699999999,256,123,393,124,3,8,6,2,1,2018,39,0,0.43388373911755823,-0.900968867902419,0.8660254037844386,0.5000000000000001,0.6216868902665479,0.7832658619336791,6185.491999999999,6257.572999999999,6250.504000000001,5985.709,6169.015,23181.570000000123,23038.820000000138,21889.710000000137,12.660550673696008,12.55351518304129,-0.02551488970176763,-0.20153064712088892,277506.7919999999,273957.14600000007,2975.478000000003,1.07221808106232,0,7031.360714285714,6996.803714285714,7001.4917,7281.494522222223,1397.5563965859344,1081.824457783016,27463.292857142984,28894.31033333341,-1.1519002654863177,3.337666431829537,3.8795494341674512,6564.774
2018-02-09,6564.774,24949.670000000075,12.593173999870624,283302.17299999995,251,124,393,124,4,9,6,2,1,2018,40,0,-0.433883739117558,-0.9009688679024191,0.8660254037844386,0.5000000000000001,0.6350683134867438,0.7724559775191742,6208.9039999999995,6420.053999999999,6605.417999999999,5947.7440000000015,7422.665999999999,24087.750000000022,23853.04000000006,21747.470000000136,12.63503578399424,12.604790586099051,-0.04186178412361663,-0.3313151212175128,280482.2699999999,274529.1779999999,2819.9030000000494,1.005376560878536,0,7024.4079999999985,6993.832285714286,7008.931533333333,7281.937733333334,1402.1609826901795,1075.345987645919,27613.140000000112,28967.578333333407,-3.2889131462134067,4.390908552889935,3.8005375356409945,8908.456
2018-02-10,8908.456,38101.35000000012,12.639899491011636,282024.11699999997,272,124,391,124,5,10,6,2,1,2018,41,1,-0.9749279121818236,-0.2225209339563146,0.8660254037844386,0.5000000000000001,0.6482618097757122,0.7614175109532997,6564.774,7892.412000000002,7417.5599999999995,6179.347,7738.151999999997,24949.670000000075,33881.420000000195,22575.73000000009,12.593173999870624,12.645126405406584,0.046725491141012654,0.37103823977571254,283302.17299999995,275074.09900000005,-1278.0559999999823,-0.45112820225349365,0,7045.082285714285,6990.929142857142,7029.4992,7272.405599999999,1392.800548193194,1060.1425874721217,27769.801428571544,29074.318333333405,-16.821701654703293,6.237341906839033,4.276986943640977,10280.122
2018-02-11,10280.122,40499.99000000026,12.574220283532734,275841.58199999994,273,123,393,124,6,11,6,2,1,2018,42,1,-0.7818314824680299,0.6234898018587334,0.8660254037844386,0.5000000000000001,0.6612634749656386,0.7501537286959042,8908.456,9873.109999999997,8953.651999999998,6096.819,5741.516999999999,38101.35000000012,38634.000000000124,22428.710000000086,12.639899491011636,12.581175176340587,-0.06567920747890277,-0.5196181150459933,282024.11699999997,269227.8790000001,-6182.535000000033,-2.192200818059838,0,7190.231428571428,7097.421714285714,7120.4695,7285.408977777777,1540.8913135453931,1100.9810499172395,28372.648571428675,29591.839000000073,-9.770518104224475,46.11645843512821,3.939640988696463,7108.562
2018-02-12,7108.562,27782.770000000113,12.566508906179143,274085.895,261,124,394,124,0,12,7,2,1,2018,43,0,0.0,1.0,0.8660254037844386,0.5000000000000001,0.6740694616546161,0.7386679638813748,10280.122,6551.318,6419.12,7934.271999999996,5817.918999999999,40499.99000000026,25893.990000000078,31763.24000000016,12.574220283532734,12.602338211381538,-0.0077113773535906205,-0.061326882937540725,275841.58199999994,267540.878,-1755.686999999918,-0.6364838061289535,0,7248.375999999999,7192.169571428572,7259.912933333332,7335.837922222222,1661.9264432691855,1224.8128405603159,28639.2185714287,30194.21500000008,56.91685245625383,29.56603958119918,3.9083530536837285,6063.278999999999
2018-02-13,6063.278999999999,23218.57000000014,12.658839665163686,275899.3629999999,253,124,393,124,1,13,7,2,1,2018,44,0,0.7818314824680298,0.6234898018587336,0.8660254037844386,0.5000000000000001,0.6866759803451553,0.726963615332308,7108.562,6039.566,6580.920000000002,9146.694,5710.210000000001,27782.770000000113,23760.21000000017,33438.17000000016,12.566508906179143,12.639942079916171,0.09233075898454324,0.7347367488765539,274085.895,272714.777,1813.467999999877,0.661642219859536,0,7327.982285714285,7241.415428571428,7232.389266666666,7350.1784,1636.1181187585264,1218.3970351847613,28909.04428571442,30061.53266666674,17.699881084170617,-22.282717668263523,3.8293751615256606,6484.576999999999
2018-02-14,6484.576999999999,23840.28000000016,12.677138358716821,278236.576,262,124,393,124,2,14,7,2,1,2018,45,0,0.9749279121818236,-0.22252093395631434,0.8660254037844386,0.5000000000000001,0.6990793005655562,0.7150441465537444,6063.278999999999,6185.491999999999,6508.553,6417.4130000000005,6055.072000000003,23218.57000000014,23181.570000000123,23535.92000000012,12.658839665163686,12.660550673696008,0.018298693553134626,0.14455269232528045,275899.3629999999,277506.7919999999,2337.2130000001052,0.8471251889045159,0,7331.369857142857,7204.4410714285705,7129.608766666667,7354.101388888889,1633.027481770238,1180.817805345662,28831.66714285727,29720.879333333407,-1.975800793210963,-5.5183295823410745,3.6764587728698666,6570.099
2018-02-15,6570.099,24214.84000000007,12.608969436239416,279101.133,261,124,397,124,3,15,7,2,1,2018,46,0,0.43388373911755823,-0.900968867902419,0.8660254037844386,0.5000000000000001,0.7112757519738152,0.7029130847082615,6484.576999999999,6208.9039999999995,6257.572999999999,6089.852000000001,5983.367,23840.28000000016,24087.750000000022,22425.990000000005,12.677138358716821,12.63503578399424,-0.06816892247740469,-0.5377311546854865,278236.576,280482.2699999999,864.5569999999716,0.31072729992190945,0,7374.096285714286,7202.728499999999,7131.847566666666,7358.873666666666,1601.6614177591575,1179.4838555034764,28925.768571428704,29731.024666666744,4.4399623508432375,6.481684612368223,3.685612652107688,7044.320999999999
2018-02-16,7044.320999999999,25663.860000000106,12.582068657477972,280544.544,250,125,398,125,4,16,7,2,1,2018,47,0,-0.433883739117558,-0.9009688679024191,0.8660254037844386,0.5000000000000001,0.7232617254437388,0.6905740195722293,6570.099,6564.774,6420.053999999999,7852.987,7907.554999999998,24214.84000000007,24949.670000000075,66043.57999999991,12.608969436239416,12.593173999870624,-0.026900778761444144,-0.21334637138645654,279101.133,283302.17299999995,1443.4110000000219,0.5171641492404913,0,7425.695571428571,7225.051785714285,7147.855799999999,7365.392911111111,1563.2240696486829,1168.0576506434245,28943.924285714424,29790.653000000075,0.0811147497232931,-16.336306172415664,3.6431985424855156,8322.408000000003
2018-02-17,8322.408000000003,32820.720000000336,12.62941067196173,280600.289,264,125,399,125,5,17,7,2,1,2018,48,1,-0.9749279121818236,-0.2225209339563146,0.8660254037844386,0.5000000000000001,0.7350336741329413,0.6780306024735382,7044.320999999999,8908.456,7892.412000000002,7783.441,8053.126999999998,25663.860000000106,38101.35000000012,72026.41999999966,12.582068657477972,12.639899491011636,0.04734201448375863,0.37626574590038964,280544.544,282024.11699999997,55.74499999999534,0.019870284841467224,0,7494.202285714286,7269.642285714285,7120.9002666666665,7355.801422222223,1529.3476481733244,1160.5306901979939,29045.951428571574,28444.662333333417,-20.925455544709443,-9.49605707809696,3.9436566916690845,9687.354000000003
2018-02-18,9687.354000000003,34731.100000000304,12.596274672628203,274883.3219999999,277,124,398,125,6,18,7,2,1,2018,49,1,-0.7818314824680299,0.6234898018587334,0.8660254037844386,0.5000000000000001,0.746588114532413,0.6652865452111116,8322.408000000003,10280.122,9873.109999999997,6847.556000000001,6322.063000000001,32820.720000000336,40499.99000000026,25104.260000000126,12.62941067196173,12.574220283532734,-0.03313599933352762,-0.2623716988401692,280600.289,275841.58199999994,-5716.967000000062,-2.0374059557722206,0,7410.481142857142,7300.356285714284,7138.865833333333,7358.793433333333,1453.1673396593094,1175.2195798675216,28291.57571428589,27137.805666666773,-19.04368450102048,21.538370770534794,3.5851998388827635,6539.4400000000005
2018-02-19,6539.4400000000005,24627.860000000088,12.61273653193225,272650.47099999996,251,125,399,125,0,19,8,2,1,2018,50,0,0.0,1.0,0.8660254037844386,0.5000000000000001,0.7579216274973472,0.6523456189565257,9687.354000000003,7108.562,6551.318,7467.1269999999995,6073.794000000002,34731.100000000304,27782.770000000113,29626.630000000165,12.596274672628203,12.566508906179143,0.0164618593040462,0.13068831644182816,274883.3219999999,274085.895,-2232.850999999966,-0.8122904597318445,0,7325.800000000001,7287.088000000001,7233.525766666667,7396.185555555557,1262.8860458777372,1262.1028729247048,27467.44857142875,27458.700333333447,36.277266766471236,29.733349921596403,3.766050304001579,6348.097000000001
2018-02-20,6348.097000000001,24356.710000000163,12.663109717065309,277950.121,252,125,399,125,1,20,8,2,1,2018,51,0,0.7818314824680298,0.6234898018587336,0.8660254037844386,0.5000000000000001,0.7690308592589181,0.6392116531380588,6539.4400000000005,6063.278999999999,6039.566,8989.207999999999,5921.806000000001,24627.860000000088,23218.57000000014,32542.11000000014,12.61273653193225,12.658839665163686,0.05037318513305955,0.3993834724568092,272650.47099999996,275899.3629999999,5299.650000000023,1.9437523729786712,0,7244.496857142857,7286.239571428571,7202.602866666667,7401.3594,1297.0598343255074,1267.535008513893,27016.74714285732,27292.07466666678,7.853192967039814,-27.252323007766634,3.836852209410184,6263.701000000001
2018-02-21,6263.701000000001,21946.79000000004,12.727641829228924,278642.755,241,125,398,125,2,21,8,2,1,2018,52,0,0.9749279121818236,-0.22252093395631434,0.8660254037844386,0.5000000000000001,0.7799125224167177,0.6258885343075018,6348.097000000001,6484.576999999999,6185.491999999999,6332.260000000001,5917.4,24356.710000000163,23840.28000000016,24247.220000000067,12.663109717065309,12.677138358716821,0.0645321121636151,0.5096071471026509,277950.121,278236.576,692.63400000002,0.2491936313997935,0,7285.185142857144,7308.277500000001,7114.565833333333,7406.095966666667,1257.69985851256,1230.3407396412988,27179.338571428754,27019.228000000112,-2.104686242448793,0.2501002801527343,3.50380549774008,6063.9220000000005
2018-02-22,6063.9220000000005,21973.34000000004,12.75853199256997,279701.164,260,125,399,125,3,22,8,2,1,2018,53,0,0.43388373911755823,-0.900968867902419,0.8660254037844386,0.5000000000000001,0.7905633969115482,0.612380204990065,6263.701000000001,6570.099,6208.9039999999995,6438.348,6245.388000000002,21946.79000000004,24214.84000000007,23423.640000000043,12.727641829228924,12.608969436239416,0.030890163341046772,0.24270138770017685,278642.755,279101.133,1058.408999999985,0.37984443557485825,0,7253.63142857143,7313.863857142858,7112.280533333334,7409.943755555555,1283.6367997554144,1231.9066187581661,26908.840000000164,26942.547000000115,-4.663521812989412,-2.712605780240506,3.6236185096048463,6558.9890000000005
2018-02-23,6558.9890000000005,25021.880000000114,12.751845287606052,280725.296,254,125,401,125,4,23,8,2,1,2018,54,0,-0.433883739117558,-0.9009688679024191,0.8660254037844386,0.5000000000000001,0.8009803309782905,0.5986906625177214,6063.9220000000005,7044.320999999999,6564.774,6580.722000000001,7385.722999999999,21973.34000000004,25663.860000000106,23973.219999999987,12.75853199256997,12.582068657477972,-0.006686704963918544,-0.0524096735252347,279701.164,280544.544,1024.1319999999832,0.3661522123661892,0,7181.320428571429,7303.508,7099.799666666667,7407.927466666666,1341.5122300718394,1240.8342715871386,26588.625714285874,26894.203666666774,-13.91757984907273,-7.85324163518836,3.814898912012219,8572.427
2018-02-24,8572.427,42048.03000000023,12.831272914388304,281515.784,270,125,401,125,5,24,8,2,1,2018,55,1,-0.9749279121818236,-0.2225209339563146,0.8660254037844386,0.5000000000000001,0.8111602420785621,0.5848239578463322,6558.9890000000005,8322.408000000003,8908.456,6250.504000000001,7651.380999999999,25021.880000000114,32820.720000000336,23627.790000000063,12.751845287606052,12.62941067196173,0.07942762678225179,0.6228716314449814,280725.296,280600.289,790.4880000000121,0.28158773408151017,0,7111.987285714286,7303.094785714286,7099.075233333333,7398.741533333334,1362.1556660469967,1241.1540764872836,26496.914285714447,26929.159000000112,-21.188807374019657,4.935362012407314,4.905032145505611,9772.381000000005
2018-02-25,9772.381000000005,40799.81000000028,12.765585099550096,276312.65499999985,270,124,402,125,6,25,8,2,1,2018,56,1,-0.7818314824680299,0.6234898018587334,0.8660254037844386,0.5000000000000001,0.8211001178128892,0.5707841943569036,8572.427,9687.354000000003,10280.122,6605.417999999999,5790.564,42048.03000000023,34731.100000000304,24121.560000000034,12.831272914388304,12.596274672628203,-0.06568781483820807,-0.5119352949351522,281515.784,274883.3219999999,-5203.129000000132,-1.848254803361268,0,7147.704285714287,7279.092714285714,7176.472666666667,7408.975377777779,1401.8823224586065,1258.68597622406,27815.101428571572,27543.16700000012,-11.509097324202285,29.778721043846147,4.175012210432674,6470.911000000001
2018-02-26,6470.911000000001,29120.820000000167,12.770009659346702,276571.01999999996,263,125,403,125,0,26,9,2,1,2018,57,0,0.0,1.0,0.8660254037844386,0.5000000000000001,0.8307970168121247,0.5565755266413303,9772.381000000005,6539.4400000000005,7108.562,7417.5599999999995,5725.9540000000015,40799.81000000028,24627.860000000088,29166.780000000097,12.765585099550096,12.61273653193225,0.00442455979660572,0.03466006267712443,276312.65499999985,272650.47099999996,258.3650000001071,0.09350458450775888,0,7159.851000000001,7242.825500000001,7282.038100000001,7453.217788888889,1427.6856949096675,1339.3608362001005,28682.060000000143,28099.108666666794,49.437581811286655,31.746571648898097,4.500265882191884,6149.084000000002
2018-02-27,6149.084000000002,22075.150000000118,12.847340089072178,280518.34199999995,249,125,402,125,1,27,9,2,1,2018,58,0,0.7818314824680298,0.6234898018587336,0.8660254037844386,0.5000000000000001,0.8402480696078469,0.5422021592729844,6470.911000000001,6348.097000000001,6063.278999999999,8953.651999999998,5715.727999999999,29120.820000000167,24356.710000000163,32409.080000000176,12.770009659346702,12.663109717065309,0.07733042972547644,0.6055628130936948,276571.01999999996,277950.121,3947.3219999999856,1.4272363026321364,0,7150.061142857144,7197.279000000001,7250.483133333333,7461.495088888889,1432.8745168516477,1347.1864109062972,29323.91142857158,28097.5766666668,1.9346585283747286,-27.72880831196028,3.5899899887528144,6052.332000000002
2018-02-28,6052.332000000002,22771.920000000042,12.860741937568374,281238.506,250,125,402,125,2,28,9,2,1,2018,59,0,0.9749279121818236,-0.22252093395631434,0.8660254037844386,0.5000000000000001,0.8494504794814806,0.527668345562516,6149.084000000002,6263.701000000001,6484.576999999999,6419.12,5703.477000000001,22075.150000000118,21946.79000000004,22370.699999999997,12.847340089072178,12.727641829228924,0.013401848496195967,0.10431613394896776,280518.34199999995,278642.755,720.164000000048,0.2567261715813393,0,7121.630714285716,7203.407928571431,7156.997533333333,7466.310155555556,1453.267984891845,1321.9960702963551,28997.974285714427,27753.112333333465,-1.8298606526716277,-4.206744849761311,3.7625034449531243,6205.084000000001
2018-03-01,6205.084000000001,23726.39000000009,12.961746072790394,278467.61199999996,252,125,403,125,3,1,9,3,1,2018,60,0,0.43388373911755823,-0.900968867902419,1.0,6.123233995736766e-17,0.8584015232918917,0.512978386299228,6052.332000000002,6063.9220000000005,6570.099,6580.920000000002,6138.592,22771.920000000042,21973.34000000004,23392.64000000004,12.860741937568374,12.75853199256997,0.1010041352220199,0.785367871560893,281238.506,279701.164,-2770.8940000000293,-0.9852470201928997,0,7091.4351428571445,7172.533285714287,7144.771266666667,7470.186322222223,1476.0815782249888,1330.7228127254436,29115.850000000144,27766.486333333465,-0.19113042680955206,-8.032129246366763,3.82370166141185,6601.773000000002
2018-03-02,6601.773000000002,25507.240000000103,12.998184100418051,279360.716,249,125,405,125,4,2,9,3,1,2018,61,0,-0.433883739117558,-0.9009688679024191,1.0,6.123233995736766e-17,0.8670985522812081,0.4981366284784055,6205.084000000001,6558.9890000000005,7044.320999999999,6508.553,7207.917,23726.39000000009,25021.880000000114,22705.69000000001,12.961746072790394,12.751845287606052,0.03643802762765702,0.2811197459279703,278467.61199999996,280725.296,893.1040000000503,0.32072096054030524,0,7111.601142857145,7146.460785714286,7132.2434,7470.925122222222,1460.587174749653,1337.9635633645903,29366.285714285867,27777.611333333465,-5.395724859425739,-4.66261855745815,3.8636954042497518,9016.779
2018-03-03,9016.779,37008.550000000316,13.009615680738706,279468.54600000003,288,125,405,125,5,3,9,3,1,2018,62,1,-0.9749279121818236,-0.2225209339563146,1.0,6.123233995736766e-17,0.8755389928586302,0.4831474640149687,6601.773000000002,8572.427,8322.408000000003,6257.572999999999,7456.403000000002,25507.240000000103,42048.03000000023,23038.820000000138,12.998184100418051,12.831272914388304,0.011431580320655499,0.0879475181482299,279360.716,281515.784,107.8300000000163,0.03859884150641148,0,7117.713142857145,7114.850214285716,7135.350733333335,7464.190188888889,1457.9764761057843,1336.5726611110865,29435.622857143007,27870.99633333347,-22.98828558120119,5.500535111615998,4.104409124366951,9885.965999999999
2018-03-04,9885.965999999999,38486.360000000284,13.033982522649458,273390.005,285,124,405,125,6,4,9,3,1,2018,63,1,-0.7818314824680299,0.6234898018587334,1.0,6.123233995736766e-17,0.8837203473619977,0.4680153284438345,9016.779,9772.381000000005,9687.354000000003,6420.053999999999,6022.1709999999985,37008.550000000316,40799.81000000028,23853.04000000006,13.009615680738706,12.765585099550096,0.024366841910751447,0.18729870665455245,279468.54600000003,276312.65499999985,-6078.5410000000265,-2.175035826750974,0,7181.192000000002,7164.448142857145,7227.3242666666665,7481.527700000001,1539.2760308957043,1368.6372850509763,28715.697142857305,28336.654000000144,-7.732015360432673,40.447089697376406,3.8930297757447567,6450.849
2018-03-05,6450.849,27156.130000000154,13.019427230650136,272157.15300000005,262,125,405,125,0,5,10,3,1,2018,64,0,0.0,1.0,1.0,6.123233995736766e-17,0.8916401947968874,0.45274469960737107,9885.965999999999,6470.911000000001,6539.4400000000005,7892.412000000002,5903.185999999999,38486.360000000284,29120.820000000167,33881.420000000195,13.033982522649458,12.770009659346702,-0.01455529199932215,-0.1116718698527413,273390.005,276571.01999999996,-1232.8519999999553,-0.4509499167681552,0,7197.41842857143,7178.634714285715,7342.854666666667,7524.458755555556,1571.4071758674284,1442.4374116102356,28385.20428571445,28824.431333333483,52.77549018986657,25.259122306336717,4.209698599362682,6613.68
2018-03-06,6613.68,26301.440000000097,13.046137953159642,273313.72000000003,261,125,404,125,1,6,10,3,1,2018,65,0,0.7818314824680298,0.6234898018587336,1.0,6.123233995736766e-17,0.8992961915530253,0.4373400963303323,6450.849,6149.084000000002,6348.097000000001,9873.109999999997,6568.659,27156.130000000154,22075.150000000118,38634.000000000124,13.019427230650136,12.847340089072178,0.026710722509506013,0.20516050388625423,272157.15300000005,280518.34199999995,1156.566999999981,0.42496292574018096,0,7194.55242857143,7172.306785714287,7294.802566666667,7530.5439,1572.9705678758417,1447.5012432045758,28104.53428571445,28600.255000000143,4.907478902548712,-34.66244172302343,3.9768237955268617,6960.523999999999
2018-03-07,6960.523999999999,26441.390000000098,13.04917513179843,273868.64100000006,257,125,403,125,2,7,10,3,1,2018,66,0,0.9749279121818236,-0.22252093395631434,1.0,6.123233995736766e-17,0.9066860720977985,0.4218060770826634,6613.68,6052.332000000002,6263.701000000001,6551.318,5975.816000000001,26301.440000000097,22771.920000000042,25893.990000000078,13.046137953159642,12.860741937568374,0.0030371786387881627,0.023280289152948816,273313.72000000003,281238.506,554.9210000000312,0.20303444700837964,0,7260.923285714286,7191.277000000001,7186.1548999999995,7531.044133333333,1530.7400907628316,1367.4121656109292,28708.290000000157,28189.169666666814,9.274904284827699,0.9519000604153253,3.79876428843577,7218.837999999998
2018-03-08,7218.837999999998,26995.39000000019,13.060536381197183,274214.40300000005,264,125,405,125,3,8,10,3,1,2018,67,0,0.43388373911755823,-0.900968867902419,1.0,6.123233995736766e-17,0.9138076496466615,0.4061472386305789,6960.523999999999,6205.084000000001,6063.9220000000005,6039.566,6281.874000000001,26441.390000000098,23726.39000000009,23760.21000000017,13.04917513179843,12.961746072790394,0.01136124939875316,0.08706488558857557,273868.64100000006,278467.61199999996,345.7619999999879,0.12625103726278314,0,7390.665000000001,7241.050071428572,7199.7951,7541.985333333334,1447.452232993327,1362.8946711005542,29232.50000000017,28207.41633333348,12.174533011962426,15.248744694569108,3.73957553833459,7124.844999999998
2018-03-09,7124.844999999998,24474.560000000078,12.999911402156691,276092.69299999997,272,125,406,125,4,9,10,3,1,2018,68,0,-0.433883739117558,-0.9009688679024191,1.0,6.123233995736766e-17,0.9206588168102428,0.3903682146763026,7218.837999999998,6601.773000000002,6558.9890000000005,6185.491999999999,7639.274000000003,26995.39000000019,25507.240000000103,23181.570000000123,13.060536381197183,12.998184100418051,-0.06062497904049202,-0.4641844505542037,274214.40300000005,279360.716,1878.2899999999208,0.6849713142164603,0,7535.487,7323.544071428572,7239.104166666667,7552.396044444446,1356.9460889170848,1345.168232483514,29699.500000000182,28315.255666666817,9.346958763956223,16.705962920977,3.4351006934186055,10203.069999999998
2018-03-10,10203.069999999998,33890.83000000021,13.000909556750742,278744.444,267,125,406,126,5,10,10,3,1,2018,69,1,-0.9749279121818236,-0.2225209339563146,1.0,6.123233995736766e-17,0.9272375462179537,0.374473674486883,7124.844999999998,9016.779,8572.427,6208.9039999999995,7760.077,24474.560000000078,37008.550000000316,24087.750000000022,12.999911402156691,13.009615680738706,0.0009981545940505043,0.0076781645902979775,276092.69299999997,279468.54600000003,2651.7510000000475,0.9604567839830689,0,7610.211571428571,7363.962357142858,7270.415933333334,7546.680166666668,1310.5682493169375,1330.6518158311517,29551.974285714463,28358.35533333348,-20.982370755676744,14.752056079462639,3.321630646462312,11265.485
2018-03-11,11265.485,36373.49000000017,13.044000384590246,273771.0270000001,276,124,408,126,6,11,10,3,1,2018,70,1,-0.7818314824680299,0.6234898018587334,1.0,6.123233995736766e-17,0.9335418911179212,0.35846832151248087,10203.069999999998,9885.965999999999,9772.381000000005,6564.774,6146.234000000001,33890.83000000021,38486.360000000284,24949.670000000075,13.000909556750742,13.033982522649458,0.0430908278395048,0.33144471662853636,278744.444,273390.005,-4973.416999999899,-1.784221033657589,0,7779.6817142857135,7480.436857142858,7403.5548,7573.824533333333,1573.1590728510635,1417.7479342845645,29106.585714285877,28685.12466666682,3.2076177482301618,55.42149661206916,3.2287549093536736,6277.271000000002
2018-03-12,6277.271000000002,24420.97000000015,13.086041933828694,273032.6890000001,253,125,407,126,0,12,11,3,1,2018,71,0,0.0,1.0,1.0,6.123233995736766e-17,0.9395699859530622,0.342356891994542,11265.485,6450.849,6470.911000000001,8908.456,5959.450999999999,36373.49000000017,27156.130000000154,38101.35000000012,13.044000384590246,13.019427230650136,0.04204154923844783,0.3223056424324729,273771.0270000001,272157.15300000005,-738.338000000047,-0.2696917961300729,0,7976.755857142857,7587.087142857143,7560.245166666667,7630.7051,1927.4983934680367,1573.099975547027,28804.74714285729,29065.918666666825,74.63569523949484,26.4583335204215,3.890380071212497,5751.419999999999
2018-03-13,5751.419999999999,22951.140000000112,13.099749695921613,278875.78900000005,248,125,407,126,1,13,11,3,1,2018,72,0,0.7818314824680298,0.6234898018587336,1.0,6.123233995736766e-17,0.945320046913132,0.3261441535642696,6277.271000000002,6613.68,6149.084000000002,10280.122,5636.9980000000005,24420.97000000015,26301.440000000097,40499.99000000026,13.086041933828694,13.046137953159642,0.013707762092918685,0.10475101762804828,273032.6890000001,273313.72000000003,5843.099999999977,2.1400734180953602,0,7951.959,7573.255714285714,7472.539000000001,7634.236433333334,1951.3693138855217,1568.6831900321245,28414.010000000148,28609.906000000155,-5.086563002745804,-38.937777197585774,3.9905171244666735,5876.5070000000005
2018-03-14,5876.5070000000005,24919.17000000017,13.103439673322997,280540.5680000001,257,125,408,126,2,14,11,3,1,2018,73,0,0.9749279121818236,-0.22252093395631434,1.0,6.123233995736766e-17,0.9507903724625832,0.3098349038318025,5751.419999999999,6960.523999999999,6052.332000000002,7108.562,5816.586,22951.140000000112,26441.390000000098,27782.770000000113,13.099749695921613,13.04917513179843,0.0036899774013843256,0.028168304639691995,278875.78900000005,273868.64100000006,1664.7790000000386,0.5969607494324429,0,7828.7789999999995,7544.851142857143,7321.582266666667,7635.507788888889,2073.3315065743946,1505.831558791302,27935.395714285864,28024.944333333482,-17.370876100707367,-19.09165313603512,4.240473124595983,5903.100000000001
2018-03-15,5903.100000000001,21754.950000000157,13.139691885684671,280706.18,256,124,406,126,3,15,11,3,1,2018,74,0,0.43388373911755823,-0.900968867902419,1.0,6.123233995736766e-17,0.9559793438440766,0.2934339689665273,5876.5070000000005,7218.837999999998,6205.084000000001,6063.278999999999,6383.7970000000005,24919.17000000017,26995.39000000019,23218.57000000014,13.103439673322997,13.060536381197183,0.036252212361674196,0.2766618022860003,280540.5680000001,274214.40300000005,165.6119999999064,0.0590331734125192,0,7673.9194285714275,7532.292214285714,7280.513766666668,7636.1735777777785,2186.391624947445,1528.4722828260517,27717.93571428587,27929.491000000155,-18.594834791970644,-3.0803794448515096,3.6853432942013775,6545.544000000001
2018-03-16,6545.544000000001,24405.830000000056,13.148938349667553,282395.30000000005,255,126,409,126,4,16,11,3,1,2018,75,0,-0.433883739117558,-0.9009688679024191,1.0,6.123233995736766e-17,0.9608854255574977,0.27694620226893646,5903.100000000001,7124.844999999998,6601.773000000002,6484.576999999999,7985.187999999999,21754.950000000157,24474.560000000078,23840.28000000016,13.139691885684671,12.999911402156691,0.009246463982881536,0.07037047796345439,280706.18,276092.69299999997,1689.1200000000536,0.6017395128244251,0,7485.956857142858,7510.721928571429,7275.174466666666,7630.8325,2286.308628554301,1533.1436154846958,26969.30142857158,27880.70366666682,-17.147671282673482,-8.967076803930281,3.728617514449533,8605.557
2018-03-17,8605.557,31870.150000000092,13.119916362721284,282731.564,275,126,410,128,5,17,11,3,1,2018,76,1,-0.9749279121818236,-0.2225209339563146,1.0,6.123233995736766e-17,0.9655071658143364,0.2603764827344581,6545.544000000001,10203.069999999998,9016.779,6570.099,7900.991000000002,24405.830000000056,33890.83000000021,24214.84000000007,13.148938349667553,13.000909556750742,-0.029021986946268896,-0.22071733986799524,282395.30000000005,278744.444,336.2639999999665,0.11907563617381961,0,7403.199571428571,7506.705571428572,7277.206700000001,7614.836455555556,2311.8995097880706,1532.099566740224,26959.482857143008,27899.555333333486,-35.84730870218472,-0.37373866055898675,3.7034383712756873,9107.209999999997
2018-03-18,9107.209999999997,32597.470000000132,13.084376771429987,277304.01,282,125,410,128,6,18,11,3,1,2018,77,1,-0.7818314824680299,0.6234898018587334,1.0,6.123233995736766e-17,0.969843196967294,0.24372971360968387,8605.557,11265.485,9885.965999999999,7044.320999999999,9864.728,31870.150000000092,36373.49000000017,25663.860000000106,13.119916362721284,13.044000384590246,-0.0355395912912968,-0.2708827580050618,282731.564,273771.0270000001,-5427.554000000004,-1.9196844962099822,0,7174.98342857143,7477.33257142857,7345.055300000002,7622.664966666667,2053.902252395746,1544.7235399814724,26670.81428571442,28154.732333333486,-23.611304795133098,22.163044529061096,3.5793036506240816,6414.219
2018-03-19,6414.219,24838.660000000098,13.093336278717105,275266.0950000001,265,126,410,128,0,19,12,3,1,2018,78,0,0.0,1.0,1.0,6.123233995736766e-17,0.9738922359149924,0.22701082094141847,9107.209999999997,6277.271000000002,6450.849,8322.408000000003,9296.956000000002,32597.470000000132,24420.97000000015,32820.720000000336,13.084376771429987,13.086041933828694,0.00895950728711803,0.06847484938435358,277304.01,273032.6890000001,-2037.9149999999208,-0.7349028237997427,0,6866.658428571429,7421.7071428571435,7413.818266666667,7614.248100000001,1393.2535694360545,1576.4632101332506,26131.382857142988,28385.852666666822,45.08231363597326,9.42998709027476,3.87243715875621,5982.493
2018-03-20,5982.493,23106.930000000135,13.105540702439866,277374.34500000003,254,126,409,128,1,20,12,3,1,2018,79,0,0.7818314824680298,0.6234898018587336,1.0,6.123233995736766e-17,0.9776530844816641,0.2102247521189836,6414.219,5751.419999999999,6613.68,9687.354000000003,9163.93,24838.660000000098,22951.140000000112,34731.100000000304,13.093336278717105,13.099749695921613,0.012204423722760538,0.09321095451125415,275266.0950000001,278875.78900000005,2108.249999999942,0.7658952694482556,0,6886.222428571428,7419.090714285715,7350.211966666667,7582.21768888889,1384.5322734515705,1577.0349949391225,26191.05285714298,28119.784000000145,11.524093180466755,-33.78770921347565,3.8624249121562086,7231.942
2018-03-21,7231.942,42238.87000000021,13.138256221082575,279909.73,232,127,408,129,2,21,12,3,1,2018,80,0,0.9749279121818236,-0.22252093395631434,1.0,6.123233995736766e-17,0.981124629771712,0.19337647441020586,5982.493,5876.5070000000005,6960.523999999999,6539.4400000000005,8842.448000000004,23106.930000000135,24919.17000000017,24627.860000000088,13.105540702439866,13.103439673322997,0.03271551864270883,0.2496312009211353,277374.34500000003,280540.5680000001,2535.384999999951,0.9140661512873337,0,6919.232857142857,7374.005928571429,7226.716600000001,7546.868388888888,1355.4150782931767,1532.1275606700592,26213.308571428697,27732.311666666807,1.80355439038871,-8.516738436318708,5.840598555685349,6920.979
2018-03-22,6920.979,39509.04000000006,13.124508303787632,280392.721,246,128,409,129,3,22,12,3,1,2018,81,0,0.43388373911755823,-0.900968867902419,1.0,6.123233995736766e-17,0.984305844499033,0.17647097349152166,7231.942,5903.100000000001,7218.837999999998,6348.097000000001,10504.258000000002,42238.87000000021,21754.950000000157,24356.710000000163,13.138256221082575,13.139691885684671,-0.013747917294942624,-0.10464035000993316,279909.73,280706.18,482.9910000000382,0.17255241538050078,0,7112.8664285714285,7393.3929285714285,7249.8,7528.9738777777775,1276.123836844076,1526.6226402050172,28687.551428571558,28319.345333333476,22.51091799224134,13.922991409866597,5.708591226761425,6275.435000000001
2018-03-23,6275.435000000001,24375.960000000094,13.129952018942792,281007.164,267,128,409,129,4,23,12,3,1,2018,82,0,-0.433883739117558,-0.9009688679024191,1.0,6.123233995736766e-17,0.9871957872910085,0.15951325197263655,6920.979,6545.544000000001,7124.844999999998,6263.701000000001,18223.361,39509.04000000006,24405.830000000056,21946.79000000004,13.124508303787632,13.148938349667553,0.005443715155159623,0.041477478844587336,280392.721,282395.30000000005,614.4429999999702,0.21913657309241283,0,7258.277714285714,7372.1172857142865,7268.896066666667,7489.159666666668,1168.77622332247,1518.5160523827365,31223.85000000012,28824.423000000137,5.735734111633799,10.493444690287728,3.8843458660634824,8512.147
2018-03-24,8512.147,31054.35000000007,13.084121487191785,281000.6120000001,269,128,413,129,5,24,12,3,1,2018,83,1,-0.9749279121818236,-0.2225209339563146,1.0,6.123233995736766e-17,0.9897936029670716,0.14250832791617088,6275.435000000001,8605.557,10203.069999999998,6063.9220000000005,18494.607999999997,24375.960000000094,31870.150000000092,21973.34000000004,13.129952018942792,13.119916362721284,-0.045830531751006376,-0.34905330716278277,281007.164,282731.564,-6.55199999990873,-0.0023316131541431914,0,7219.690714285715,7311.445142857143,7269.287200000001,7356.404933333333,1200.2635070951162,1518.2496979944892,31219.582857142977,28905.395333333472,-27.076945745638536,3.4880560798770306,3.648239392482304,9760.231
2018-03-25,9760.231,36429.21000000013,13.085517563527207,274729.96499999997,280,127,413,129,6,25,12,3,1,2018,84,1,-0.7818314824680299,0.6234898018587334,1.0,6.123233995736766e-17,0.992098522791769,0.12546123335273648,8512.147,9107.209999999997,11265.485,6558.9890000000005,6803.307999999999,31054.35000000007,32597.470000000132,25021.880000000114,13.084121487191785,13.084376771429987,0.0013960763354212702,0.010670004377350878,281000.6120000001,277304.01,-6270.647000000114,-2.231542114933227,0,7206.346428571429,7190.664928571429,7350.894700000001,7245.4887,1182.6781978247432,1517.0227638342492,31103.04000000012,29208.09566666681,-6.533976925973999,29.778339314183945,3.7324126857243574,6389.896000000002
2018-03-26,6389.896000000002,24025.31000000002,13.100245605285673,273377.01300000004,255,128,412,129,0,26,13,3,1,2018,85,0,0.0,1.0,1.0,6.123233995736766e-17,0.9941098647022418,0.10837701279187609,9760.231,6414.219,6277.271000000002,8572.427,6669.146999999999,36429.21000000013,24838.660000000098,42048.03000000023,13.085517563527207,13.093336278717105,0.014728041758466759,0.11255222949314364,274729.96499999997,275266.0950000001,-1352.951999999932,-0.4924661203228895,0,7299.635142857143,7083.146785714286,7457.602766666667,7278.343400000001,1368.7275669495043,1571.0261563901786,31650.431428571548,29588.340000000146,52.16554034092069,13.85609932869653,3.7598906148081306,6195.425000000001
2018-03-27,6195.425000000001,23241.23000000016,13.148055278262616,275153.8720000001,258,128,411,129,1,27,13,3,1,2018,86,0,0.7818314824680298,0.6234898018587336,1.0,6.123233995736766e-17,0.9958270335100595,0.09126072172931188,6389.896000000002,5982.493,5751.419999999999,9772.381000000005,6584.156,24025.31000000002,23106.930000000135,40799.81000000028,13.100245605285673,13.105540702439866,0.04780967297694261,0.3649524933918217,273377.01300000004,277374.34500000003,1776.859000000055,0.6499664988292395,0,7296.160428571428,7091.191428571429,7384.851733333334,7275.240611111111,1371.3782581587957,1568.1523899011436,31534.238571428676,28987.582666666804,6.809920212192494,-34.61270083513938,3.75135361980819,6079.496000000001
2018-03-28,6079.496000000001,23132.16000000008,13.272253653053175,280157.82100000005,255,128,413,129,2,28,13,3,1,2018,87,0,0.9749279121818236,-0.22252093395631434,1.0,6.123233995736766e-17,0.9972495210773451,0.07411742515094437,6195.425000000001,7231.942,5876.5070000000005,6470.911000000001,6809.378000000001,23241.23000000016,42238.87000000021,29120.820000000167,13.148055278262616,13.138256221082575,0.12419837479055928,0.9446140296952787,275153.8720000001,279909.73,5003.948999999964,1.818600248518386,0,7326.579285714287,7122.9060714285715,7265.619866666666,7270.921377777778,1339.3710703434422,1515.4595119057296,31553.424285714395,28402.2966666668,-14.332484967384957,-4.2572985472988245,3.8049469890267344,6476.081
2018-03-29,6476.081,24725.180000000128,13.274109468937391,280403.356,253,128,415,129,3,29,13,3,1,2018,88,0,0.43388373911755823,-0.900968867902419,1.0,6.123233995736766e-17,0.998376906467142,0.056952196034039754,6079.496000000001,6920.979,5903.100000000001,6149.084000000002,8081.726000000004,23132.16000000008,39509.04000000006,22075.150000000118,13.272253653053175,13.124508303787632,0.0018558158842161276,0.013982673423282655,280157.82100000005,280392.721,245.5349999999744,0.08764167251285636,0,7161.944142857144,7137.405285714287,7252.572700000001,7262.8115777777775,1421.268012389701,1524.1971229890842,28823.894285714377,28202.674666666793,-12.158438856699307,-1.131680751149287,3.817923216216741,6799.031000000003
2018-03-30,6799.031000000003,28270.010000000155,13.495738098166518,285045.67500000005,270,129,417,130,4,30,13,3,1,2018,89,0,-0.433883739117558,-0.9009688679024191,1.0,6.123233995736766e-17,0.9992088560679753,0.03977011384605572,6476.081,6275.435000000001,6545.544000000001,6052.332000000002,11367.268000000005,24725.180000000128,24375.960000000094,22771.920000000042,13.274109468937391,13.129952018942792,0.22162862922912652,1.669630868630076,280403.356,281007.164,4642.319000000018,1.6555861050393483,0,7098.387285714286,7178.3324999999995,7263.4726,7244.971077777779,1443.6114614790222,1517.1867913624822,26711.91428571439,28291.00900000013,3.1973241695595407,7.001416974481867,4.157946919200713,8654.456000000002
2018-03-31,8654.456000000002,33772.85000000013,13.549100409459816,282938.73199999996,282,129,416,130,5,31,13,3,1,2018,90,1,-0.9749279121818236,-0.2225209339563146,1.0,6.123233995736766e-17,0.9997451236925734,0.022576263041545485,6799.031000000003,8512.147,8605.557,6205.084000000001,14387.251999999995,28270.010000000155,31054.35000000007,23726.39000000009,13.495738098166518,13.084121487191785,0.0533623112932986,0.39540120670056733,285045.67500000005,281000.6120000001,-2106.9430000000866,-0.739159785532647,0,7173.1867142857145,7196.438714285715,7288.362566666667,7194.212888888889,1406.9638321526252,1502.688122026208,27268.207142857256,28474.2786666668,-20.1255452942718,9.57194133068951,3.902365440415911,9005.853
2018-04-01,9005.853,35375.94000000017,13.568360745948691,275416.08900000004,282,128,416,130,6,1,13,4,2,2018,91,1,-0.7818314824680299,0.6234898018587334,0.8660254037844387,-0.4999999999999998,0.9999855506507186,0.005375731557583884,8654.456000000002,9760.231,9107.209999999997,6601.773000000002,5522.901999999999,33772.85000000013,36429.21000000013,25507.240000000103,13.549100409459816,13.085517563527207,0.01926033648887504,0.1421521422590367,282938.73199999996,274729.96499999997,-7522.642999999924,-2.6587533445226312,0,7193.516571428573,7199.931500000001,7370.0083,7130.515155555556,1430.3690828100914,1508.3310508836307,27656.564285714405,28809.1606666668,-11.329393740783367,31.092904890852797,3.9281054221071754,6298.317999999999
2018-04-02,6298.317999999999,25742.340000000197,13.57726594508597,273450.35699999996,265,129,416,130,0,2,14,4,2,2018,92,0,0.0,1.0,0.8660254037844387,-0.4999999999999998,0.9999300657962057,-0.011826390691832589,9005.853,6389.896000000002,6414.219,9016.779,5876.983000000003,35375.94000000017,24025.31000000002,37008.550000000316,13.568360745948691,13.100245605285673,0.00890519913727772,0.06563209295519856,275416.08900000004,273377.01300000004,-1965.7320000000764,-0.7137317239299249,0,7085.748285714288,7192.691714285715,7450.1443,7169.2146111111115,1217.3041681658417,1529.818146328057,27506.097142857267,29138.11733333347,40.938960508903385,-0.121174091102835,4.08717692564907,6213.3690000000015
2018-04-03,6213.3690000000015,24908.670000000056,13.651096880935748,275104.111,268,129,416,130,1,3,14,4,2,2018,93,0,0.7818314824680298,0.6234898018587336,0.8660254037844387,-0.4999999999999998,0.9995786855478958,-0.029025013321975237,6298.317999999999,6195.425000000001,5982.493,9885.965999999999,5973.944,25742.340000000197,23241.23000000016,38486.360000000284,13.57726594508597,13.148055278262616,0.07383093584977907,0.54378352864555,273450.35699999996,275153.8720000001,1653.7540000000154,0.6047730264985596,0,7072.665714285715,7184.413071428572,7359.528933333334,7173.896111111111,1226.486486038037,1514.2539811798001,27751.387142857297,28762.57700000013,1.6607900184409978,-36.290312954748174,4.008883103514382,6392.138
2018-04-04,6392.138,24861.680000000175,13.660046318868295,279816.30700000003,244,129,415,130,2,4,14,4,2,2018,94,0,0.9749279121818236,-0.22252093395631434,0.8660254037844387,-0.4999999999999998,0.9989315138848577,-0.046215046983708354,6213.3690000000015,6079.496000000001,7231.942,6450.849,5673.553000000001,24908.670000000056,23132.16000000008,27156.130000000154,13.651096880935748,13.272253653053175,0.008949437932546545,0.06555837974488891,275104.111,280157.82100000005,4712.1960000000545,1.712877347732566,0,7075.229142857143,7200.904214285714,7237.109033333333,7176.55638888889,1224.3643368991534,1450.0557403022126,27989.592857142994,28309.98733333346,2.2020410902482785,-3.6813758933126266,3.889415403735053,6396.517999999999
2018-04-05,6396.517999999999,25746.220000000063,13.690023121386758,282580.44500000007,270,129,416,130,3,5,14,4,2,2018,95,0,0.43388373911755823,-0.900968867902419,0.8660254037844387,-0.4999999999999998,0.9979887423155984,-0.06339140486951038,6392.138,6476.081,6920.979,6613.68,6580.847000000002,24861.680000000175,24725.180000000128,26301.440000000097,13.660046318868295,13.274109468937391,0.029976802518463685,0.21944876187613982,279816.30700000003,280403.356,2764.1380000000354,0.9878402119001718,0,7119.892285714287,7140.918214285715,7235.152,7184.540666666667,1187.1235277046503,1451.1926623831905,28236.66714285729,28233.505666666795,-1.2962005879790603,-3.3497538435485295,4.025036746554933,7171.668
2018-04-06,7171.668,28091.69000000008,13.67188118811828,285217.43000000005,262,130,415,130,4,6,14,4,2,2018,96,0,-0.433883739117558,-0.9009688679024191,0.8660254037844387,-0.4999999999999998,0.9967506498213929,-0.08054900421874167,6396.517999999999,6799.031000000003,6275.435000000001,6960.523999999999,7599.64,25746.220000000063,28270.010000000155,26441.390000000098,13.690023121386758,13.495738098166518,-0.01814193326847935,-0.13251937639270858,282580.44500000007,285045.67500000005,2636.984999999986,0.9331802842903674,0,7108.526142857144,7103.456714285714,7227.913266666667,7182.492566666667,1194.6719690201594,1454.9363265917602,28382.530000000137,28214.998333333457,-5.92015244525291,-8.102924434999439,3.9170371523054444,9012.34
2018-04-07,9012.34,36091.170000000144,13.639843365539875,289581.9110000001,298,130,419,130,5,7,14,4,2,2018,97,1,-0.9749279121818236,-0.2225209339563146,0.8660254037844387,-0.4999999999999998,0.9952176027737294,-0.09768276782171598,7171.668,8654.456000000002,8512.147,7218.837999999998,8787.785000000003,28091.69000000008,33772.85000000013,26995.39000000019,13.67188118811828,13.549100409459816,-0.032037822578404374,-0.234333681938717,285217.43000000005,282938.73199999996,4364.481000000029,1.530229411295105,0,7161.760000000001,7167.473357142858,7234.951400000001,7177.737322222221,1186.859260627405,1454.1087111226773,28357.05571428584,28270.008333333462,-17.13323171323538,-0.6534292638233227,4.004639194704166,10440.088
2018-04-08,10440.088,40475.71000000024,13.597435234717272,283830.7810000001,287,129,420,130,6,8,14,4,2,2018,98,1,-0.7818314824680299,0.6234898018587334,0.8660254037844387,-0.4999999999999998,0.9933900548258936,-0.11478762552212701,9012.34,9005.853,9760.231,7124.844999999998,6346.486000000001,36091.170000000144,35375.94000000017,24474.560000000078,13.639843365539875,13.568360745948691,-0.04240813082260253,-0.3109136203847014,289581.9110000001,275416.08900000004,-5751.130000000005,-1.986011481221285,0,7212.886285714286,7203.2014285714295,7294.734800000001,7180.232377777779,1266.8870730764716,1489.852586035766,28688.244285714412,28573.20100000012,0.07203093366059818,26.491734206147672,3.8769510371943454,6953.148
2018-04-09,6953.148,28816.96000000006,13.614223520201792,283081.54299999995,267,130,420,130,0,9,15,4,2,2018,99,0,0.0,1.0,0.8660254037844387,-0.4999999999999998,0.9912685467787256,-0.13185851571739118,10440.088,6298.317999999999,6389.896000000002,10203.069999999998,5985.709,40475.71000000024,25742.340000000197,33890.83000000021,13.597435234717272,13.57726594508597,0.016788285484519605,0.12346655964689122,283830.7810000001,273450.35699999996,-749.2380000001285,-0.26397348355255673,0,7417.777,7251.762642857144,7405.2429,7225.716844444445,1660.1333765754198,1595.988334144602,29416.782857142996,29106.572666666798,65.75993781196823,2.3230067028845425,4.144447953646329,7078.960999999999
2018-04-10,7078.960999999999,28800.52000000011,13.641559975888526,286389.86100000003,268,130,417,130,1,10,15,4,2,2018,100,0,0.7818314824680298,0.6234898018587336,0.8660254037844387,-0.4999999999999998,0.9888537064205885,-0.1488903868564548,6953.148,6213.3690000000015,6195.425000000001,11265.485,5947.7440000000015,28816.96000000006,24908.670000000056,36373.49000000017,13.614223520201792,13.651096880935748,0.027336455686734595,0.20079335149867888,283081.54299999995,275104.111,3308.3180000000866,1.168680220172492,0,7511.324142857142,7291.994928571429,7296.912166666667,7236.466166666666,1604.0413101247889,1507.3689226781387,29856.014285714402,28937.443666666793,11.906246031742175,-38.279195258792676,4.068467109791976,7021.974
2018-04-11,7021.974,28633.79000000004,13.645134728737604,289128.537,263,130,420,130,2,11,15,4,2,2018,101,0,0.9749279121818236,-0.22252093395631434,0.8660254037844387,-0.4999999999999998,0.986146248341595,-0.16587819893463143,7078.960999999999,6392.138,6079.496000000001,6277.271000000002,6179.347,28800.52000000011,24861.680000000175,24420.97000000015,13.641559975888526,13.660046318868295,0.0035747528490777114,0.026204868471025974,286389.86100000003,279816.30700000003,2738.6759999999776,0.9562754737326323,0,7634.980142857143,7355.1046428571435,7157.361366666666,7249.035244444444,1518.3821344664373,1307.8855086291342,30411.992857142985,28685.011333333452,10.74480870093855,12.771314158652663,4.077740817610552,6721.936
2018-04-12,6721.936,27800.729999999927,13.536385939655062,292805.31000000006,268,130,421,130,3,12,15,4,2,2018,102,0,0.43388373911755823,-0.900968867902419,0.8660254037844387,-0.4999999999999998,0.9831469737221499,-0.1828169249850199,7021.974,6396.517999999999,6476.081,5751.419999999999,6096.819,28633.79000000004,25746.220000000063,22951.140000000112,13.645134728737604,13.690023121386758,-0.10874878908254182,-0.7969784926601662,289128.537,282580.44500000007,3676.7730000000447,1.271674196587535,0,7724.956714285714,7422.4245,7182.184800000001,7258.397766666667,1449.5605824339611,1297.6325287051827,30950.865714285825,28825.438666666785,9.778069881144729,22.091135754300698,4.135821882267241,6898.612000000001
2018-04-13,6898.612000000001,27240.1599999999,13.50338790630911,295634.433,261,130,420,130,4,13,15,4,2,2018,103,0,-0.433883739117558,-0.9009688679024191,0.8660254037844387,-0.4999999999999998,0.9798567700958665,-0.1997015525660636,6721.936,7171.668,6799.031000000003,5876.5070000000005,7934.271999999996,27800.729999999927,28091.69000000008,24919.17000000017,13.536385939655062,13.67188118811828,-0.03299803334595275,-0.24377284670411528,292805.31000000006,285217.43000000005,2829.122999999963,0.9662130102763378,0,7771.445,7439.985571428572,7214.535333333333,7265.343511111111,1404.3698648379807,1272.5889921030555,31244.367142857234,28987.09166666678,-6.270953981695751,14.386590537542098,3.948643582216234,9408.047999999999
2018-04-14,9408.047999999999,36059.140000000116,13.479200404857666,297213.676,285,130,421,130,5,14,15,4,2,2018,104,1,-0.9749279121818236,-0.2225209339563146,0.8660254037844387,-0.4999999999999998,0.9762766110869321,-0.21652708524481437,6898.612000000001,9012.34,8654.456000000002,5903.100000000001,9146.694,27240.1599999999,36091.170000000144,21754.950000000157,13.50338790630911,13.639843365539875,-0.02418750145144344,-0.17912172574219282,295634.433,289581.9110000001,1579.2429999999586,0.5341877750755638,0,7732.436999999999,7447.0985,7248.605500000001,7253.836177777777,1427.4091874968367,1248.9949612812845,31122.720000000063,29064.458000000104,-23.453709025624857,16.864223882366883,3.832797196612955,9733.064
2018-04-15,9733.064,38980.65000000019,13.499305116111838,292341.267,289,129,421,130,6,15,15,4,2,2018,105,1,-0.7818314824680299,0.6234898018587334,0.8660254037844387,-0.4999999999999998,0.9724075561219968,-0.23328854407545518,9408.047999999999,10440.088,9005.853,6545.544000000001,6417.4130000000005,36059.140000000116,40475.71000000024,24405.830000000056,13.479200404857666,13.597435234717272,0.020104711254171903,0.1491535896070402,297213.676,283830.7810000001,-4872.408999999985,-1.6393623152118966,0,7788.966714285714,7500.9265,7365.4371,7256.740111111111,1492.879388130742,1282.2795187692006,31118.144285714345,29541.264333333434,-9.885357288176124,43.73210232793482,4.004972123886187,7940.418
2018-04-16,7940.418,35010.18000000004,13.496848553668983,290888.883,271,130,421,130,0,16,16,4,2,2018,106,0,0.0,1.0,0.8660254037844387,-0.4999999999999998,0.9682507501166718,-0.2499809690726521,9733.064,6953.148,6298.317999999999,8605.557,6089.852000000001,38980.65000000019,28816.96000000006,31870.150000000092,13.499305116111838,13.614223520201792,-0.0024565624428554145,-0.018197695523775006,292341.267,283081.54299999995,-1452.38400000002,-0.4968111464058272,0,7687.963285714286,7552.870142857143,7471.687766666667,7293.580677777778,1294.3332609047343,1342.639429355693,30904.564285714336,30027.091666666773,39.980682131316634,13.102080434770224,4.409110452371656,7012.550000000002
2018-04-17,7012.550000000002,27891.17999999995,13.525025993426356,294046.235,275,130,421,130,1,17,16,4,2,2018,107,0,0.7818314824680298,0.6234898018587336,0.8660254037844387,-0.4999999999999998,0.9638074231367307,-0.26659942067929354,7940.418,7078.960999999999,6213.3690000000015,9107.209999999997,7852.987,35010.18000000004,28800.52000000011,32597.470000000132,13.496848553668983,13.641559975888526,0.02817743975737308,0.208770511466644,290888.883,286389.86100000003,3157.3520000000135,1.0854151480240701,0,7829.001857142858,7670.163,7449.516466666667,7314.142522222222,1254.0818866098252,1328.689269577054,31789.310000000052,30131.759333333433,12.169257607154501,-12.811739270314376,3.9773235128448197,6718.009000000001
2018-04-18,6718.009000000001,27833.450000000073,13.564297574960582,297004.811,271,130,422,130,2,18,16,4,2,2018,108,0,0.9749279121818236,-0.22252093395631434,0.8660254037844387,-0.4999999999999998,0.9590788900341131,-0.28313898122818354,7012.550000000002,7021.974,6392.138,6414.219,7783.441,27891.17999999995,28633.79000000004,24838.660000000098,13.525025993426356,13.645134728737604,0.039271581534226385,0.2903623368510624,294046.235,289128.537,2958.576000000001,1.006160136687348,0,7819.514571428571,7727.247357142857,7379.694466666667,7304.8043333333335,1260.9342143462522,1293.1354380036116,31659.404285714314,29974.883000000096,-0.13420727561791254,9.32819724427872,4.143109960108727,8406.996
2018-04-19,8406.996,50454.2200000003,13.57693032127257,297881.48699999996,297,130,422,130,3,19,16,4,2,2018,109,0,0.43388373911755823,-0.900968867902419,0.8660254037844387,-0.4999999999999998,0.9540665500578387,-0.2995947563972602,6718.009000000001,6721.936,6396.517999999999,5982.493,6847.556000000001,27833.450000000073,27800.729999999927,23106.930000000135,13.564297574960582,13.536385939655062,0.012632746311988186,0.09313232950085067,297004.811,292805.31000000006,876.6759999999776,0.29517232298300305,0,7776.091,7750.523857142857,7389.8208,7292.9662,1297.675798776302,1286.4866225615156,31545.070000000032,30074.70933333343,-0.058420669283354834,12.29447322378815,6.001456406069457,8065.6140000000005
2018-04-20,8065.6140000000005,37890.14000000015,13.487390940098777,300241.287,308,130,423,130,4,20,16,4,2,2018,110,0,-0.433883739117558,-0.9009688679024191,0.8660254037844387,-0.4999999999999998,0.9487718864399473,-0.31596187665790293,8406.996,6898.612000000001,7171.668,7231.942,7467.1269999999995,50454.2200000003,27240.1599999999,42238.87000000021,13.57693032127257,13.50338790630911,-0.08953938117379323,-0.6594965066109338,297881.48699999996,295634.433,2359.8000000000466,0.7921942460291421,0,8016.813857142858,7894.129428571429,7470.637566666667,7310.2933111111115,1223.719791572753,1271.0913099471386,34781.28285714294,30986.28566666677,21.86503603913364,16.248111503106625,4.697737828762962,10349.328
2018-04-21,10349.328,45160.80000000009,13.390160597014374,300243.167,313,130,425,130,5,21,16,4,2,2018,111,1,-0.9749279121818236,-0.2225209339563146,0.8660254037844387,-0.4999999999999998,0.9431964659565866,-0.33223549871590435,8065.6140000000005,9408.047999999999,9012.34,6920.979,8989.207999999999,37890.14000000015,36059.140000000116,39509.04000000006,13.487390940098777,13.479200404857666,-0.09723034308440326,-0.7208980855988385,300241.287,297213.676,1.8800000000046566,0.0006261630499887434,0,8183.52842857143,7957.982714285715,7498.4266333333335,7316.943166666667,1121.1891449156456,1274.8005231970465,36302.708571428695,30841.3280000001,-14.268996076550614,16.538628422366262,4.363645639600957,10147.026000000002
2018-04-22,10147.026000000002,42783.70000000014,13.298667584884756,294602.167,317,129,427,130,6,22,16,4,2,2018,112,1,-0.7818314824680299,0.6234898018587334,0.8660254037844387,-0.4999999999999998,0.9373419384643772,-0.3484108069446808,10349.328,9733.064,10440.088,6275.435000000001,6332.260000000001,45160.80000000009,38980.65000000019,24375.960000000094,13.390160597014374,13.499305116111838,-0.09149301212961802,-0.6832853980109721,300243.167,292341.267,-5641.0,-1.8788104509968748,0,8317.997000000001,8053.481857142857,7612.704933333333,7332.055611111111,1329.6025482535729,1371.2664896321373,37602.94571428583,31029.720000000103,6.331654656745288,64.91809731118236,4.216378276748294,8594.73
2018-04-23,8594.73,40069.4500000003,13.227827210965575,291432.167,312,130,426,130,0,23,17,4,2,2018,113,0,0.0,1.0,0.8660254037844387,-0.4999999999999998,0.9312100364121947,-0.3644830148102912,10147.026000000002,7940.418,6953.148,8512.147,6438.348,42783.70000000014,35010.18000000004,31054.35000000007,13.298667584884756,13.496848553668983,-0.07084037391918052,-0.5326877558748636,294602.167,290888.883,-3170.0,-1.076027387130523,0,8377.13442857143,8032.548857142858,7741.757966666667,7374.441900000001,1409.8173308434973,1422.3054816889464,38146.23857142868,31643.311333333437,27.789569768241446,19.206423479293775,4.662095260700488,6650.812
2018-04-24,6650.812,25401.839999999975,13.162245744872225,296028.167,265,130,427,130,1,24,17,4,2,2018,114,0,0.7818314824680298,0.6234898018587336,0.8660254037844387,-0.4999999999999998,0.9248025743285089,-0.38044736628785164,8594.73,7012.550000000002,7078.960999999999,9760.231,6580.722000000001,40069.4500000003,27891.17999999995,36429.21000000013,13.227827210965575,13.525025993426356,-0.06558146609335047,-0.4957841151643173,291432.167,294046.235,4596.0,1.5770393664196993,0,8470.60757142857,8149.804714285715,7744.5107333333335,7398.4017,1397.6751788089698,1423.9269197305816,38868.99142857158,31943.814666666778,22.562120769192333,-11.941325978862592,3.819359200049554,6445.486000000003
2018-04-25,6445.486000000003,25943.20000000004,13.153237906613288,302190.167,274,130,427,130,2,25,17,4,2,2018,115,0,0.9749279121818236,-0.22252093395631434,0.8660254037844387,-0.4999999999999998,0.9181214482844364,-0.39629913726891813,6650.812,6718.009000000001,7021.974,6389.896000000002,6250.504000000001,25401.839999999975,27833.450000000073,24025.31000000002,13.162245744872225,13.564297574960582,-0.009007838258936474,-0.06843694027248934,296028.167,297004.811,6162.0,2.081558678164568,0,8418.930714285716,8119.222642857143,7640.863433333334,7399.180477777778,1465.6060174318009,1384.7722849175177,38513.37142857158,31576.23566666677,-1.0002517114817948,4.083258945059486,4.025018439261218,6454.824
2018-04-26,6454.824,26814.46999999996,13.43876553587478,312047.317,269,130,428,130,3,26,17,4,2,2018,116,0,0.43388373911755823,-0.900968867902419,0.8660254037844387,-0.4999999999999998,0.9111686353326631,-0.41203363695942635,6445.486000000003,8406.996,6721.936,6195.425000000001,6605.417999999999,25943.20000000004,50454.2200000003,23241.23000000016,13.153237906613288,13.57693032127257,0.285527629261491,2.1707782622705483,302190.167,297881.48699999996,9857.149999999965,3.261902959271327,0,8379.998857142857,8078.0449285714285,7642.716433333334,7401.3469444444445,1520.8958722686682,1383.0767654136666,38243.33571428586,31640.16533333344,-23.331877403058083,4.036220275445211,4.154175233902576,7108.620000000001
2018-04-27,7108.620000000001,27747.820000000032,13.436819845221388,315409.11699999997,261,130,428,130,4,27,17,4,2,2018,117,0,-0.433883739117558,-0.9009688679024191,0.8660254037844387,-0.4999999999999998,0.9039461929224011,-0.42764620926777464,6454.824,8065.6140000000005,6898.612000000001,6079.496000000001,7417.5599999999995,26814.46999999996,37890.14000000015,23132.16000000008,13.43876553587478,13.487390940098777,-0.001945690653391452,-0.014478194802918702,312047.317,300241.287,3361.7999999999884,1.0773366143058325,0,8101.117142857142,8058.9655,7651.363066666668,7399.673677777779,1685.2245071312798,1374.5009356868566,34866.22857142867,31759.273333333433,-19.971077217431937,6.1736696594585885,3.9034045989235646,8831.336
2018-04-28,8831.336,33068.29000000008,13.430538162226595,311247.917,285,130,429,130,5,28,17,4,2,2018,118,1,-0.9749279121818236,-0.2225209339563146,0.8660254037844387,-0.4999999999999998,0.8964562582905575,-0.44313223418263453,7108.620000000001,10349.328,9408.047999999999,6476.081,8953.651999999998,27747.820000000032,45160.80000000009,24725.180000000128,13.436819845221388,13.390160597014374,-0.006281682994792703,-0.04674977462786102,315409.11699999997,300243.167,-4161.199999999953,-1.3193023840207998,0,7964.403714285714,8073.966071428572,7685.6672,7396.241011111111,1726.887663359516,1346.4747407665516,33417.32571428579,31913.128666666766,-31.31322149612032,9.767311434183739,3.744426664323505,9358.330000000002
2018-04-29,9358.330000000002,35264.45000000023,13.453553199137028,309858.454,281,129,428,130,6,29,17,4,2,2018,119,1,-0.7818314824680299,0.6234898018587334,0.8660254037844387,-0.4999999999999998,0.8887010478292915,-0.45848712914008766,8831.336,10147.026000000002,9733.064,6799.031000000003,6419.12,33068.29000000008,42783.70000000014,28270.010000000155,13.430538162226595,13.298667584884756,0.02301503691043294,0.1713634750330613,311247.917,294602.167,-1389.4629999999888,-0.4464168028472264,0,7747.547714285714,8032.772357142858,7764.175700000001,7394.881944444444,1450.7106349103358,1342.1724963018323,31689.824285714367,32191.232333333428,-12.966262232894666,29.89109771671869,3.7682417696319987,7319.234
2018-04-30,7319.234,28909.300000000014,13.506128257475394,307142.454,263,130,429,130,0,30,18,4,2,2018,120,0,0.0,1.0,0.8660254037844387,-0.4999999999999998,0.8806828564301475,-0.47370635037968,9358.330000000002,8594.73,7940.418,8654.456000000002,6580.920000000002,35264.45000000023,40069.4500000003,33772.85000000013,13.453553199137028,13.227827210965575,0.052575058338366176,0.3907893889455061,309858.454,291432.167,-2716.0,-0.8765292555161331,0,7634.876857142858,8006.005642857142,7849.4856666666665,7427.539833333334,1250.041902728538,1359.9299324361002,30615.64571428581,32424.380333333433,8.884514115044944,8.13308196378836,3.9497712465539445,7914.734000000001
2018-05-01,7914.734000000001,31619.14000000006,13.549702555508667,306213.0,284,130,428,130,1,1,18,5,2,2018,121,0,0.7818314824680298,0.6234898018587336,0.49999999999999994,-0.8660254037844387,0.8724040568049612,-0.48878539428899265,7319.234,6650.812,7012.550000000002,9005.853,6508.553,28909.300000000014,25401.839999999975,35375.94000000017,13.506128257475394,13.162245744872225,0.043574298033272285,0.3226261235091908,307142.454,296028.167,-929.454000000027,-0.30261332743015296,0,7452.663142857144,7961.635357142858,7804.978266666667,7435.743322222222,1177.6762461983533,1354.5152529753987,29021.33857142862,32262.262000000097,10.050231460459273,-18.72803164786277,3.9949719093528673,7478.660000000002
2018-05-02,7478.660000000002,33125.14000000016,13.599230952522454,312049.0,280,130,428,133,2,2,18,5,2,2018,122,0,0.9749279121818236,-0.22252093395631434,0.49999999999999994,-0.8660254037844387,0.8638670987837349,-0.503719798736334,7914.734000000001,6445.486000000003,6718.009000000001,6298.317999999999,6257.572999999999,31619.14000000006,25943.20000000004,25742.340000000197,13.549702555508667,13.153237906613288,0.04952839701378764,0.3655312491981733,306213.0,302190.167,5836.0,1.9058629124171735,0,7633.223428571429,8026.077071428573,7768.607633333333,7451.3675555555565,1130.1812649185938,1335.6762080853994,29909.52428571435,32137.035333333428,22.794991719786502,25.664248772450076,4.429288134505399,7523.548000000001
2018-05-03,7523.548000000001,32711.37000000021,13.627417191024275,315980.0,280,130,428,133,3,3,18,5,2,2018,123,0,0.43388373911755823,-0.900968867902419,0.49999999999999994,-0.8660254037844387,0.8550745085896932,-0.518505144391157,7478.660000000002,6454.824,8406.996,6213.3690000000015,6420.053999999999,33125.14000000016,26814.46999999996,24908.670000000056,13.599230952522454,13.43876553587478,0.02818623850182078,0.20726347394366929,312049.0,312047.317,3931.0,1.2597380539594745,0,7780.819714285715,8080.409285714287,7807.952366666666,7464.935188888889,1010.324630895412,1307.9699305237173,30935.515714285797,32383.12866666676,15.861563382673207,20.364008640079156,4.347864863758456,7737.004000000001
2018-05-04,7737.004000000001,33587.94000000019,13.62394487255453,318686.0,284,130,430,133,4,4,18,5,2,2018,124,0,-0.433883739117558,-0.9009688679024191,0.49999999999999994,-0.8660254037844387,0.8460288880917339,-0.533137056031809,7523.548000000001,7108.620000000001,8065.6140000000005,6392.138,7892.412000000002,32711.37000000021,27747.820000000032,24861.680000000175,13.627417191024275,13.436819845221388,-0.0034723184697451615,-0.025480385762550885,315980.0,315409.11699999997,2706.0,0.8563833153997089,0,7933.494571428572,8017.305857142857,7851.625,7477.196233333334,843.5334389149426,1274.3320846750207,31777.930000000113,32643.218666666762,5.836969763470264,17.700024623999056,4.341207526841163,10029.768
2018-05-05,10029.768,42547.44000000016,13.622070880094201,321402.0,293,130,428,133,5,5,18,5,2,2018,125,1,-0.9749279121818236,-0.2225209339563146,0.49999999999999994,-0.8660254037844387,0.8367329140344921,-0.5476112038402312,7737.004000000001,8831.336,10349.328,6396.517999999999,9873.109999999997,33587.94000000019,33068.29000000008,25746.220000000063,13.62394487255453,13.430538162226595,-0.0018739924603288216,-0.013755138308758016,318686.0,311247.917,2716.0,0.8522495497135111,0,8023.263714285715,7993.833714285714,7896.453866666668,7475.469477777778,771.4783393385873,1244.525840338078,32612.232857142993,32934.09400000009,-12.391466025072521,20.95649539327493,4.242116068886156,11058.795
2018-05-06,11058.795,44980.70000000017,13.640826627218628,315692.0,309,129,429,133,6,6,18,5,2,2018,126,1,-0.7818314824680299,0.6234898018587334,0.49999999999999994,-0.8660254037844387,0.8271893372462497,-0.5619233046832195,10029.768,9358.330000000002,10147.026000000002,7171.668,6551.318,42547.44000000016,35264.45000000023,28091.69000000008,13.622070880094201,13.453553199137028,0.018755747124426847,0.1376864596398073,321402.0,309858.454,-5710.0,-1.7765913093260155,0,8194.468285714287,7971.008000000001,8017.5622,7477.210122222223,1059.7935774728162,1270.048834060981,33966.3971428573,33494.13466666677,7.17476301861548,39.852653524954036,4.067414216467542,7752.873999999999
2018-05-07,7752.873999999999,32758.43000000021,13.6164161336173,314918.0,290,130,429,133,0,7,19,5,2,2018,127,0,0.0,1.0,0.49999999999999994,-0.8660254037844387,0.8174009818249189,-0.5760691233798758,11058.795,7319.234,8594.73,9012.34,6039.566,44980.70000000017,28909.300000000014,36091.170000000144,13.640826627218628,13.506128257475394,-0.024410493601328298,-0.1789517180184674,315692.0,307142.454,-774.0,-0.2451756775591399,0,8437.391857142858,8036.134357142858,8147.133100000001,7527.2932,1481.87296837579,1374.7425914353857,35354.432857143,34057.10166666677,51.09224544535671,22.70725471963996,4.2253272786324425,7241.321999999999
2018-05-08,7241.321999999999,29185.23000000021,13.602992726627326,318523.0,281,131,430,133,1,8,19,5,2,2018,128,0,0.7818314824680298,0.6234898018587336,0.49999999999999994,-0.8660254037844387,0.8073707443023492,-0.5900444739548627,7752.873999999999,7914.734000000001,6650.812,10440.088,6185.491999999999,32758.43000000021,31619.14000000006,40475.71000000024,13.6164161336173,13.549702555508667,-0.013423406989973685,-0.09858252610856172,314918.0,306213.0,3605.0,1.1447424408893743,0,8499.34042857143,7976.001785714287,8105.1509,7546.329955555556,1435.6827232574822,1366.6165202994753,35904.308571428744,33946.01033333344,-2.0450466181175813,-25.739380740852003,4.030373183239223,7268.946000000001
2018-05-09,7268.946000000001,28939.53000000012,13.591977351404985,322156.0,285,132,433,133,2,9,19,5,2,2018,129,0,0.9749279121818236,-0.22252093395631434,0.49999999999999994,-0.8660254037844387,0.7971015927871943,-0.6038452208771035,7241.321999999999,7478.660000000002,6445.486000000003,6953.148,6208.9039999999995,29185.23000000021,33125.14000000016,28816.96000000006,13.602992726627326,13.599230952522454,-0.01101537522234075,-0.08097758665105058,318523.0,312049.0,3633.0,1.1405769756030177,0,8403.138714285715,8018.181071428572,7998.525366666668,7558.0614,1502.3965073973104,1301.3889088448627,35556.607142857334,33569.6610000001,-3.173536435671663,4.144511234335859,3.981255329177038,7690.995999999999
2018-05-10,7690.995999999999,33622.1300000001,13.49319512766411,324284.0,284,132,431,133,3,10,19,5,2,2018,130,0,0.43388373911755823,-0.900968867902419,0.49999999999999994,-0.8660254037844387,0.7865965660866021,-0.6174672802835514,7268.946000000001,7523.548000000001,6454.824,7078.960999999999,6564.774,28939.53000000012,32711.37000000021,28800.52000000011,13.591977351404985,13.627417191024275,-0.09878222374087464,-0.7267686017050613,322156.0,315980.0,2128.0,0.6605495474242292,0,8373.179571428573,8076.999642857144,8009.051966666667,7569.839644444444,1525.8124044217723,1293.8971819217754,34958.66285714304,33573.746666666775,-3.3840682614107047,2.683797805920975,4.371622349042972,8099.669999999999
2018-05-11,8099.669999999999,33626.030000000064,13.448254299113685,326288.0,290,133,431,133,4,11,19,5,2,2018,131,0,-0.433883739117558,-0.9009688679024191,0.49999999999999994,-0.8660254037844387,0.7758587728069828,-0.6309066211876704,7690.995999999999,7737.004000000001,7108.620000000001,7021.974,8908.456,33622.1300000001,33587.94000000019,28633.79000000004,13.49319512766411,13.62394487255453,-0.04494082855042514,-0.3330629115285397,324284.0,318686.0,2004.0,0.6179768351198333,0,8397.100714285714,8165.297642857143,8029.453133333333,7582.353222222223,1511.5177819746734,1283.509893676317,35088.7714285716,33734.467000000106,-0.5946487813629361,9.527548806076453,4.151530864837712,10794.911999999998
2018-05-12,10794.911999999998,44472.28000000018,13.424434386530908,330400.0,293,133,430,134,5,12,19,5,2,2018,132,1,-0.9749279121818236,-0.2225209339563146,0.49999999999999994,-0.8660254037844387,0.7648913904341225,-0.6441592666722685,8099.669999999999,10029.768,8831.336,6721.936,10280.122,33626.030000000064,42547.44000000016,27800.729999999927,13.448254299113685,13.622070880094201,-0.023819912582776936,-0.1771227108959919,326288.0,321402.0,4112.0,1.2602363556122198,0,8448.910142857143,8236.086928571429,8065.376333333334,7573.366711111112,1491.199957010084,1269.343214410099,35094.21285714301,33900.87500000011,-19.24369536762965,20.49608922191463,4.119744561141414,11586.024
2018-05-13,11586.024,48713.62999999996,13.42519822263213,324981.0,297,132,430,134,6,13,19,5,2,2018,133,1,-0.7818314824680299,0.6234898018587334,0.49999999999999994,-0.8660254037844387,0.753697664392914,-0.6572212950663319,10794.911999999998,11058.795,9358.330000000002,6898.612000000001,7108.562,44472.28000000018,44980.70000000017,27240.1599999999,13.424434386530908,13.640826627218628,0.0007638361012212158,0.005689894108220998,330400.0,315692.0,-5419.0,-1.6401331719128327,0,8558.216428571428,8376.342357142858,8201.1422,7579.086600000001,1646.3617449430799,1336.7265161828777,35369.190000000155,34456.59333333345,-2.3861822196722304,56.479477320945094,4.2045165796307655,8804.3
2018-05-14,8804.3,37105.220000000074,13.4244925442141,323188.0,280,133,432,134,0,14,20,5,2,2018,134,0,0.0,1.0,0.49999999999999994,-0.8660254037844387,0.742280907086982,-0.6700888411055113,11586.024,7752.873999999999,7319.234,9408.047999999999,6063.278999999999,48713.62999999996,32758.43000000021,36059.140000000116,13.42519822263213,13.6164161336173,-0.0007056784180292652,-0.0052563724298657745,324981.0,314918.0,-1793.0,-0.5517245623590302,0,8633.534857142857,8535.463357142859,8357.389266666667,7628.836177777778,1785.9664708128992,1448.5038785103582,35902.46571428584,35172.37566666678,49.44166511670383,23.150136989097003,4.21444294265303,10141.953
2018-05-15,10141.953,49658.54999999993,13.43671767627143,323287.0,273,133,435,134,1,15,20,5,2,2018,135,0,0.7818314824680298,0.6234898018587336,0.49999999999999994,-0.8660254037844387,0.7306444969184916,-0.6827580970759147,8804.3,7241.321999999999,7914.734000000001,9733.064,6484.576999999999,37105.220000000074,29185.23000000021,38980.65000000019,13.4244925442141,13.602992726627326,0.012225132057329446,0.09106587840892671,323188.0,318523.0,99.0,0.030632325457628378,0,8783.738571428572,8641.539499999999,8337.264333333334,7659.291966666667,1743.2597103999442,1437.555829645868,36523.43571428581,35207.24500000011,21.584152727913498,-9.542359939275043,4.896349845044631,8968.869999999999
2018-05-16,8968.869999999999,41908.31000000029,13.425531767556894,325987.0,281,133,435,134,2,16,20,5,2,2018,136,0,0.9749279121818236,-0.22252093395631434,0.49999999999999994,-0.8660254037844387,0.7187918772884232,-0.6952253139408722,10141.953,7268.946000000001,7478.660000000002,7940.418,6570.099,49658.54999999993,28939.53000000012,35010.18000000004,13.43671767627143,13.591977351404985,-0.011185908714535842,-0.08324881852872146,323287.0,322156.0,2700.0,0.8351712255673752,0,9198.114428571427,8800.626571428571,8350.893966666667,7699.929477777779,1658.1853839214461,1453.1002244203073,39448.19571428578,35563.17500000011,39.5243959715755,27.72568144397436,4.672641035046811,8218.887999999999
2018-05-17,8218.887999999999,37244.23000000031,13.42122242064596,328455.0,277,133,435,134,3,17,20,5,2,2018,137,0,0.43388373911755823,-0.900968867902419,0.49999999999999994,-0.8660254037844387,0.7067265555776158,-0.7074868024503348,8968.869999999999,7690.995999999999,7523.548000000001,7012.550000000002,7044.320999999999,41908.31000000029,33622.1300000001,27891.17999999995,13.425531767556894,13.49319512766411,-0.004309346910934764,-0.03209814691547935,325987.0,324284.0,2468.0,0.7570854052462215,0,9440.960714285713,8907.070142857143,8385.1757,7726.58248888889,1438.4896336981403,1455.2124426665325,41300.87857142866,35793.11266666678,16.61519522308944,27.897412496167533,4.53154124986255,7980.126
2018-05-18,7980.126,37356.9700000003,13.393740387925696,330928.005,283,133,434,134,4,18,20,5,2,2018,138,0,-0.433883739117558,-0.9009688679024191,0.49999999999999994,-0.8660254037844387,0.6944521021088763,-0.719538934232584,8218.887999999999,8099.669999999999,7737.004000000001,6718.009000000001,8322.408000000003,37244.23000000031,33626.030000000064,27833.450000000073,13.42122242064596,13.448254299113685,-0.02748203272026295,-0.2047654964572165,328455.0,326288.0,2473.0050000000047,0.7529204913915163,0,9516.373857142857,8956.737285714285,8425.386966666667,7739.633233333334,1342.0624538677714,1432.4646743350409,41818.321428571544,36104.88100000013,1.4718871262656361,22.341128152701163,4.681250646919647,10794.500999999998
2018-05-19,10794.500999999998,48095.890000000036,13.330638747642858,333894.0,283,133,434,134,5,19,20,5,2,2018,139,1,-0.9749279121818236,-0.2225209339563146,0.49999999999999994,-0.8660254037844387,0.6819721490904629,-0.7313781428679254,7980.126,10794.911999999998,10029.768,8406.996,9687.354000000003,37356.9700000003,44472.28000000018,50454.2200000003,13.393740387925696,13.424434386530908,-0.06310164028283793,-0.4711278437181248,330928.005,330400.0,2965.9949999999953,0.8962659415905266,0,9499.296142857142,8974.103142857142,8467.457533333334,7735.8301,1363.6810417607128,1398.727452233347,42351.312857143006,36422.331666666796,-26.07511761096337,-5.07755683480757,4.455591786966349,10998.525000000001
2018-05-20,10998.525000000001,48302.970000000234,13.348878322639374,333894.0,305,132,434,134,6,20,20,5,2,2018,140,1,-0.7818314824680299,0.6234898018587334,0.49999999999999994,-0.8660254037844387,0.6692903895412567,-0.7430009249440493,10794.500999999998,11586.024,11058.795,8065.6140000000005,6539.4400000000005,48095.890000000036,48713.62999999996,37890.14000000015,13.330638747642858,13.42519822263213,0.01823957499651563,0.13682446386705044,333894.0,324981.0,0.0,0.0,0,9499.237428571429,9028.726928571428,8547.041033333333,7748.131733333333,1363.6159680851224,1461.6734124812156,42868.97142857156,36343.72066666679,-6.831705164774396,33.83359283000647,4.391767987071014,7517.683
2018-05-21,7517.683,32359.420000000147,13.341911090742043,326462.0,277,133,434,134,0,21,21,5,2,2018,141,0,0.0,1.0,0.49999999999999994,-0.8660254037844387,0.6564105761979381,-0.7544038410927472,10998.525000000001,8804.3,7752.873999999999,10349.328,6348.097000000001,48302.970000000234,37105.220000000074,45160.80000000009,13.348878322639374,13.4244925442141,-0.006967231897331061,-0.052193388305254114,333894.0,323188.0,-7432.0,-2.2258561100229413,0,9415.309,9024.421928571428,8644.804733333332,7797.677122222222,1224.7835325605245,1525.0715664060835,42810.30571428588,36690.81500000013,24.92219710823123,6.272842062789024,4.304440610225271,7208.220000000001
2018-05-22,7208.220000000001,31714.880000000132,13.36455804900348,331751.0,278,133,435,134,1,22,21,5,2,2018,142,0,0.7818314824680298,0.6234898018587336,0.49999999999999994,-0.8660254037844387,0.6433365204044917,-0.765583517007675,7517.683,10141.953,7241.321999999999,10147.026000000002,6263.701000000001,32359.420000000147,49658.54999999993,42783.70000000014,13.341911090742043,13.43671767627143,0.022646958261436367,0.1697429858991573,326462.0,323287.0,5289.0,1.6200966728133748,0,9231.50657142857,9007.62257142857,8550.416566666667,7810.672522222224,1413.7265953466324,1503.4120417615163,42132.33428571447,36264.10233333347,-25.875391061267976,-25.91244961824283,4.399821315109712,8012.379999999999
2018-05-23,8012.379999999999,44435.37000000009,13.357119512611327,338007.0,280,134,436,134,2,23,21,5,2,2018,143,0,0.9749279121818236,-0.22252093395631434,0.49999999999999994,-0.8660254037844387,0.6300720909843687,-0.7765366444428655,7208.220000000001,8968.869999999999,7268.946000000001,8594.73,6063.9220000000005,31714.880000000132,41908.31000000029,40069.4500000003,13.36455804900348,13.425531767556894,-0.007438536392152528,-0.05565867846043124,331751.0,325987.0,6256.0,1.8857516631449491,0,8812.401857142857,9005.258142857143,8452.456366666667,7821.167177777779,1528.9959580506481,1491.4888323016314,39568.95285714307,35895.1416666668,-19.630678112181336,-16.132094900014295,5.545839064048397,7303.134
2018-05-24,7303.134,31558.950000000197,13.495750625995544,342063.0,276,134,436,134,3,24,21,5,2,2018,144,0,0.43388373911755823,-0.900968867902419,0.49999999999999994,-0.8660254037844387,0.6166212130956382,-0.7872599821916922,8012.379999999999,8218.887999999999,7690.995999999999,6650.812,6558.9890000000005,44435.37000000009,37244.23000000031,25401.839999999975,13.357119512611327,13.42122242064596,0.13863111338421774,1.037881807176518,338007.0,328455.0,4056.0,1.1999751484436711,0,8675.760428571428,9058.360571428571,8433.0447,7842.8167111111115,1555.1971134754451,1493.3617503772853,39929.96142857161,36040.67233333345,-2.5126026781238515,20.472207002693796,4.3212886412874525,7569.576000000002
2018-05-25,7569.576000000002,30856.080000000304,13.503135478024138,344656.0,280,135,435,135,4,25,21,5,2,2018,145,0,-0.433883739117558,-0.9009688679024191,0.49999999999999994,-0.8660254037844387,0.6029878670694714,-0.7977503570459932,7303.134,7980.126,8099.669999999999,6445.486000000003,8572.427,31558.950000000197,37356.9700000003,25943.20000000004,13.495750625995544,13.393740387925696,0.007384852028593514,0.05471983169553234,342063.0,330928.005,2593.0,0.7580474941750497,0,8544.93842857143,9030.656142857142,8454.788766666667,7851.084988888889,1636.4289625691113,1471.0998801878961,39117.77857142874,36245.90933333346,-8.483475072949979,13.306180480416794,4.076328713787971,13678.967000000002
2018-05-26,13678.967000000002,148160.949999998,13.476976731051268,340442.0,290,135,438,136,5,26,21,5,2,2018,146,1,-0.9749279121818236,-0.2225209339563146,0.49999999999999994,-0.8660254037844387,0.5891760872322963,-0.8080046647350754,7569.576000000002,10794.500999999998,10794.911999999998,6454.824,9772.381000000005,30856.080000000304,48095.890000000036,26814.46999999996,13.503135478024138,13.330638747642858,-0.026158746972869906,-0.19372350233353072,344656.0,333894.0,-4214.0,-1.2226683997957384,0,8486.288428571428,8992.792285714286,8492.258433333333,7839.9421999999995,1667.115199344369,1431.9518343819898,38189.08000000017,36409.67200000014,-29.875628340763477,17.270060345564843,10.831296690751428,13821.536000000002
2018-05-27,13821.536000000002,133545.1299999999,13.491799456767414,331737.0,304,134,438,136,6,27,21,5,2,2018,147,1,-0.7818314824680299,0.6234898018587334,0.49999999999999994,-0.8660254037844387,0.5751899607119775,-0.8180198708443174,13678.967000000002,10998.525000000001,11586.024,7108.620000000001,6470.911000000001,148160.949999998,48302.970000000234,27747.820000000032,13.476976731051268,13.348878322639374,0.014822725716145513,0.10998554061456237,340442.0,333894.0,-8705.0,-2.556970056573513,0,8898.355,9198.796214285714,8733.0632,7883.348711111112,2487.4053410317783,1665.8361702742743,52484.08857142845,40454.55466666674,24.370922464603215,92.42788333037919,9.662104848549385,7301.0419999999995
2018-05-28,7301.0419999999995,30592.030000000188,13.497763851868303,330047.0,266,135,439,136,0,28,22,5,2,2018,148,0,0.0,1.0,0.49999999999999994,-0.8660254037844387,0.5610336262283677,-0.8277930117131022,13821.536000000002,7517.683,8804.3,8831.336,6149.084000000002,133545.1299999999,32359.420000000147,33068.29000000008,13.491799456767414,13.341911090742043,0.005964395100889419,0.044207558228251835,331737.0,326462.0,-1690.0,-0.5094397067556529,0,9301.642285714286,9358.475642857144,8956.827066666667,7965.022322222223,3049.907776466092,1877.516021559564,64661.53999999982,43981.13166666673,83.85366874341472,56.50560685268914,4.190090948661875,7125.7
2018-05-29,7125.7,30289.23000000019,13.507765656793648,332886.0,282,135,438,136,1,29,22,5,2,2018,149,0,0.7818314824680298,0.6234898018587336,0.49999999999999994,-0.8660254037844387,0.5467112728685939,-0.8373211953118121,7301.0419999999995,7208.220000000001,10141.953,9358.330000000002,6052.332000000002,30592.030000000188,31714.880000000132,35264.45000000023,13.497763851868303,13.36455804900348,0.01000180492534497,0.07409971781333664,330047.0,331751.0,2839.0,0.8601805197441575,0,9270.693571428574,9251.100071428573,8905.817266666667,7977.821855555556,3072.04629629265,1901.6756867841655,64409.05571428554,43898.58966666674,1.2877242925437664,-21.983494918430978,4.250702387133922,8854.729
2018-05-30,8854.729,59878.029999999984,13.572035097650396,335801.0,282,135,440,136,2,30,22,5,2,2018,150,0,0.9749279121818236,-0.22252093395631434,0.49999999999999994,-0.8660254037844387,0.5322271388474397,-0.8466016020976267,7125.7,8012.379999999999,8968.869999999999,7319.234,6205.084000000001,30289.23000000019,44435.37000000009,28909.300000000014,13.507765656793648,13.357119512611327,0.0642694408567479,0.4757962381766965,332886.0,338007.0,2915.0,0.8756751560594318,0,9258.905,9035.653428571428,8831.396266666667,7989.748166666666,3081.4238612235363,1926.8755955897461,64205.39142857127,43732.74900000007,-11.066374785020175,-2.6441838039335885,6.762265677470196,6977.517
2018-05-31,6977.517,29273.910000000124,13.591576619989445,334753.0,277,135,441,136,3,31,22,5,2,2018,151,0,0.43388373911755823,-0.900968867902419,0.49999999999999994,-0.8660254037844387,0.5175855102531889,-0.8556314858488706,8854.729,7303.134,8218.887999999999,7914.734000000001,6601.773000000002,59878.029999999984,31558.950000000197,31619.14000000006,13.572035097650396,13.495750625995544,0.01954152233904871,0.14398372976821847,335801.0,342063.0,-1048.0,-0.3120896006861207,0,9379.240571428572,9027.5005,8882.579433333334,8019.188666666667,3040.8114922993923,1905.5993306904995,66411.48571428555,44765.040000000066,21.245604969044788,11.876520423807015,4.195462368633445,7430.182000000001
2018-06-01,7430.182000000001,32160.920000000286,13.684821003738135,331202.0,283,135,439,136,4,1,22,6,2,2018,152,0,-0.433883739117558,-0.9009688679024191,1.2246467991473532e-16,-1.0,0.5027907197793043,-0.8644081744776648,6977.517,7569.576000000002,7980.126,7478.660000000002,9016.779,29273.910000000124,30856.080000000304,33125.14000000016,13.591576619989445,13.503135478024138,0.09324438374869004,0.6860453820460636,334753.0,344656.0,-3551.0,-1.0607821289129598,0,9332.723857142857,8938.831142857143,8851.338866666667,8023.363600000001,3080.1005983266054,1929.5453669159588,66085.05142857124,44686.86566666674,-7.821560943439922,-6.70097316899019,4.328416181461003,9821.429999999997
2018-06-02,9821.429999999997,40617.370000000315,13.699056381486276,333542.11,298,135,442,136,5,2,22,6,2,2018,153,1,-0.9749279121818236,-0.2225209339563146,1.2246467991473532e-16,-1.0,0.4878471454423119,-0.8729290708206411,7430.182000000001,13678.967000000002,10794.500999999998,7523.548000000001,9885.965999999999,32160.920000000286,148160.949999998,32711.37000000021,13.684821003738135,13.476976731051268,0.014235377748141431,0.10402311980736106,331202.0,340442.0,2340.109999999986,0.7065506850803999,0,9312.810428571429,8899.549428571429,8849.722933333334,8005.734744444446,3093.819578731182,1930.754503208015,66271.45714285695,44654.72500000008,-45.68170242679875,-1.2409836422921736,4.135586162096592,10387.524999999998
2018-06-03,10387.524999999998,42779.470000000234,13.718860147331323,326855.0,301,134,442,136,6,3,22,6,2,2018,154,1,-0.7818314824680299,0.6234898018587334,1.2246467991473532e-16,-1.0,0.47275920928627757,-0.881191653407483,9821.429999999997,13821.536000000002,10998.525000000001,7737.004000000001,6450.849,40617.370000000315,133545.1299999999,33587.94000000019,13.699056381486276,13.491799456767414,0.019803765845047394,0.14456299246867388,333542.11,331737.0,-6687.109999999986,-2.0048772852099503,0,8761.733714285714,8830.044357142857,8926.319,8005.017677777778,2466.437693025371,1921.888811818736,50908.088571428714,44918.25833333342,-28.94111045255755,26.940996799277805,4.118350617688067,7347.378999999999
2018-06-04,7347.378999999999,32439.51000000018,13.734041366095191,326868.0,290,135,441,136,0,4,23,6,2,2018,155,0,0.0,1.0,1.2246467991473532e-16,-1.0,0.4575313760742512,-0.8891934772070711,10387.524999999998,7301.0419999999995,7517.683,10029.768,6613.68,42779.470000000234,30592.030000000188,42547.44000000016,13.718860147331323,13.497763851868303,0.015181218763867577,0.11065947608497723,326855.0,330047.0,13.0,0.003977298802221169,0,8271.160714285714,8786.401500000002,9014.669699999999,8048.758522222222,1405.7533222048435,1926.2480858978,37941.565714285905,45224.642666666754,42.27455478272825,3.5669518975912284,4.41511319886999,7017.932999999999
2018-06-05,7017.932999999999,29131.080000000256,13.743180693068917,330311.93,276,135,442,136,1,5,23,6,2,2018,156,0,0.7818314824680298,0.6234898018587336,1.2246467991473532e-16,-1.0,0.44216815196707204,-0.8969321743510065,7347.378999999999,7125.7,7208.220000000001,11058.795,6960.523999999999,32439.51000000018,30289.23000000019,44980.70000000017,13.734041366095191,13.507765656793648,0.009139326973725659,0.0665450665984423,326868.0,332886.0,3443.929999999993,1.0536149148891887,0,8277.780285714285,8774.236928571429,8925.256733333334,8056.910733333333,1400.5231178682086,1939.7130282393516,38205.49142857162,44887.71166666675,3.1109785705263926,-33.56076317537309,4.150948719516168,6588.171999999999
2018-06-06,6588.171999999999,29694.910000000287,13.745877665543942,335791.2,288,135,442,136,2,6,23,6,2,2018,157,0,0.9749279121818236,-0.22252093395631434,1.2246467991473532e-16,-1.0,0.42667408318992467,-0.9044054548343001,7017.932999999999,8854.729,8012.379999999999,7752.873999999999,7218.837999999998,29131.080000000256,59878.029999999984,32758.43000000021,13.743180693068917,13.572035097650396,0.0026969724750252055,0.01962407782636058,330311.93,335801.0,5479.270000000019,1.6588168644105643,0,8262.384999999998,8760.645,8790.561333333333,8057.548611111111,1415.8070205677925,1926.7063649971346,38040.041428571625,44359.39100000008,-20.743672674793327,-9.47959427690944,4.507306427336792,6919.753000000001
2018-06-07,6919.753000000001,30972.570000000233,13.467676801612248,337453.74,278,135,442,136,3,7,23,6,2,2018,158,0,0.43388373911755823,-0.900968867902419,1.2246467991473532e-16,-1.0,0.4110537546870351,-0.9116111071930239,6588.171999999999,6977.517,7303.134,7241.321999999999,7124.844999999998,29694.910000000287,29273.910000000124,29185.23000000021,13.745877665543942,13.591576619989445,-0.2782008639316942,-2.0238857838015356,335791.2,334753.0,1662.539999999979,0.495111247703924,0,7938.591142857142,8658.915857142856,8751.737933333332,8050.54121111111,1513.565197279978,1959.7873844293706,33728.16714285738,44257.273666666755,-5.579993570778848,-9.019761861162928,4.4759646767739,7735.37
2018-06-08,7735.37,34835.770000000135,13.494122831328285,337001.232,298,136,442,136,4,8,23,6,2,2018,159,0,-0.433883739117558,-0.9009688679024191,1.2246467991473532e-16,-1.0,0.3953117887649151,-0.9185469991587165,6919.753000000001,7430.182000000001,7569.576000000002,7268.946000000001,10203.069999999998,30972.570000000233,32160.920000000286,28939.53000000012,13.467676801612248,13.684821003738135,0.0264460297160376,0.19636667931377505,337453.74,331202.0,-452.5079999999725,-0.13409482437503065,0,7930.339142857142,8631.531500000001,8741.018966666665,8048.262411111111,1519.8228308614937,1969.1902483332128,33970.83285714312,44316.851666666764,-6.8696702180377285,-4.803901418444988,4.503439395917731,9932.265
2018-06-09,9932.265,42986.86000000044,13.479543694689909,336560.424,303,136,441,136,5,9,23,6,2,2018,160,1,-0.9749279121818236,-0.2225209339563146,1.2246467991473532e-16,-1.0,0.37945284372454435,-0.925211078289358,7735.37,9821.429999999997,13678.967000000002,7690.995999999999,11265.485,34835.770000000135,40617.370000000315,33622.1300000001,13.494122831328285,13.699056381486276,-0.01457913663837651,-0.10804063977044312,337001.232,333542.11,-440.8080000000191,-0.1308030826427421,0,7973.9374285714275,8643.37392857143,8756.566433333333,8020.843522222222,1507.410514134639,1958.9817561168616,34352.95428571453,44513.393000000084,-21.23988054692644,0.5769603832845669,4.32800171964808,10271.122000000003
2018-06-10,10271.122000000003,43806.31000000046,13.486133451660853,330208.037,316,135,441,136,6,10,23,6,2,2018,161,1,-0.7818314824680299,0.6234898018587334,1.2246467991473532e-16,-1.0,0.36348161248290634,-0.9316013725767187,9932.265,10387.524999999998,13821.536000000002,8099.669999999999,6277.271000000002,42986.86000000044,42779.470000000234,33626.030000000064,13.479543694689909,13.718860147331323,0.006589756970944549,0.048887092324501294,336560.424,326855.0,-6352.386999999988,-1.887443248526448,0,7989.771,8375.752357142857,8831.2754,8006.029966666667,1530.4564629757922,1959.6803045343743,34691.452857143115,44825.55066666676,-4.382757201547034,22.6255514113538,4.264997533862459,7445.301
2018-06-11,7445.301,35932.66000000021,13.494397533470005,328915.91,297,136,443,136,0,11,24,6,2,2018,162,0,0.0,1.0,1.2246467991473532e-16,-1.0,0.3474028211842774,-0.9377159910299093,10271.122000000003,7347.378999999999,7301.0419999999995,10794.911999999998,5751.419999999999,43806.31000000046,32439.51000000018,44472.28000000018,13.486133451660853,13.734041366095191,0.008264081809151946,0.0612783629850126,330208.037,326868.0,-1292.1270000000368,-0.39130695053313824,0,7973.142,8122.151357142857,8903.657133333332,8050.406088888888,1500.3990794443243,1971.7906993043453,34838.14428571458,45164.89333333344,39.79300645849362,-4.852193329598198,4.826219920457239,7859.238
2018-06-12,7859.238,35406.95000000022,13.44514862466691,331341.70999999996,292,136,443,136,1,12,24,6,2,2018,163,0,0.7818314824680298,0.6234898018587336,1.2246467991473532e-16,-1.0,0.3312212278016865,-0.9435531242349544,7445.301,7017.932999999999,7125.7,11586.024,5876.5070000000005,35932.66000000021,29131.080000000256,48713.62999999996,13.494397533470005,13.743180693068917,-0.049248908803095404,-0.3649581886182312,328915.91,330311.93,2425.7999999999884,0.7375137310931504,0,7987.130857142857,8132.455571428572,8792.003433333333,8069.22698888889,1494.0354389943986,1955.776232469282,35337.16571428601,44880.23933333344,6.089656313333304,-35.738947200523654,4.505137775443398,8602.351999999999
2018-06-13,8602.351999999999,36944.63000000029,13.462903279506882,334104.18,302,136,444,136,2,13,24,6,2,2018,164,0,0.9749279121818236,-0.22252093395631434,1.2246467991473532e-16,-1.0,0.31494162072895193,-0.9491110448902284,7859.238,6588.171999999999,8854.729,8804.3,5903.100000000001,35406.95000000022,29694.910000000287,37105.220000000074,13.44514862466691,13.745877665543942,0.017754654839972517,0.13205249964585178,331341.70999999996,335791.2,2762.4700000000303,0.83372238285365,0,8107.317285714286,8184.851142857143,8667.777233333334,8091.257333333332,1435.7779546965535,1889.4196831843815,36233.71857142886,44436.68333333346,19.29315142349049,-10.734095839532944,4.294712655329646,11565.361999999997
2018-06-14,11565.361999999997,53629.010000000526,13.512259101235303,330353.18,325,136,445,136,3,14,24,6,2,2018,165,0,0.43388373911755823,-0.900968867902419,1.2246467991473532e-16,-1.0,0.2985688173637202,-0.9543881083175908,8602.351999999999,6919.753000000001,6977.517,10141.953,6545.544000000001,36944.63000000029,30972.570000000233,49658.54999999993,13.462903279506882,13.467676801612248,0.04935582172842068,0.3666060782264528,334104.18,337453.74,-3751.0,-1.122703702779175,0,8395.057285714285,8166.824214285714,8661.045633333333,8121.249022222222,1273.2142283211008,1889.276252587255,37269.392857143146,44431.33033333346,24.315882373258095,-15.180517992934897,4.637036869230772,5686.005999999999
2018-06-15,5686.005999999999,25521.75000000021,13.50177803764303,326918.185,277,117,444,136,4,15,24,6,2,2018,166,0,-0.433883739117558,-0.9009688679024191,1.2246467991473532e-16,-1.0,0.2821076626819194,-0.9593827529490743,11565.361999999997,7735.37,7430.182000000001,8968.869999999999,8605.557,53629.010000000526,34835.770000000135,41908.31000000029,13.512259101235303,13.494122831328285,-0.010481063592273188,-0.07756707086319119,330353.18,337001.232,-3434.9949999999953,-1.0397947433107788,0,9058.715714285714,8494.527428571428,8708.4926,8177.024777777778,1555.5094826922957,1944.8074852759742,40506.02714285748,44563.67900000015,49.512718848613545,28.95004610391274,4.488519709616946,7486.907999999999
2018-06-16,7486.907999999999,32329.0700000001,13.515832823875586,326447.185,288,129,444,137,5,16,24,6,2,2018,167,1,-0.9749279121818236,-0.2225209339563146,1.2246467991473532e-16,-1.0,0.26556302780405594,-0.9640935007889755,5686.005999999999,9932.265,9821.429999999997,8218.887999999999,9107.209999999997,25521.75000000021,42986.86000000044,37244.23000000031,13.50177803764303,13.479543694689909,0.014054786232556182,0.10409581755359452,326918.185,336560.424,-471.0,-0.1440727440720375,0,8765.949428571428,8369.943428571427,8599.0638,8144.585322222222,1980.8079477592025,2020.5359264949207,39175.452857143195,44017.460333333474,-42.75217183593068,-30.8178186635467,4.318080307651718,9025.394
2018-06-17,9025.394,39892.13000000038,13.378965574773044,320815.955,301,135,444,137,6,17,24,6,2,2018,168,1,-0.7818314824680299,0.6234898018587334,1.2246467991473532e-16,-1.0,0.24893980855376657,-0.9685189578512204,7486.907999999999,10271.122000000003,10387.524999999998,7980.126,6414.219,32329.0700000001,43806.31000000046,37356.9700000003,13.515832823875586,13.486133451660853,-0.13686724910254178,-1.012643844342075,326447.185,330208.037,-5631.229999999981,-1.7250049192490298,0,8416.612714285713,8203.191857142858,8574.664466666667,8126.581966666667,1956.3146790008748,2029.6839786120486,37652.91142857172,43853.62166666681,-27.10720406202947,-6.180579103638222,4.4199876481847085,7315.510000000001
2018-06-18,7315.510000000001,31777.23000000011,13.455196767000785,317639.955,299,136,445,137,0,18,25,6,2,2018,169,0,0.0,1.0,1.2246467991473532e-16,-1.0,0.23224292400907015,-0.9726578145718654,9025.394,7445.301,7347.378999999999,10794.500999999998,5982.493,39892.13000000038,35932.66000000021,48095.890000000036,13.378965574773044,13.494397533470005,0.07623119222774122,0.5697839029609311,320815.955,328915.91,-3176.0,-0.9899757011773307,0,8238.65157142857,8105.896785714285,8609.506733333334,8155.595022222221,1810.7420911563675,2028.0970880272778,37093.74285714314,43938.12700000014,21.222687974603037,-16.38896508509285,4.343816083909407,7026.554000000001
2018-06-19,7026.554000000001,32051.730000000098,13.580325108369122,319608.955,294,136,444,137,1,19,25,6,2,2018,170,0,0.7818314824680298,0.6234898018587336,1.2246467991473532e-16,-1.0,0.21547731504673012,-0.976508846196619,7315.510000000001,7859.238,7017.932999999999,10998.525000000001,7231.942,31777.23000000011,35406.95000000022,48302.970000000234,13.455196767000785,13.44514862466691,0.1251283413683364,0.9299629246241635,317639.955,331341.70999999996,1969.0,0.61988423339249,0,8220.109999999999,8103.620428571428,8493.540366666666,8170.406322222222,1820.8560361694479,1998.0933826685546,36500.11000000027,43394.171666666814,-6.918329741382041,-33.48644477327641,4.561514790891822,7179.028
2018-06-20,7179.028,31272.660000000054,13.726608825811882,321815.955,295,136,447,137,2,20,25,6,2,2018,171,0,0.9749279121818236,-0.22252093395631434,1.2246467991473532e-16,-1.0,0.19864794288017112,-0.9800709131432666,7026.554000000001,8602.351999999999,6588.171999999999,7517.683,6920.979,32051.730000000098,36944.63000000029,32359.420000000147,13.580325108369122,13.462903279506882,0.1462837174427598,1.0771738988237463,319608.955,334104.18,2207.0,0.6905313400871386,0,8101.155142857142,8104.236214285715,8361.141333333333,8168.124233333333,1874.7620180178917,1957.56845721644,36020.792857143104,42852.46366666681,-18.318222737223472,-6.532983633388093,4.356113390280697,7740.759999999998
2018-06-21,7740.759999999998,46010.00000000034,13.957495577177982,327587.955,278,136,447,137,3,21,25,6,2,2018,172,0,0.43388373911755823,-0.900968867902419,1.2246467991473532e-16,-1.0,0.18175978759137534,-0.9833429613388902,7179.028,11565.361999999997,6919.753000000001,7208.220000000001,6275.435000000001,31272.660000000054,53629.010000000526,31714.880000000132,13.726608825811882,13.512259101235303,0.23088675136609993,1.6820378164484027,321815.955,330353.18,5772.0,1.7935717326383025,0,7897.823142857143,8146.440214285714,8349.852833333332,8170.991444444444,1888.4786031631854,1963.5673090838534,35210.51142857164,42816.23833333347,-37.926473896796296,-0.4049820898918306,5.94386080953296,7146.398
2018-06-22,7146.398,32484.310000000034,13.944161463467825,330605.955,285,137,448,137,4,22,25,6,2,2018,173,0,-0.433883739117558,-0.9009688679024191,1.2246467991473532e-16,-1.0,0.16481784665719793,-0.9863240225317866,7740.759999999998,5686.005999999999,7735.37,8012.379999999999,8512.147,46010.00000000034,25521.75000000021,44435.37000000009,13.957495577177982,13.50177803764303,-0.013334113710156359,-0.09553371259496639,327587.955,326918.185,3018.0,0.9212792942890711,0,7351.4514285714295,8205.083571428571,8367.604166666666,8187.272833333334,990.141557103647,1955.2803485398847,34122.08142857162,43292.74233333348,36.13703538125002,-3.3900039688582027,4.545550079914389,9088.988000000001
2018-06-23,9088.988000000001,39085.11000000025,13.937302236770073,330509.619,299,137,448,137,5,23,25,6,2,2018,174,1,-0.9749279121818236,-0.2225209339563146,1.2246467991473532e-16,-1.0,0.14782713347053048,-0.9890132145779883,7146.398,7486.907999999999,9932.265,7303.134,9760.231,32484.310000000034,32329.0700000001,31558.950000000197,13.944161463467825,13.515832823875586,-0.0068592266977525185,-0.04919067177845682,330605.955,326447.185,-96.33600000001024,-0.029139221040350057,0,7560.078857142857,8163.014142857143,8338.7381,8172.0978444444445,688.7116503509767,1967.0622134769637,35116.73285714302,42894.37366666681,-4.5480724485996005,-2.146147119852927,4.3002708332325055,9757.394000000002
2018-06-24,9757.394000000002,41918.07000000022,13.95347307355492,324576.619,290,136,449,137,6,24,25,6,2,2018,175,1,-0.7818314824680299,0.6234898018587334,1.2246467991473532e-16,-1.0,0.13079267585675922,-0.9914097417023038,9088.988000000001,9025.394,10271.122000000003,7569.576000000002,6389.896000000002,39085.11000000025,39892.13000000038,30856.080000000304,13.937302236770073,13.378965574773044,0.016170836784846543,0.11602558737790626,330509.619,320815.955,-5933.0,-1.7951066047490738,0,7788.94742857143,8102.780071428571,8398.266566666665,8164.639588888888,895.496683023627,1961.6563085133855,36081.881428571614,43145.24566666681,0.7046118983836158,20.07261701315898,4.296031296881136,7506.808999999999
2018-06-25,7506.808999999999,31637.360000000095,13.953300120442105,324032.619,284,137,449,137,0,25,26,6,2,2018,176,0,0.0,1.0,1.2246467991473532e-16,-1.0,0.11371951458594969,-0.9935128947338007,9757.394000000002,7315.510000000001,7445.301,13678.967000000002,6195.425000000001,41918.07000000022,31777.23000000011,148160.949999998,13.95347307355492,13.455196767000785,-0.0001729531128145112,-0.0012394986674844244,324576.619,317639.955,-544.0,-0.1676029535571692,0,7893.518857142858,8066.085214285714,8471.193833333333,8202.056233333335,1086.3487278260054,1970.4341937688662,36371.30142857159,43513.97866666681,33.379545650269094,-28.66863411542699,4.214488473064933,7027.090000000001
2018-06-26,7027.090000000001,28294.750000000065,13.957293673379949,327250.619,279,137,449,137,1,26,26,6,2,2018,177,0,0.7818314824680298,0.6234898018587336,1.2246467991473532e-16,-1.0,0.0966127018812031,-0.9953220513156602,7506.808999999999,7026.554000000001,7859.238,13821.536000000002,6079.496000000001,31637.360000000095,32051.730000000098,133545.1299999999,13.953300120442105,13.580325108369122,0.0039935529378443135,0.028620848855631,324032.619,319608.955,3218.0,0.9931098942850565,0,7920.847285714286,8070.478642857143,8265.455233333332,8216.627166666667,1071.6920985302993,1713.3854574943903,36351.32000000016,39629.85900000021,6.834858168029425,-45.687592174994165,4.026524493068974,7327.580000000001
2018-06-27,7327.580000000001,32842.62000000015,13.981052227763426,330415.619,287,137,449,137,2,27,26,6,2,2018,178,0,0.9749279121818236,-0.22252093395631434,1.2246467991473532e-16,-1.0,0.07947729992362097,-0.9968366760893436,7027.090000000001,7179.028,8602.351999999999,7301.0419999999995,6476.081,28294.750000000065,31272.660000000054,30592.030000000188,13.957293673379949,13.726608825811882,0.02375855438347685,0.1702232176198338,327250.619,321815.955,3165.0,0.9671486671809778,0,7920.923857142858,8011.0395,8038.9737,8227.15598888889,1071.6175692354907,1367.8538496972944,35814.608571428726,36121.51300000022,-2.1164146455481045,-3.7522315307869536,4.482055467152886,8038.834
2018-06-28,8038.834,32672.730000000105,13.95812571992757,331386.619,287,137,448,137,3,28,26,6,2,2018,179,0,0.43388373911755823,-0.900968867902419,1.2246467991473532e-16,-1.0,0.062318379354325076,-0.998056320853012,7327.580000000001,7740.759999999998,11565.361999999997,7125.7,6799.031000000003,32842.62000000015,46010.00000000034,30289.23000000019,13.981052227763426,13.957495577177982,-0.022926507835855148,-0.1639827064684583,330415.619,327587.955,971.0,0.2938723063209672,0,7942.145571428571,7919.984357142857,8039.858300000001,8236.617088888888,1055.8314440941754,1367.3686635139713,36038.88857142874,36196.53266666688,-5.3377187769676055,2.8331251666503086,4.0643618216273785,7633.619999999998
2018-06-29,7633.619999999998,35215.170000000275,13.96534108995113,335065.619,288,137,449,137,4,29,26,6,2,2018,180,0,-0.433883739117558,-0.9009688679024191,1.2246467991473532e-16,-1.0,0.04514101777397193,-0.9989806246941579,8038.834,7146.398,5686.005999999999,8854.729,8654.456000000002,32672.730000000105,32484.310000000034,59878.029999999984,13.95812571992757,13.944161463467825,0.007215370023558876,0.051692972024587246,331386.619,330605.955,3679.0,1.1101836311622468,0,7984.727571428572,7668.089500000001,8070.2961000000005,8250.392677777778,1052.3608496138543,1356.4372280874572,34133.56428571442,36275.98266666688,12.487913491523978,-9.21422891654843,4.613167802431911,9572.690999999999
2018-06-30,9572.690999999999,38442.89000000036,13.94381118881116,333163.614,289,137,449,137,5,30,26,6,2,2018,181,1,-0.9749279121818236,-0.2225209339563146,1.2246467991473532e-16,-1.0,0.02795029824021032,-0.999609314096404,7633.619999999998,9088.988000000001,7486.907999999999,6977.517,9005.853,35215.170000000275,39085.11000000025,29273.910000000124,13.96534108995113,13.937302236770073,-0.021529901139969,-0.1541666687644386,335065.619,330509.619,-1902.0050000000047,-0.5676514963476467,0,8054.330714285715,7807.204785714287,8029.592466666667,8239.050055555555,1002.6089317969136,1350.3943756932988,34523.68714285731,35453.88733333356,-16.012431747076825,9.403101418455853,4.015891665154591,10054.052
2018-07-01,10054.052,39649.900000000365,13.949115218461174,322741.026,296,136,449,137,6,1,26,7,3,2018,182,1,-0.7818314824680299,0.6234898018587334,-0.4999999999999997,-0.8660254037844388,0.01075130776352193,-0.9999422030204416,9572.690999999999,9757.394000000002,9025.394,7430.182000000001,6298.317999999999,38442.89000000036,41918.07000000022,32160.920000000286,13.94381118881116,13.95347307355492,0.005304029650012865,0.03803859345333751,333163.614,324576.619,-10422.587999999989,-3.128369234222555,0,8123.431142857143,7956.189285714286,8116.098266666666,8245.348255555555,1097.939448426394,1363.7319083818222,34431.94142857161,35759.52000000023,-1.89295420478053,28.835215611138437,3.9436736551591705,7539.079999999999
2018-07-02,7539.079999999999,33239.41000000013,13.955319579730748,319687.026,301,137,449,137,0,2,27,7,3,2018,183,0,0.0,1.0,-0.4999999999999997,-0.8660254037844388,-0.00645086419810515,-0.9999791929590823,10054.052,7506.808999999999,7315.510000000001,9821.429999999997,6213.3690000000015,39649.900000000365,31637.360000000095,40617.370000000315,13.949115218461174,13.953300120442105,0.0062043612695745765,0.044478529085223394,322741.026,324032.619,-3054.0,-0.9462695331457488,0,8165.8108571428575,8029.664857142857,8203.5606,8287.078633333334,1174.5719921668717,1401.8321825791293,34107.917142857346,36009.1526666669,33.9324338743666,2.368514564579731,4.4089477761212414,7558.675
2018-07-03,7558.675,32943.34000000023,13.9600021867484,324846.226,295,137,448,137,1,3,27,7,3,2018,184,0,0.7818314824680298,0.6234898018587336,-0.4999999999999997,-0.8660254037844388,-0.023651127245231586,-0.9997202729664083,7539.079999999999,7027.090000000001,7026.554000000001,10387.524999999998,6392.138,33239.41000000013,28294.750000000065,42779.470000000234,13.955319579730748,13.957293673379949,0.004682607017651108,0.03355428007863259,319687.026,327250.619,5159.200000000012,1.613828394775086,0,8170.421,8045.634142857142,8127.482266666667,8301.808755555556,1171.6139533676233,1372.6298225588355,34336.78142857164,35763.22066666689,7.285946245174004,-27.42178719184791,4.358348520077954,7666.347999999998
2018-07-04,7666.347999999998,31798.060000000067,13.966816096975121,328225.226,283,137,450,137,2,4,27,7,3,2018,185,0,0.9749279121818236,-0.22252093395631434,-0.4999999999999997,-0.8660254037844388,-0.04084439154329611,-0.9991655196610109,7558.675,7327.580000000001,7179.028,7347.378999999999,6396.517999999999,32943.34000000023,32842.62000000015,32439.51000000018,13.9600021867484,13.981052227763426,0.006813910226721731,0.04881023753126535,324846.226,330415.619,3379.0,1.04018447177527,0,8246.361714285713,8083.642785714285,8033.187266666666,8314.770277777778,1100.2071004062307,1307.646852080552,35000.865714285945,35435.349666666894,3.1537697302519976,2.875801016934082,4.147745445419393,7971.666
2018-07-05,7971.666,34358.23999999988,13.999364446144797,329128.226,288,137,451,137,3,5,27,7,3,2018,186,0,0.43388373911755823,-0.900968867902419,-0.4999999999999997,-0.8660254037844388,-0.05802556932878035,-0.9983150972033183,7666.347999999998,8038.834,7740.759999999998,7017.932999999999,7171.668,31798.060000000067,32672.730000000105,29131.080000000256,13.966816096975121,13.95812571992757,0.03254834916967653,0.23304057949703888,328225.226,331386.619,903.0,0.2751159656448831,0,8294.757142857141,8118.451357142856,8043.819566666667,8328.879500000001,1059.7637496484108,1303.1674290738652,34851.64285714308,35413.96800000022,-4.633582432477169,9.239401402093739,4.310045102240847,8570.484
2018-07-06,8570.484,35663.91000000001,14.022506541648681,329091.031,283,137,449,137,4,6,27,7,3,2018,187,0,-0.433883739117558,-0.9009688679024191,-0.4999999999999997,-0.8660254037844388,-0.07518957641475855,-0.9971692572470178,7971.666,7633.619999999998,7146.398,6588.171999999999,9012.34,34358.23999999988,35215.170000000275,29694.910000000287,13.999364446144797,13.96534108995113,0.023142095503883908,0.16530818661740657,329128.226,335065.619,-37.195000000006985,-0.011301066594029217,0,8285.161714285714,8134.944642857142,8075.610666666666,8337.768366666667,1062.766982629912,1288.8321065334214,35092.43000000019,35588.206666666876,4.4283839122199185,20.999664246774397,4.1612480695372644,10393.438
2018-07-07,10393.438,42372.10000000028,14.01379398488077,328521.031,305,137,449,137,5,7,27,7,3,2018,188,1,-0.9749279121818236,-0.2225209339563146,-0.4999999999999997,-0.8660254037844388,-0.09233133369539122,-0.9957283388645872,8570.484,9572.690999999999,9088.988000000001,6919.753000000001,10440.088,35663.91000000001,38442.89000000036,30972.570000000233,14.022506541648681,13.94381118881116,-0.00871255676791094,-0.062132663244146145,329091.031,333163.614,-570.0,-0.17320435572733672,0,8418.99942857143,8236.66507142857,8141.687733333333,8332.858855555556,1025.3744373905593,1260.4459833709257,35156.53571428587,35787.173333333536,-10.469438530920915,23.85534570381341,4.076812696626495,11027.780000000002
2018-07-08,11027.780000000002,43425.14000000017,14.031536993620975,320992.031,307,136,449,137,6,8,27,7,3,2018,189,1,-0.7818314824680299,0.6234898018587334,-0.4999999999999997,-0.8660254037844388,-0.10944576864891556,-0.993992768446958,10393.438,10054.052,9757.394000000002,7735.37,6953.148,42372.10000000028,39649.900000000365,34835.770000000135,14.01379398488077,13.949115218461174,0.017743008740204402,0.12661102881451672,328521.031,322741.026,-7529.0,-2.2917863057601324,0,8536.249,8329.84007142857,8257.477233333333,8332.340522222223,1209.6506119180551,1303.1531621216309,35717.85142857157,36167.15766666687,3.375614130501816,34.36251918137077,3.937795277018598,8330.966
2018-07-09,8330.966,36294.14999999986,14.037361695156047,320899.031,299,137,450,137,0,9,28,7,3,2018,190,0,0.0,1.0,-0.4999999999999997,-0.8660254037844388,-0.12652781683868314,-0.9919630595773397,11027.780000000002,7539.079999999999,7506.808999999999,9932.265,7078.960999999999,43425.14000000017,33239.41000000013,42986.86000000044,14.031536993620975,13.955319579730748,0.0058247015350723075,0.04151150039885393,320992.031,319687.026,-93.0,-0.02897268187944516,0,8675.353,8420.581928571428,8367.224233333334,8377.614211111113,1446.148847509734,1393.1938757836692,36257.17142857154,36453.470000000205,46.27487704069998,11.029860761870562,4.356535604634548,8159.1320000000005
2018-07-10,8159.1320000000005,34662.62999999992,14.03019196160781,325757.031,293,137,449,137,1,10,28,7,3,2018,191,0,0.7818314824680298,0.6234898018587336,-0.4999999999999997,-0.8660254037844388,-0.1435724234118113,-0.9896398128792412,8330.966,7558.675,7027.090000000001,10271.122000000003,7021.974,36294.14999999986,32943.34000000023,43806.31000000046,14.037361695156047,13.9600021867484,-0.007169733548236579,-0.05107607614549592,320899.031,324846.226,4858.0,1.513871819700197,0,8788.47957142857,8479.450285714285,8313.8476,8391.52537777778,1371.4944198464755,1361.4796235978022,36693.56285714293,36230.37966666685,10.21728014499896,-18.88942610164695,4.2483232285002765,8131.004
2018-07-11,8131.004,34412.16999999997,14.010324583378809,326544.031,289,137,450,137,2,11,28,7,3,2018,192,0,0.9749279121818236,-0.22252093395631434,-0.4999999999999997,-0.8660254037844388,-0.16057454459499376,-0.9870237158387383,8159.1320000000005,7666.347999999998,7327.580000000001,7445.301,6721.936,34662.62999999992,31798.060000000067,35932.66000000021,14.03019196160781,13.966816096975121,-0.01986737822900153,-0.14160446473837696,325757.031,328225.226,787.0,0.24159110168216139,0,8874.259142857143,8560.310428571427,8243.447933333333,8404.160466666666,1298.5975640189229,1310.4290774882313,36939.175714285746,35925.5903333335,6.427884567723805,9.587671472248067,4.232216587275073,8191.439999999999
2018-07-12,8191.439999999999,35803.95999999994,13.986150709509104,328582.031,294,137,450,137,3,12,28,7,3,2018,193,0,0.43388373911755823,-0.900968867902419,-0.4999999999999997,-0.8660254037844388,-0.17752914918703497,-0.984115542601034,8131.004,7971.666,8038.834,7859.238,6898.612000000001,34412.16999999997,34358.23999999988,35406.95000000022,14.010324583378809,13.999364446144797,-0.02417387386970482,-0.17254328210485265,326544.031,329128.226,2038.0,0.6241118521624424,0,8940.638571428572,8617.697857142857,8266.3047,8419.816777777778,1236.9767633386211,1301.9804384906054,37312.62000000002,35874.907333333496,1.9988042650055802,3.457917930466028,4.370899377887154,8393.467999999999
2018-07-13,8393.467999999999,34581.11999999999,13.982976655808981,329321.031,290,137,449,137,4,13,28,7,3,2018,194,0,-0.433883739117558,-0.9009688679024191,-0.4999999999999997,-0.8660254037844388,-0.19443122004766195,-0.9809161537413774,8191.439999999999,8570.484,7633.619999999998,8602.351999999999,9408.047999999999,35803.95999999994,35663.91000000001,36944.63000000029,13.986150709509104,14.022506541648681,-0.003174053700123025,-0.02269426210290301,328582.031,329091.031,739.0,0.224905786159682,0,8972.034857142857,8628.598285714284,8277.3781,8434.181533333332,1210.7958571528686,1299.8098219458993,37519.15142857145,35888.14100000015,-4.42266737794507,-4.776740128746188,4.12000379342603,10789.536
2018-07-14,10789.536,44399.300000000214,14.019989716388807,328755.031,298,137,450,137,5,14,28,7,3,2018,195,1,-0.9749279121818236,-0.2225209339563146,-0.4999999999999997,-0.8660254037844388,-0.2112757555821793,-0.9774264960104055,8393.467999999999,10393.438,9572.690999999999,11565.361999999997,9733.064,34581.11999999999,42372.10000000028,53629.010000000526,13.982976655808981,14.01379398488077,0.03701306057982556,0.26470086799758147,329321.031,328521.031,-566.0,-0.17186876838120912,0,8946.746857142858,8682.873142857143,8270.4153,8422.908422222223,1222.373359691117,1298.567858825564,37364.46714285717,35809.35733333347,-19.24262212368998,-27.425808202112474,4.115033306344241,11047.944
2018-07-15,11047.944,46045.85000000048,14.047121154576509,322854.031,307,136,451,137,6,15,28,7,3,2018,196,1,-0.7818314824680299,0.6234898018587334,-0.4999999999999997,-0.8660254037844388,-0.2280577712215198,-0.9736476020539838,10789.536,11027.780000000002,10054.052,5686.005999999999,7940.418,44399.300000000214,43425.14000000017,25521.75000000021,14.019989716388807,14.031536993620975,0.027131438187701917,0.1935196725286207,328755.031,320992.031,-5901.0,-1.7949535196618787,0,9003.332285714287,8769.790642857142,8244.554433333333,8434.646999999999,1306.7595398554827,1236.9499174186,37654.06714285716,35501.700333333465,-2.160398557098549,89.75597282169595,4.167820727548988,9025.524000000001
2018-07-16,9025.524000000001,39868.9400000002,14.022365696319163,321972.031,295,137,451,137,0,16,29,7,3,2018,197,0,0.0,1.0,-0.4999999999999997,-0.8660254037844388,-0.24477230089725957,-0.9695805901076308,11047.944,8330.966,7539.079999999999,7486.907999999999,7012.550000000002,46045.85000000048,36294.14999999986,32329.0700000001,14.047121154576509,14.037361695156047,-0.024755458257345708,-0.17623154228495036,322854.031,320899.031,-882.0,-0.27318847383386086,0,9006.212857142857,8840.782928571429,8423.2857,8469.175066666667,1311.9777310416578,1241.8810100992578,38028.454285714346,36185.83700000014,32.613000701239194,47.56350685757058,4.417354604563701,8651.135999999999
2018-07-17,8651.135999999999,35589.46999999996,13.966896850777779,323014.031,290,137,450,137,1,17,29,7,3,2018,198,0,0.7818314824680298,0.6234898018587336,-0.4999999999999997,-0.8660254037844388,-0.2614143985111562,-0.965226663665613,9025.524000000001,8159.1320000000005,7558.675,9025.394,6718.009000000001,39868.9400000002,34662.62999999992,39892.13000000038,14.022365696319163,14.03019196160781,-0.05546884554138387,-0.39557409029736196,321972.031,325757.031,1042.0,0.3236305951059457,0,9105.435428571429,8946.9575,8474.572900000001,8491.541444444445,1278.2287335662438,1233.6204261765981,38539.13857142867,36437.166000000136,10.618678555513021,0.001440380331329786,4.113849325683929,8393.735999999999
2018-07-18,8393.735999999999,35266.210000000036,14.121240058432019,324545.031,299,137,451,137,2,18,29,7,3,2018,199,0,0.9749279121818236,-0.22252093395631434,-0.4999999999999997,-0.8660254037844388,-0.2779791393987801,-0.9605871111248129,8651.135999999999,8131.004,7666.347999999998,7315.510000000001,8406.996,35589.46999999996,34412.16999999997,31777.23000000011,13.966896850777779,14.010324583378809,0.15434320765423948,1.105064419843872,323014.031,326544.031,1531.0,0.4739732188289988,0,9175.721714285713,9024.990428571427,8462.097633333333,8513.020633333334,1230.1442212225845,1229.744338389756,38671.54428571439,36293.74400000013,6.39689760329719,18.257455734460034,4.201491445525573,7938.4
2018-07-19,7938.4,34599.71000000018,13.865746603885931,326137.574,295,137,451,137,3,19,29,7,3,2018,200,0,0.43388373911755823,-0.900968867902419,-0.4999999999999997,-0.8660254037844388,-0.2944616217868012,-0.9556633054034704,8393.735999999999,8191.439999999999,7971.666,7026.554000000001,8065.6140000000005,35266.210000000036,35803.95999999994,32051.730000000098,14.121240058432019,13.986150709509104,-0.2554934545460874,-1.8092848325563886,324545.031,328582.031,1592.5430000000051,0.4907001641938573,0,9213.254857142856,9076.946714285714,8498.038499999999,8512.8733,1196.5042294924099,1210.6869057850877,38793.55000000012,36410.04333333346,2.469602414227539,19.457361318222244,4.358524387785975,8233.707999999999
2018-07-20,8233.707999999999,34028.5300000001,13.841032764689976,327781.574,291,137,451,137,4,20,29,7,3,2018,201,0,-0.433883739117558,-0.9009688679024191,-0.4999999999999997,-0.8660254037844388,-0.3108569682435036,-0.9504567035349151,7938.4,8393.467999999999,8570.484,7179.028,10349.328,34599.71000000018,34581.11999999999,31272.660000000054,13.865746603885931,13.982976655808981,-0.0247138391959556,-0.17823662801561257,326137.574,329321.031,1644.0,0.5040817529353425,0,9177.106285714286,9074.57057142857,8528.433366666668,8511.459811111112,1235.7006445162947,1183.6141891024677,38621.51428571444,36494.97600000013,-5.421692201602476,10.577643658723707,4.13283176911303,10076.612000000001
2018-07-21,10076.612000000001,39766.77000000038,13.838761301499678,329384.63100000005,310,137,452,138,5,21,29,7,3,2018,202,1,-0.9749279121818236,-0.2225209339563146,-0.4999999999999997,-0.8660254037844388,-0.3271603271220951,-0.9449688462364056,8233.707999999999,10789.536,10393.438,7740.759999999998,10147.026000000002,34028.5300000001,44399.300000000214,46010.00000000034,13.841032764689976,14.019989716388807,-0.0022714631902971405,-0.01641108166503223,327781.574,328755.031,1603.0570000000298,0.4890625731146283,0,9154.283428571429,9050.515142857143,8563.589366666665,8487.952922222223,1253.927275944276,1157.5274448043606,38542.57285714302,36586.838333333464,-23.688025138430433,6.368211906841194,3.9464425146071296,10801.866
2018-07-22,10801.866,42266.31000000033,13.851580433248305,322505.63100000005,312,136,453,138,6,22,29,7,3,2018,203,1,-0.7818314824680299,0.6234898018587334,-0.4999999999999997,-0.8660254037844388,-0.34336687399638804,-0.939201357453208,10076.612000000001,11047.944,11027.780000000002,7146.398,8594.73,39766.77000000038,46045.85000000048,32484.310000000034,13.838761301499678,14.047121154576509,0.012819131748626589,0.09263207500542267,329384.63100000005,322854.031,-6879.0,-2.0884398823088985,0,9052.437142857143,9027.884714285714,8641.4511,8487.170544444443,1120.8651450297461,1178.639478902275,37880.78285714305,36378.730666666794,-8.791970705137523,41.002670156350106,3.912871165037627,8542.217999999999
2018-07-23,8542.217999999999,36574.33000000014,13.865927638737817,320173.63100000005,298,137,451,138,0,23,30,7,3,2018,204,0,0.0,1.0,-0.4999999999999997,-0.8660254037844388,-0.3594718130884232,-0.9331559438780432,10801.866,9025.524000000001,8330.966,9088.988000000001,6650.812,42266.31000000033,39868.9400000002,39085.11000000025,13.851580433248305,14.022365696319163,0.014347205489512405,0.10357811196096034,322505.63100000005,321972.031,-2332.0,-0.7230881497383838,0,9017.283142857143,9011.748,8763.300033333333,8511.694277777777,1049.4312049346318,1207.352953954713,37340.848571428745,36704.79733333348,19.68131711798671,18.84564046074215,4.281596419103346,7911.833
2018-07-24,7911.833,32224.720000000092,13.922296385017473,328950.63100000005,299,137,453,138,1,24,30,7,3,2018,205,0,0.7818314824680298,0.6234898018587336,-0.4999999999999997,-0.8660254037844388,-0.3754703786876202,-0.9268343944460494,8542.217999999999,8651.135999999999,8159.1320000000005,9757.394000000002,6445.486000000003,36574.33000000014,35589.46999999996,41918.07000000022,13.865927638737817,13.966896850777779,0.056368746279655824,0.40652704779863497,320173.63100000005,323014.031,8777.0,2.7413250655860533,0,8948.239428571427,9026.837428571429,8745.074366666666,8532.7099,1064.5879375137094,1206.3934977835725,36870.19000000016,36621.104666666804,-1.2590022859425591,-12.45389906362296,4.0729777789799275,8352.09
2018-07-25,8352.09,34355.54000000015,13.919289135641193,331737.62600000005,288,137,451,138,2,25,30,7,3,2018,206,0,0.9749279121818236,-0.22252093395631434,-0.4999999999999997,-0.8660254037844388,-0.3913578365610259,-0.9202385798054075,7911.833,8393.735999999999,8131.004,7506.808999999999,6454.824,32224.720000000092,35266.210000000036,31637.360000000095,13.922296385017473,14.121240058432019,-0.0030072493762798302,-0.021600239594928405,328950.63100000005,324545.031,2786.9949999999953,0.8472380768894148,0,8842.624714285714,9009.173214285714,8683.555666666665,8549.002644444445,1133.421914895909,1200.0306963737924,36389.51142857161,36297.99300000013,-5.741221787294709,5.3954216765072935,4.113406344998695,8372.470000000001
2018-07-26,8372.470000000001,34620.70000000007,13.919349080222059,326129.801,285,138,454,138,3,26,30,7,3,2018,207,0,0.43388373911755823,-0.900968867902419,-0.4999999999999997,-0.8660254037844388,-0.4071294853542516,-0.9133704517637858,8352.09,7938.4,8191.439999999999,7027.090000000001,7108.620000000001,34355.54000000015,34599.71000000018,28294.750000000065,13.919289135641193,13.865746603885931,5.9944580865334274e-05,0.0004306583495836903,331737.62600000005,326137.574,-5607.82500000007,-1.6904398417561681,0,8836.675285714286,9024.96507142857,8711.7317,8570.083377777777,1136.2765861357473,1181.224621693846,36259.41571428591,36388.59900000014,5.2112516376096005,18.85560025558231,4.135064085031068,8426.422
2018-07-27,8426.422,36993.880000000274,13.915176650466888,325810.406,305,138,452,138,4,27,30,7,3,2018,208,0,-0.433883739117558,-0.9009688679024191,-0.4999999999999997,-0.8660254037844388,-0.4227806579826773,-0.9062320427107697,8372.470000000001,8233.707999999999,8393.467999999999,7327.580000000001,8831.336,34620.70000000007,34028.5300000001,32842.62000000015,13.919349080222059,13.841032764689976,-0.004172429755170626,-0.0299757533999863,326129.801,327781.574,-319.3949999999604,-0.09793493235534168,0,8898.685285714286,9037.895785714285,8756.5777,8584.126155555556,1089.986105329013,1139.876014615947,36262.41428571447,36599.46400000013,1.6852917300443793,14.259687372911658,4.390223988307287,10347.046999999999
2018-07-28,10347.046999999999,40995.12000000032,13.97389953589953,325231.971,314,138,453,138,5,28,30,7,3,2018,209,1,-0.9749279121818236,-0.2225209339563146,-0.4999999999999997,-0.8660254037844388,-0.4383067230125192,-0.898825465016444,8426.422,10076.612000000001,10789.536,8038.834,9358.330000000002,36993.880000000274,39766.77000000038,32672.730000000105,13.915176650466888,13.838761301499678,0.05872288543264226,0.42200603634213985,325810.406,329384.63100000005,-578.4349999999977,-0.17753730063489673,0,8926.215857142857,9040.249642857143,8793.205766666668,8579.627111111111,1072.6874780069368,1109.6274993766021,36686.03571428592,36737.83933333347,-16.37643684206557,4.821445498190418,3.9620115768296333,10609.335999999998
2018-07-29,10609.335999999998,42229.640000000385,13.92865049445446,319932.89100000006,302,137,453,138,6,29,30,7,3,2018,210,1,-0.7818314824680299,0.6234898018587334,-0.4999999999999997,-0.8660254037844388,-0.45370308603134424,-0.8911529104063088,10347.046999999999,10801.866,11047.944,7633.619999999998,7319.234,40995.12000000032,42266.31000000033,35215.170000000275,13.97389953589953,13.851580433248305,-0.04524904144506969,-0.32381112608419016,325231.971,322505.63100000005,-5299.079999999958,-1.6293232131228446,0,8964.849428571428,9008.643285714285,8870.1462,8590.612855555555,1124.6371662274128,1135.2452771800367,36861.51428571449,37015.25233333348,-4.210559545915505,35.545743696961615,3.9804225259715023,8467.782
2018-07-30,8467.782,35925.06000000027,13.945288988813346,318061.89100000006,291,138,453,138,0,30,31,7,3,2018,211,0,0.0,1.0,-0.4999999999999997,-0.8660254037844388,-0.46896519100763184,-0.8832166493127127,10609.335999999998,8542.217999999999,9025.524000000001,9572.690999999999,7914.734000000001,42229.640000000385,36574.33000000014,38442.89000000036,13.92865049445446,13.865927638737817,0.01663849435888487,0.11945517884528228,319932.89100000006,320173.63100000005,-1871.0,-0.5848101438248184,0,8937.345142857142,8977.314142857142,8969.336733333334,8627.169544444445,1073.4107115279223,1153.3354119529654,36856.27571428592,37249.06800000015,24.198843906816695,10.829191081170372,4.242558440923522,8015.546
2018-07-31,8015.546,33350.30000000013,13.97088409614749,317393.99100000004,284,138,452,138,1,31,31,7,3,2018,212,0,0.7818314824680298,0.6234898018587336,-0.4999999999999997,-0.8660254037844388,-0.48408852163897587,-0.8750190302029955,8467.782,7911.833,8651.135999999999,10054.052,7478.660000000002,35925.06000000027,32224.720000000092,39649.900000000365,13.945288988813346,13.922296385017473,0.025595107334144274,0.18353945446864672,318061.89100000006,328950.63100000005,-667.9000000000233,-0.20999057695976006,0,8926.711428571429,8937.475428571428,8932.506433333332,8633.314522222221,1078.334818805376,1151.0433235945836,36763.522857143085,37165.14033333348,7.026804028851464,-15.777419890010519,4.160702215419901,8196.71
2018-08-01,8196.71,34739.09000000014,13.958791449712182,319741.95999999996,294,138,452,139,2,1,31,8,3,2018,213,0,0.9749279121818236,-0.22252093395631434,-0.8660254037844385,-0.5000000000000004,-0.4990686026885319,-0.8665624788845385,8015.546,8352.09,8393.735999999999,7539.079999999999,7523.548000000001,33350.30000000013,34355.54000000015,33239.41000000013,13.97088409614749,13.919289135641193,-0.012092646435307941,-0.08655605724080498,317393.99100000004,331737.62600000005,2347.9689999999246,0.7397647928375318,0,8941.52757142857,8892.076142857144,8864.556233333333,8639.279922222222,1062.665161712768,1142.6912627764927,36924.32000000023,36955.1536666668,-4.029458494819858,6.319948853175737,4.238174828681282,7988.703
2018-08-02,7988.703,33917.35000000016,14.070133413857413,324186.825,310,138,454,139,3,2,31,8,3,2018,214,0,0.43388373911755823,-0.900968867902419,-0.8660254037844385,-0.5000000000000004,-0.5139010013093103,-0.8578494977869301,8196.71,8372.470000000001,7938.4,7558.675,7737.004000000001,34739.09000000014,34620.70000000007,32943.34000000023,13.958791449712182,13.919349080222059,0.11134196414523068,0.7976475939650667,319741.95999999996,326129.801,4444.865000000049,1.3901412876808692,0,8919.330428571428,8878.002857142857,8886.477233333333,8646.7595,1078.5338078110283,1122.516750167051,36979.11285714309,37005.14300000014,-2.099261030496401,8.441095826980243,4.245664158499841,8429.252
2018-08-03,8429.252,35303.45000000019,14.03456261661717,326777.725,288,138,455,139,4,3,31,8,3,2018,215,0,-0.433883739117558,-0.9009688679024191,-0.8660254037844385,-0.5000000000000004,-0.5285813283559292,-0.8488826652214553,7988.703,8426.422,8233.707999999999,7666.347999999998,10029.768,33917.35000000016,36993.880000000274,31798.060000000067,14.070133413857413,13.915176650466888,-0.0355707972402417,-0.2528106606665768,324186.825,325810.406,2590.899999999965,0.7991996590237636,0,8864.50657142857,8881.595928571429,8900.8115,8649.556155555556,1119.9242937832992,1107.6232311751644,36878.63428571453,37037.61000000014,-5.194600982481059,4.204805208425215,4.1882067353070225,11004.224999999997
2018-08-04,11004.224999999997,46208.230000000374,14.013544269121098,325642.89,307,138,455,139,5,4,31,8,3,2018,216,1,-0.9749279121818236,-0.2225209339563146,-0.8660254037844385,-0.5000000000000004,-0.5431052396834317,-0.8396646346181327,8429.252,10347.046999999999,10076.612000000001,7971.666,11058.795,35303.45000000019,40995.12000000032,34358.23999999988,14.03456261661717,13.97389953589953,-0.021018347496072565,-0.14976132901488834,326777.725,325231.971,-1134.8349999999627,-0.34728040290994827,0,8864.910857142857,8895.563357142857,8926.241633333333,8631.772644444443,1119.74028602866,1086.8669766604517,36637.14428571452,37154.45633333348,-18.534708501855633,5.740155194660693,4.199135332111111,10941.078000000001
2018-08-05,10941.078000000001,43884.20000000026,14.014175098988057,319630.82,310,137,454,139,6,5,31,8,3,2018,217,1,-0.7818314824680299,0.6234898018587334,-0.8660254037844385,-0.5000000000000004,-0.5574684374327892,-0.8301981337405212,11004.224999999997,10609.335999999998,10801.866,8570.484,7752.873999999999,46208.230000000374,42229.640000000385,35663.91000000001,14.013544269121098,13.92865049445446,0.0006308298669583934,0.004501572584663179,325642.89,319932.89100000006,-6012.070000000007,-1.8462156505244156,0,8958.793428571427,8961.821428571428,9027.326933333334,8631.16631111111,1280.6996619213094,1134.9824245912926,37381.87428571452,37549.45600000016,3.722089676488701,28.396774324530522,4.010957603994803,8705.416000000001
2018-08-06,8705.416000000001,38098.230000000214,13.95464742882352,318198.82,296,138,455,139,0,6,32,8,3,2018,218,0,0.0,1.0,-0.8660254037844385,-0.5000000000000004,-0.5716666713027052,-0.8204859638785327,10941.078000000001,8467.782,8542.217999999999,10393.438,7241.321999999999,43884.20000000026,35925.06000000027,42372.10000000028,14.014175098988057,13.945288988813346,-0.05952767016453642,-0.42476756387063286,319630.82,318061.89100000006,-1432.0,-0.44801687146439756,0,9006.185142857143,8971.765142857143,9106.346733333334,8666.590799999998,1355.8877328290191,1183.562445877767,37618.24000000022,37823.46566666684,29.2083098029685,5.269093826316193,4.376382472704373,9034.69
2018-08-07,9034.69,37307.26000000038,13.955358248562437,317383.525,296,138,455,139,1,7,32,8,3,2018,219,0,0.7818314824680298,0.6234898018587336,-0.8660254037844385,-0.5000000000000004,-0.5856957398073508,-0.8105309990194823,8705.416000000001,8015.546,7911.833,11027.780000000002,7268.946000000001,38098.230000000214,33350.30000000013,43425.14000000017,13.95464742882352,13.97088409614749,0.0007108197389165127,0.00509378500991938,318198.82,317393.99100000004,-815.2949999999837,-0.256221880395403,0,9040.132857142857,8983.422142857142,9050.079333333333,8682.858511111112,1343.0752191728573,1160.1566890398235,37928.69285714307,37681.0033333335,8.606650127140444,-21.059215907462796,4.129334819457046,8323.703
2018-08-08,8323.703,35905.580000000045,13.935721792035238,319385.749,301,138,456,139,2,8,32,8,3,2018,220,0,0.9749279121818236,-0.22252093395631434,-0.8660254037844385,-0.5000000000000004,-0.5995514915196489,-0.8003361849976323,9034.69,8196.71,8352.09,8330.966,7690.995999999999,37307.26000000038,34739.09000000014,36294.14999999986,13.955358248562437,13.958791449712182,-0.019636456527198476,-0.14070908232844012,317383.525,319741.95999999996,2002.2239999999874,0.6308531610139458,0,9185.724857142857,9063.626214285714,8983.643,8702.477888888889,1266.5555948946298,1098.4231026972868,38493.972857143104,37477.07400000017,10.223370108250768,8.447087648659233,4.313654631838744,7942.575000000001
2018-08-09,7942.575000000001,32678.28000000019,13.974864401151066,320299.119,290,138,455,139,3,9,32,8,3,2018,221,0,0.43388373911755823,-0.900968867902419,-0.8660254037844385,-0.5000000000000004,-0.6132298262997502,-0.7899045386224707,8323.703,7988.703,8372.470000000001,8159.1320000000005,8099.669999999999,35905.580000000045,33917.35000000016,34662.62999999992,13.935721792035238,14.070133413857413,0.03914260911582801,0.2808796680929681,319385.749,324186.825,913.3699999999953,0.2859770678121256,0,9203.866714285714,9061.59857142857,8983.4009,8709.507966666666,1250.8401080495134,1098.572707912464,38660.614285714524,37464.12166666684,4.1934216355270575,2.017016025724293,4.114318089536478,8061.13
2018-08-10,8061.13,33742.29000000018,14.000356905710374,321341.029,292,138,457,139,4,10,32,8,3,2018,222,0,-0.433883739117558,-0.9009688679024191,-0.8660254037844385,-0.5000000000000004,-0.6267266965083301,-0.7792391467859886,7942.575000000001,8429.252,8426.422,8131.004,10794.911999999998,32678.28000000019,35303.45000000019,34412.16999999997,13.974864401151066,14.03456261661717,0.02549250455930796,0.182416829441352,320299.119,326777.725,1041.9099999999744,0.32529280856372705,0,9197.277,9030.891785714286,8976.182333333332,8707.762466666667,1258.4074473383994,1104.869066138695,38483.60428571453,37397.97666666685,-5.773667699103072,-2.317413692085248,4.1858014943314625,12119.690999999999
2018-08-11,12119.690999999999,55218.10000000051,14.015890048021094,319757.364,310,138,457,139,5,11,32,8,3,2018,223,1,-0.9749279121818236,-0.2225209339563146,-0.8660254037844385,-0.5000000000000004,-0.6400381082043503,-0.7683431655492202,8061.13,11004.224999999997,10347.046999999999,8191.439999999999,11586.024,33742.29000000018,46208.230000000374,35803.95999999994,14.000356905710374,14.013544269121098,0.015533142310719228,0.11094818807357454,321341.029,325642.89,-1583.664999999979,-0.49283000210968364,0,9144.688142857143,9004.7995,8973.853200000001,8677.387111111111,1302.762725314637,1106.7841822725952,38260.58142857167,37375.64733333352,-26.74513652710661,-1.59080698875898,4.556065001987304,11833.710000000001
2018-08-12,11833.710000000001,50425.04000000032,14.021307098850977,313627.534,305,137,457,139,6,12,32,8,3,2018,224,1,-0.7818314824680299,0.6234898018587334,-0.8660254037844385,-0.5000000000000004,-0.65316012232693,-0.7572198192083127,12119.690999999999,10941.078000000001,10609.335999999998,8393.467999999999,8804.3,55218.10000000051,43884.20000000026,34581.11999999999,14.015890048021094,14.014175098988057,0.005417050829883863,0.03864935306515691,319757.364,319630.82,-6129.830000000016,-1.9170254355737109,0,9304.040428571428,9131.416928571429,9104.7949,8683.316744444444,1601.986107462349,1235.8707490469126,39547.70571428597,38022.785333333544,10.772366306135442,44.39431948748718,4.261135349776217,8967.889
2018-08-13,8967.889,42445.68000000029,14.00243458412192,313587.159,304,138,458,139,0,13,33,8,3,2018,225,0,0.0,1.0,-0.8660254037844385,-0.5000000000000004,-0.666088855860977,-0.7458723993404063,11833.710000000001,8705.416000000001,8467.782,10789.536,10141.953,50425.04000000032,38098.230000000214,44399.300000000214,14.021307098850977,13.95464742882352,-0.0188725147290576,-0.13459882588695438,313627.534,318198.82,-40.375,-0.012873550827970353,0,9431.559285714286,9218.872214285713,9219.469633333332,8716.976855555557,1779.6846934624848,1324.0533582921346,40482.1114285717,38550.91600000022,35.935031708995865,9.67765434954757,4.733073747902131,7866.729
2018-08-14,7866.729,31925.880000000096,14.025399019170754,317671.659,283,138,459,139,1,14,33,8,3,2018,226,0,0.7818314824680298,0.6234898018587336,-0.8660254037844385,-0.5000000000000004,-0.6788204829862355,-0.734304263829602,8967.889,9034.69,8015.546,11047.944,8968.869999999999,42445.68000000029,37307.26000000038,46045.85000000048,14.00243458412192,13.955358248562437,0.022964435048834275,0.16400315895690618,313587.159,317383.525,4084.5,1.3025086910526207,0,9469.05542857143,9254.594142857142,9158.748066666665,8703.9317,1764.5362934885682,1290.9228553049606,41103.17571428599,38485.79533333355,-0.7393834210139063,-18.827530262644345,4.058342419066437,7858.195000000001
2018-08-15,7858.195000000001,31915.600000000155,14.129752070709886,323513.684,287,138,457,139,2,15,33,8,3,2018,227,0,0.9749279121818236,-0.22252093395631434,-0.8660254037844385,-0.5000000000000004,-0.6913512362094071,-0.722518835873311,7866.729,8323.703,8196.71,9025.524000000001,8218.887999999999,31925.880000000096,35905.580000000045,39868.9400000002,14.025399019170754,13.935721792035238,0.10435305153913177,0.7440291103054949,317671.659,319385.749,5842.025000000023,1.8390135961105751,0,9302.203857142857,9243.964357142857,9052.707566666668,8691.685688888889,1864.8248584506696,1260.6906576871788,40334.40714285738,38015.12966666688,-5.490032501159631,-12.839088345452307,4.061441590594297,8263.853
2018-08-16,8263.853,35397.71000000018,14.204096631695293,327503.689,297,139,457,139,3,16,33,8,3,2018,228,0,0.43388373911755823,-0.900968867902419,-0.8660254037844385,-0.5000000000000004,-0.7036774074790128,-0.7105196029692745,7858.195000000001,7942.575000000001,7988.703,8651.135999999999,7980.126,31915.600000000155,32678.28000000019,35589.46999999996,14.129752070709886,13.974864401151066,0.07434456098540743,0.5261561605140912,323513.684,320299.119,3990.0050000000047,1.2333342289162659,0,9235.702714285713,9219.784714285715,9013.7966,8687.677988888889,1913.207226720005,1279.4339605497432,39764.41000000025,37750.018333333544,-1.06237586676865,-9.165744244455274,4.283438972111457,8726.597
2018-08-17,8726.597,37798.87000000013,14.238079579994533,329625.774,296,139,459,139,4,17,33,8,3,2018,229,0,-0.433883739117558,-0.9009688679024191,-0.8660254037844385,-0.5000000000000004,-0.7157953492826642,-0.6983101158835584,8263.853,8061.13,8429.252,8393.735999999999,10794.500999999998,35397.71000000018,33742.29000000018,35266.210000000036,14.204096631695293,14.000356905710374,0.03398294829923998,0.23924751556117815,327503.689,321341.029,2122.0849999999627,0.647957586822774,0,9281.599571428571,9239.438285714286,9000.887166666666,8690.83051111111,1880.5911431194631,1285.1603899789025,40152.900000000256,37743.62633333355,2.5148211230931525,-1.5473800939176527,4.331455892829718,11601.493
2018-08-18,11601.493,49763.150000000394,14.309661382091363,330931.00899999996,305,139,458,139,5,18,33,8,3,2018,230,1,-0.9749279121818236,-0.2225209339563146,-0.8660254037844385,-0.5000000000000004,-0.7277014757264236,-0.6858939875998223,8726.597,12119.690999999999,11004.224999999997,7938.4,10998.525000000001,37798.87000000013,55218.10000000051,34599.71000000018,14.238079579994533,14.015890048021094,0.07158180209682996,0.5027489957101184,329625.774,319757.364,1305.234999999986,0.39597480019872056,0,9376.666285714284,9260.677214285713,9011.982533333334,8667.8538,1824.5984217460905,1281.168498873295,40732.41142857167,37828.04833333355,-27.996538855652336,9.928915146629045,4.2893746520383536,12261.296000000002
2018-08-19,12261.296000000002,49602.92000000053,14.294574149961276,325575.81,318,138,458,139,6,19,33,8,3,2018,231,1,-0.7818314824680299,0.6234898018587334,-0.8660254037844385,-0.5000000000000004,-0.7393922635959241,-0.673274892250183,11601.493,11833.710000000001,10941.078000000001,8233.707999999999,7517.683,49763.150000000394,50425.04000000032,34028.5300000001,14.309661382091363,14.021307098850977,-0.015087232130087003,-0.10543388642982687,330931.00899999996,313627.534,-5355.198999999964,-1.618222183585088,0,9302.638,9303.339214285716,9134.085633333332,8674.553444444446,1701.0910430096776,1348.128958106341,39953.132857143086,38333.496333333555,-1.9623347200497607,40.90240994701296,4.045487524320473,11562.574000000004
2018-08-20,11562.574000000004,51962.03000000038,14.28984325671564,319350.0,328,139,458,139,0,20,34,8,3,2018,232,0,0.0,1.0,-0.8660254037844385,-0.5000000000000004,-0.7508642533989489,-0.6604565640279754,12261.296000000002,8967.889,8705.416000000001,10076.612000000001,7208.220000000001,49602.92000000053,42445.68000000029,39766.77000000038,14.294574149961276,14.00243458412192,-0.004730893245636025,-0.033095727064026186,325575.81,313587.159,-6225.809999999998,-1.9122458760065735,0,9363.721714285713,9397.6405,9268.338566666667,8727.260255555555,1811.2370344771723,1451.920823270928,39835.6871428574,38852.64266666691,36.72443983193819,21.68073951840163,4.493984643903715,5749.267000000001
2018-08-21,5749.267000000001,23577.830000000115,14.305188510875585,314629.315,265,112,457,139,1,21,34,8,3,2018,233,0,0.7818314824680298,0.6234898018587336,-0.8660254037844385,-0.5000000000000004,-0.7621140503891487,-0.6474427960827475,11562.574000000004,7866.729,9034.69,10801.866,8012.379999999999,51962.03000000038,31925.880000000096,42266.31000000033,14.28984325671564,14.025399019170754,0.015345254159944588,0.10738574163668975,319350.0,317671.659,-4720.684999999998,-1.4782166901518703,0,9734.391000000001,9601.723214285714,9317.870633333334,8775.641966666666,1974.840726550651,1504.8285014678095,41195.165714285984,39259.15133333358,46.98070824608301,7.042375826547044,4.101014964168495,8447.906
2018-08-22,8447.906,34799.01000000003,14.319149458644906,308775.41000000003,299,127,457,139,2,22,34,8,3,2018,234,0,0.9749279121818236,-0.22252093395631434,-0.8660254037844385,-0.5000000000000004,-0.7731383255706026,-0.6342374393978054,5749.267000000001,7858.195000000001,8323.703,8542.217999999999,7303.134,23577.830000000115,31915.600000000155,36574.33000000014,14.305188510875585,14.129752070709886,0.013960947769321663,0.09759359520993233,314629.315,323513.684,-5853.90499999997,-1.8605720194890196,0,9431.89642857143,9367.050142857144,9149.450666666668,8750.496266666667,2420.485714355154,1611.9434279717427,40002.58714285742,38636.20200000024,-26.837308058657232,-32.69585252916747,4.119246828740759,8264.144
2018-08-23,8264.144,34821.39000000013,14.321908755451158,304063.33999999997,290,137,458,139,3,23,34,8,3,2018,235,0,0.43388373911755823,-0.900968867902419,-0.8660254037844385,-0.5000000000000004,-0.7839338166829201,-0.620844401650647,8447.906,8263.853,7942.575000000001,7911.833,7569.576000000002,34799.01000000003,35397.71000000018,32224.720000000092,14.319149458644906,14.204096631695293,0.0027592968062517542,0.019269976992843545,308775.41000000003,327503.689,-4712.070000000065,-1.526050924845364,0,9516.140857142858,9375.921785714288,9146.306933333333,8763.215955555555,2366.23919865115,1613.259965267807,40414.50285714312,38577.0246666669,2.227205638822493,6.775585379519527,4.213550731933051,8624.946
2018-08-24,8624.946,35250.330000000155,14.330858854487396,302253.89,298,138,457,139,4,24,34,8,3,2018,236,0,-0.433883739117558,-0.9009688679024191,-0.8660254037844385,-0.5000000000000004,-0.7944973291665992,-0.6072676460566135,8264.144,8726.597,8061.13,8352.09,13678.967000000002,34821.39000000013,37798.87000000013,34355.54000000015,14.321908755451158,14.238079579994533,0.008950099036237447,0.06249236180080319,304063.33999999997,329625.774,-1809.4499999999534,-0.5950898256922238,0,9516.182428571428,9398.891,9158.050633333334,8770.933377777777,2366.213533349934,1605.2260756528303,40332.17142857168,38663.58033333357,-5.299350938286706,-1.0529819482309208,4.0870203709101665,9593.687999999998
2018-08-25,9593.687999999998,39711.90000000031,14.317659538737091,303141.62,292,139,456,139,5,25,34,8,3,2018,237,1,-0.9749279121818236,-0.2225209339563146,-0.8660254037844385,-0.5000000000000004,-0.8048257371083452,-0.593511190196115,8624.946,11601.493,12119.690999999999,8372.470000000001,13821.536000000002,35250.330000000155,49763.150000000394,34620.70000000007,14.330858854487396,14.309661382091363,-0.013199315750304308,-0.092104150102429,302253.89,330931.00899999996,887.7299999999814,0.293703416025508,0,9501.660857142857,9439.163571428571,9167.145833333334,8714.777588888888,2372.171298016279,1601.2701660139612,39968.09428571454,38693.406666666895,-25.656585751506295,3.0155497720505267,4.139377890963341,9496.104
2018-08-26,9496.104,38918.85000000016,14.280263571990517,297865.435,306,138,458,139,6,26,34,8,3,2018,238,1,-0.7818314824680299,0.6234898018587334,-0.8660254037844385,-0.5000000000000004,-0.8149159841660791,-0.5795791048257612,9593.687999999998,12261.296000000002,11833.710000000001,8426.422,7301.0419999999995,39711.90000000031,49602.92000000053,36993.880000000274,14.317659538737091,14.294574149961276,-0.037395966746574416,-0.26118770770737976,303141.62,325575.81,-5276.184999999998,-1.74050168366851,0,9214.831571428573,9258.734785714287,9207.853100000002,8667.8015,2190.375032410212,1595.8851644528631,38532.201428571665,38863.11333333358,-21.756329836585,13.85245125392483,4.098401828792119,8145.768
2018-08-27,8145.768,34804.93000000008,14.35854330485937,298197.56,299,139,458,139,0,27,35,8,3,2018,239,0,0.0,1.0,-0.8660254037844385,-0.5000000000000004,-0.8247650844733614,-0.5654755126737576,9496.104,11562.574000000004,8967.889,10347.046999999999,7125.7,38918.85000000016,51962.03000000038,40995.12000000032,14.280263571990517,14.28984325671564,0.07827973286885381,0.5481672832873522,297865.435,319350.0,332.125,0.11150169203083264,0,8819.804142857143,9091.76292857143,9243.509166666667,8692.191077777778,1755.57676538193,1589.7619389132685,37005.9057142859,38927.279000000235,-17.87205859179802,-8.224017925114282,4.27276224905989,7661.663
2018-08-28,7661.663,32144.520000000175,14.440674342105229,302207.845,284,139,457,139,1,28,35,8,3,2018,240,0,0.7818314824680298,0.6234898018587336,-0.8660254037844385,-0.5000000000000004,-0.8343701235229538,-0.5512045872199277,8145.768,5749.267000000001,7866.729,10609.335999999998,8854.729,34804.93000000008,23577.830000000115,42229.640000000385,14.35854330485937,14.305188510875585,0.08213103724585835,0.5720011807748122,298197.56,314629.315,4010.2849999999744,1.3448416546399555,0,8331.689,9033.039999999999,9170.1332,8703.525166666666,1275.1498054943909,1587.870690850178,34554.89142857157,38720.93933333356,41.68359201268612,-23.220755757004945,4.195501681554014,7422.347000000002
2018-08-29,7422.347000000002,32099.350000000082,14.481400056866743,302207.845,289,139,456,139,2,29,35,8,3,2018,241,0,0.9749279121818236,-0.22252093395631434,-0.8660254037844385,-0.5000000000000004,-0.8437282590292712,-0.5367705514607103,7661.663,8447.906,7858.195000000001,8467.782,6977.517,32144.520000000175,34799.01000000003,35925.06000000027,14.440674342105229,14.319149458644906,0.0407257147615141,0.28202086548526734,302207.845,308775.41000000003,0.0,0.0,0,8604.888428571428,9018.39242857143,9071.877433333333,8690.268877777778,708.708698844134,1586.9426077581866,35778.70428571444,38384.76866666689,-9.306957250708061,-9.519836481383198,4.324690020555503,8137.534
2018-08-30,8137.534,35762.17000000016,14.456213970837673,307286.88,289,139,457,139,3,30,35,8,3,2018,242,0,0.43388373911755823,-0.900968867902419,-0.8660254037844385,-0.5000000000000004,-0.8528367217694595,-0.522177676659508,7422.347000000002,8264.144,8263.853,8015.546,7430.182000000001,32099.350000000082,34821.39000000013,33350.30000000013,14.481400056866743,14.321908755451158,-0.0251860860290698,-0.17392024203576326,302207.845,304063.33999999997,5079.035000000033,1.680643002500492,0,8458.38,8987.26042857143,9037.029600000002,8695.211433333334,840.3487201567302,1611.946847999713,35393.038571428726,38257.24500000021,-10.186136640407025,-7.400606271862187,4.394718350792778,7500.462000000001
2018-08-31,7500.462000000001,31725.42000000011,14.436418255669729,310555.89,282,139,459,139,4,31,35,8,3,2018,243,0,-0.433883739117558,-0.9009688679024191,-0.8660254037844385,-0.5000000000000004,-0.8616928164028522,-0.5074302810827518,8137.534,8624.946,8726.597,8196.71,9821.429999999997,35762.17000000016,35250.330000000155,34739.09000000014,14.456213970837673,14.330858854487396,-0.01979571516794465,-0.13693568183120616,307286.88,302253.89,3269.0100000000093,1.0638299949545549,0,8440.292857142857,8978.237642857142,9041.095866666667,8703.070899999999,846.5656449912967,1609.4331207636792,35527.43571428588,38337.640666666884,-5.651189004545655,-0.7219481962885046,4.229795444600627,9352.77
2018-09-01,9352.77,39772.46000000032,14.545886506276613,307178.33,303,139,460,140,5,1,35,9,3,2018,244,1,-0.9749279121818236,-0.2225209339563146,-1.0,-1.8369701987210297e-16,-0.8702939222685674,-0.49253272872205434,7500.462000000001,9593.687999999998,11601.493,7988.703,10387.524999999998,31725.42000000011,39711.90000000031,33917.35000000016,14.436418255669729,14.317659538737091,0.10946825060688425,0.7582784640081478,310555.89,303141.62,-3377.5599999999977,-1.0875852330477447,0,8279.652285714286,8890.656571428572,9017.887599999998,8677.282366666668,909.9988875657782,1626.9537925126344,35023.8771428573,38237.18500000021,-21.81878335005263,-6.111642903735426,4.252479212040959,9827.514000000003
2018-09-02,9827.514000000003,42213.010000000155,14.5578464751963,302173.32,304,138,458,140,6,2,35,9,3,2018,245,1,-0.7818314824680299,0.6234898018587334,-1.0,-1.8369701987210297e-16,-0.8786374941610001,-0.4774894280028391,9352.77,9496.104,12261.296000000002,8429.252,7347.378999999999,39772.46000000032,38918.85000000016,35303.45000000019,14.545886506276613,14.280263571990517,0.011959968919686759,0.08222234454067809,307178.33,297865.435,-5005.010000000009,-1.629349960981951,0,8245.235428571428,8730.033500000001,9063.3565,8665.785088888888,854.906230933351,1616.224669653521,35032.52857142873,38432.35533333356,-1.5093979594157658,10.956108560996872,4.295390472097027,7608.876
2018-09-03,7608.876,35525.05000000011,14.560387426901087,299994.32,296,139,458,140,0,3,36,9,3,2018,246,0,0.0,1.0,-1.0,-1.8369701987210297e-16,-0.886721063082993,-0.46230483047981086,9827.514000000003,8145.768,11562.574000000004,11004.224999999997,7017.932999999999,42213.010000000155,34804.93000000008,46208.230000000374,14.5578464751963,14.35854330485937,0.0025409517047876307,0.01745417297205951,302173.32,298197.56,-2179.0,-0.7211093289109707,0,8292.579714285715,8556.191928571428,9109.965233333334,8693.342144444445,940.6053819232361,1617.468863936322,35503.12285714302,38662.67400000022,20.64564077935933,-10.693265541189808,4.668895905255929,7475.286000000001
2018-09-04,7475.286000000001,33299.73000000002,14.613282192636346,303033.32,287,139,460,140,1,4,36,9,3,2018,247,0,0.7818314824680298,0.6234898018587336,-1.0,-1.8369701987210297e-16,-0.8945422369764496,-0.4469834295196741,7608.876,7661.663,5749.267000000001,10941.078000000001,6588.171999999999,35525.05000000011,32144.520000000175,43884.20000000026,14.560387426901087,14.440674342105229,0.05289476573525853,0.36327855972796885,299994.32,302207.845,3039.0,1.0130191798298047,0,8215.880857142858,8273.78492857143,8996.786933333333,8699.908177777777,975.8030021205747,1599.0377412831622,35605.997142857304,38306.56800000021,-0.6889757484765299,-30.455883780373384,4.454642939413959,8574.173999999999
2018-09-05,8574.173999999999,44568.80999999989,14.806809118288967,305255.57,281,139,459,140,2,5,36,9,3,2018,248,0,0.9749279121818236,-0.22252093395631434,-1.0,-1.8369701987210297e-16,-0.9020987014301837,-0.43152975897147144,7475.286000000001,7422.347000000002,8447.906,8705.416000000001,6919.753000000001,33299.73000000002,32099.350000000082,38098.230000000214,14.613282192636346,14.481400056866743,0.19352692565262153,1.324322100274913,303033.32,302207.845,2222.25,0.7333351989147595,0,8189.255571428573,8397.072,8881.260533333332,8709.765000000001,995.7836078569821,1578.7930364756533,35771.02714285728,37953.752333333534,0.7132380094867484,-14.130628565022048,5.198029571128355,7709.970999999999
2018-09-06,7709.970999999999,36470.560000000034,14.839557925251553,307392.495,294,139,459,140,3,6,36,9,3,2018,249,0,0.43388373911755823,-0.900968867902419,-1.0,-1.8369701987210297e-16,-0.9093882203647925,-0.4159483918249421,8574.173999999999,8137.534,8264.144,9034.69,7735.37,44568.80999999989,35762.17000000016,37307.26000000038,14.806809118288967,14.456213970837673,0.03274880696258542,0.22117396598389985,305255.57,307286.88,2136.9249999999884,0.7000445561075227,0,8353.802285714288,8406.091142857143,8876.8858,8728.147455555556,941.6292665293626,1579.4787747752011,37552.378571428686,38169.43833333352,5.365753310523796,-5.097197579551721,4.730310918160398,7657.754000000001
2018-09-07,7657.754000000001,38539.33999999997,15.031924403934774,308795.425,286,140,460,140,4,7,36,9,3,2018,250,0,-0.433883739117558,-0.9009688679024191,-1.0,-1.8369701987210297e-16,-0.9164086366943458,-0.4002439388573056,7709.970999999999,7500.462000000001,8624.946,8323.703,9932.265,36470.560000000034,31725.42000000011,35905.580000000045,14.839557925251553,14.436418255669729,0.19236647868322088,1.296308688251978,307392.495,310555.89,1402.929999999993,0.45639695920357226,0,8292.721857142858,8366.507357142857,8832.7285,8727.865244444443,971.3929067139594,1593.371341977481,37653.57714285724,38141.54833333352,2.7932812672072367,-7.373304886058536,5.03272108244793,9460.303
2018-09-08,9460.303,43312.02000000013,15.090111128182135,311588.56,310,140,461,141,5,8,36,9,3,2018,251,1,-0.9749279121818236,-0.2225209339563146,-1.0,-1.8369701987210297e-16,-0.9231578729647039,-0.38442104726885545,7657.754000000001,9352.77,9593.687999999998,7942.575000000001,10271.122000000003,38539.33999999997,39772.46000000032,32678.28000000019,15.031924403934774,14.545886506276613,0.05818672424736171,0.3870876587972375,308795.425,307178.33,2793.1350000000093,0.9045260304617562,0,8315.192142857142,8297.422214285714,8810.530200000001,8702.5929,951.6301082413951,1605.3016683942526,38626.99428571436,38229.340333333515,-18.123144266351034,-3.5860032797927612,4.578290991313928,10524.848
2018-09-09,10524.848,48163.84999999991,15.124884390094147,307191.25,319,139,462,141,6,9,36,9,3,2018,252,1,-0.7818314824680299,0.6234898018587334,-1.0,-1.8369701987210297e-16,-0.9296339319682695,-0.3684843993077793,9460.303,9827.514000000003,9496.104,8061.13,7445.301,43312.02000000013,42213.010000000155,33742.29000000018,15.090111128182135,14.5578464751963,0.03477326191201158,0.23043741438768728,311588.56,302173.32,-4397.309999999998,-1.4112552784351255,0,8330.554,8287.894714285714,8861.121133333334,8693.5838,971.8246014926698,1600.9144492023215,39132.64571428576,38583.79833333351,-3.7365604363423226,17.35703307104587,4.5762038558656535,7937.944
2018-09-10,7937.944,36486.28999999984,15.117496527242473,304676.80000000005,309,140,461,141,0,10,37,9,3,2018,253,0,0.0,1.0,-1.0,-1.8369701987210297e-16,-0.9358348973349941,-0.35243871088460327,10524.848,7608.876,8145.768,12119.690999999999,7859.238,48163.84999999991,35525.05000000011,55218.10000000051,15.124884390094147,14.560387426901087,-0.007387862851674143,-0.048845747584773155,307191.25,299994.32,-2514.4499999999534,-0.818529173601121,0,8430.173142857142,8361.37642857143,8943.245066666666,8727.800988888888,1166.992390568535,1621.5207442499113,39982.76571428573,39064.51700000016,38.32329505698345,-13.159106119124647,4.596440841608335,10085.868999999999
2018-09-11,10085.868999999999,89227.01999999971,15.11563350624059,305521.14,295,140,460,141,1,11,37,9,3,2018,254,0,0.7818314824680298,0.6234898018587336,-1.0,-1.8369701987210297e-16,-0.9417589340994617,-0.33628873017668287,7937.944,7475.286000000001,7661.663,11833.710000000001,8602.351999999999,36486.28999999984,33299.73000000002,50425.04000000032,15.117496527242473,14.613282192636346,-0.0018630210018830695,-0.012323607936842016,304676.80000000005,303033.32,844.3399999999674,0.2771264500611688,0,8477.182857142856,8346.531857142858,8803.853500000001,8728.675500000001,1134.5717677771054,1515.3066993353646,40120.085714285684,38440.12333333348,6.189167879329291,-32.920918291896626,8.846735962959634,9041.802
2018-09-12,9041.802,72600.62999999947,15.17662270612974,307571.77,308,140,460,141,2,12,37,9,3,2018,255,0,0.9749279121818236,-0.22252093395631434,-1.0,-1.8369701987210297e-16,-0.9474042892438845,-0.32003923622313857,10085.868999999999,8574.173999999999,7422.347000000002,8967.889,11565.361999999997,89227.01999999971,44568.80999999989,42445.68000000029,15.11563350624059,14.806809118288967,0.06098919988914986,0.4034842460553841,305521.14,305255.57,2050.6300000000047,0.6711908707855713,0,8850.123285714286,8519.689428571428,8745.592133333334,8745.159022222222,1178.5584717815123,1425.7506084181914,48109.6985714285,39733.52266666679,17.63079452318089,12.4664790119503,8.029442582352441,7341.273
2018-09-13,7341.273,33089.79999999987,15.261064080254766,311251.875,284,140,459,141,3,13,37,9,3,2018,256,0,0.43388373911755823,-0.900968867902419,-1.0,-1.8369701987210297e-16,-0.9527692922168511,-0.30369503751065885,9041.802,7709.970999999999,8137.534,7866.729,5686.005999999999,72600.62999999947,36470.560000000034,31925.880000000096,15.17662270612974,14.839557925251553,0.08444137412502606,0.5563910743522716,307571.77,307392.495,3680.1049999999814,1.1965028520010081,0,8916.927285714284,8635.364785714284,8748.055900000001,8717.119466666667,1173.5525644213708,1426.2117825099454,52114.24428571416,40738.68766666677,17.274137607002686,14.937250285347305,4.507365411966,7522.434999999999
2018-09-14,7522.434999999999,34382.42999999987,15.273798600113428,312223.91000000003,305,140,462,141,4,14,37,9,3,2018,257,0,-0.433883739117558,-0.9009688679024191,-1.0,-1.8369701987210297e-16,-0.9578523554276669,-0.28726097055059635,7341.273,7657.754000000001,7500.462000000001,7858.195000000001,7486.907999999999,33089.79999999987,38539.33999999997,31915.600000000155,15.261064080254766,15.031924403934774,0.012734519858662807,0.08344450813976413,311251.875,308795.425,972.0350000000326,0.3122985202900489,0,8864.256142857143,8578.489,8730.540700000001,8735.511322222223,1242.9720388511873,1440.5628565284555,51631.278571428425,40777.48500000009,-4.132817533705061,-6.578126401800928,4.57065165734232,10225.889
2018-09-15,10225.889,45830.28999999982,15.366623977233328,314906.803,315,140,461,141,5,15,37,9,3,2018,258,1,-0.9749279121818236,-0.2225209339563146,-1.0,-1.8369701987210297e-16,-0.9626519747161487,-0.2707418984477642,7522.434999999999,9460.303,9352.77,8263.853,9025.394,34382.42999999987,43312.02000000013,35397.71000000018,15.273798600113428,15.090111128182135,0.09282537711989924,0.6077425763569377,312223.91000000003,311588.56,2682.892999999982,0.8592849279223944,0,8844.924857142856,8580.0585,8719.3487,8735.906066666666,1265.707812822748,1448.85440477471,51037.43428571412,40859.71266666675,-20.484206478376024,-8.971819803667861,4.481790287377442,11213.353999999998
2018-09-16,11213.353999999998,50083.25999999986,15.382070248777541,307751.483,312,139,461,141,6,16,37,9,3,2018,259,1,-0.7818314824680299,0.6234898018587334,-1.0,-1.8369701987210297e-16,-0.9671667297977312,-0.2541427094613622,10225.889,10524.848,9827.514000000003,8726.597,7315.510000000001,45830.28999999982,48163.84999999991,37798.87000000013,15.366623977233328,15.124884390094147,0.01544627154421363,0.10051831532481242,314906.803,307191.25,-7155.320000000007,-2.272202420472957,0,8954.294285714286,8642.424142857144,8784.749899999999,8749.244900000002,1357.4938677855273,1471.68752932065,51397.187142856936,41207.4653333334,-2.8405065802375553,17.18071775286517,4.466394265266206,8332.314999999999
2018-09-17,8332.314999999999,37447.97999999979,15.43337871989366,303156.168,302,138,461,139,0,17,38,9,3,2018,260,0,0.0,1.0,-1.0,-1.8369701987210297e-16,-0.97139528468375,-0.23746831555846842,11213.353999999998,7937.944,7608.876,11601.493,7026.554000000001,50083.25999999986,36486.28999999984,49763.150000000394,15.382070248777541,15.117496527242473,0.051308471116119136,0.33356024440336157,307751.483,304676.80000000005,-4595.315000000002,-1.4931902050330663,0,9052.652285714285,8741.412714285714,8867.641800000001,8792.554277777777,1506.9687763053728,1536.8874214145956,51671.38857142835,41616.945000000065,41.26269976205422,-3.3455952608858435,4.49430680429146,7818.634000000001
2018-09-18,7818.634000000001,35987.719999999805,15.421245621266118,308656.29099999997,296,138,462,139,1,18,38,9,3,2018,261,0,0.7818314824680298,0.6234898018587336,-1.0,-1.8369701987210297e-16,-0.9753363880767837,-0.2207236509605022,8332.314999999999,10085.868999999999,7475.286000000001,12261.296000000002,7179.028,37447.97999999979,89227.01999999971,49602.92000000053,15.43337871989366,15.11563350624059,-0.012133098627542083,-0.07861595861638833,303156.168,305521.14,5500.122999999963,1.8142870179042383,0,9108.991,8793.086928571427,8758.6692,8807.062733333334,1465.1406214885121,1449.7924585062199,51808.77285714263,41206.43933333338,-17.3862460438461,-32.04376600972689,4.602814251185028,7574.048000000001
2018-09-19,7574.048000000001,32580.56999999991,15.446004528613509,310636.211,290,139,461,139,2,19,38,9,3,2018,262,0,0.9749279121818236,-0.22252093395631434,-1.0,-1.8369701987210297e-16,-0.9789888737409319,-0.20391367068311472,7818.634000000001,9041.802,8574.173999999999,11562.574000000004,7740.759999999998,35987.719999999805,72600.62999999947,51962.03000000038,15.421245621266118,15.17662270612974,0.02475890734739039,0.16055063226051924,308656.29099999997,307571.77,1979.920000000042,0.6414643270627658,0,8785.100285714285,8817.611785714285,8610.580466666666,8814.169466666666,1463.7973699352322,1298.705064583318,44203.158571428365,40752.599333333346,-13.527922863163768,-32.379814390809535,4.301605957606805,8084.312000000001
2018-09-20,8084.312000000001,36413.36999999973,15.520917247744974,313389.427,293,138,462,138,3,20,38,9,3,2018,263,0,0.43388373911755823,-0.900968867902419,-1.0,-1.8369701987210297e-16,-0.9823516608469237,-0.18704334906991657,7574.048000000001,7341.273,7709.970999999999,5749.267000000001,7146.398,32580.56999999991,33089.79999999987,23577.830000000115,15.446004528613509,15.261064080254766,0.07491271913146491,0.484997391996682,310636.211,311251.875,2753.216000000015,0.88631521455173,0,8575.421142857142,8746.174214285715,8477.6296,8812.31711111111,1524.7519420847445,1185.287194117748,38486.00714285699,40106.55066666666,3.1707716086842233,31.739367818541037,4.504201470700256,7646.448999999999
2018-09-21,7646.448999999999,34652.97999999974,15.504055947633109,313538.757,288,138,465,138,4,21,38,9,3,2018,264,0,-0.433883739117558,-0.9009688679024191,-1.0,-1.8369701987210297e-16,-0.9854237542919524,-0.17011767832049052,8084.312000000001,7522.434999999999,7657.754000000001,8447.906,9088.988000000001,36413.36999999973,34382.42999999987,34799.01000000003,15.520917247744974,15.273798600113428,-0.016861300111864708,-0.10863597713153504,313389.427,312223.91000000003,149.3299999999581,0.04764998022730297,0,8681.56957142857,8772.912857142857,8555.464433333333,8822.738377777778,1448.4707475362927,1071.1137397770528,38960.80285714269,40534.40199999999,7.469350017647243,-4.303954139641232,4.531904940450103,9989.403000000002
2018-09-22,9989.403000000002,43547.64999999979,15.602889660100974,313602.18200000003,306,138,464,138,5,22,38,9,3,2018,265,1,-0.9749279121818236,-0.2225209339563146,-1.0,-1.8369701987210297e-16,-0.9882042449941422,-0.15314166701312007,7646.448999999999,10225.889,9460.303,8264.144,9757.394000000002,34652.97999999974,45830.28999999982,34821.39000000013,15.504055947633109,15.366623977233328,0.0988337124678651,0.6374700452687242,313538.757,314906.803,63.425000000046566,0.020228759151471206,0,8699.285857142857,8772.105357142857,8528.7492,8806.710166666668,1432.6019227305273,1083.8084796031617,38999.45285714267,40529.53433333331,-25.224603943970063,-7.4743978323708,4.359384639902883,10625.992999999999
2018-09-23,10625.992999999999,46953.569999999745,15.629869803681295,306767.601,303,137,464,138,6,23,38,9,3,2018,266,1,-0.7818314824680299,0.6234898018587334,-1.0,-1.8369701987210297e-16,-0.9906923101615609,-0.13612033862266704,9989.403000000002,11213.353999999998,10524.848,8624.946,7506.808999999999,43547.64999999979,50083.25999999986,35250.330000000155,15.602889660100974,15.382070248777541,0.02698014358032097,0.17291760800765907,313602.18200000003,307751.483,-6834.581000000006,-2.179379287609678,0,8665.502142857144,8809.898214285715,8586.257833333333,8809.288044444444,1392.8379497225096,1114.6185387013172,38673.36142857123,40820.40966666663,-10.915119597579777,15.819890350617872,4.418746558556904,7644.8640000000005
2018-09-24,7644.8640000000005,33574.259999999755,15.630194104590268,303701.19999999995,291,137,465,137,0,24,39,9,3,2018,267,0,0.0,1.0,-1.0,-1.8369701987210297e-16,-0.9928872135356962,-0.11905873003404988,10625.992999999999,8332.314999999999,7937.944,9593.687999999998,7027.090000000001,46953.569999999745,37447.97999999979,39711.90000000031,15.629869803681295,15.43337871989366,0.0003243009089732851,0.0020748791451666647,306767.601,303156.168,-3066.401000000071,-0.9995843726665485,0,8581.593428571428,8817.122857142856,8652.9594,8843.945644444444,1220.8382321029865,1175.2389327678502,38226.262857142654,41210.51766666662,27.52749986048295,10.760251948989799,4.391740650978193,7060.369
2018-09-25,7060.369,31687.929999999822,15.690442812064473,307471.542,282,137,465,137,1,25,39,9,3,2018,268,0,0.7818314824680298,0.6234898018587336,-1.0,-1.8369701987210297e-16,-0.994788305609327,-0.10196189005174576,7644.8640000000005,7818.634000000001,10085.868999999999,9496.104,7327.580000000001,33574.259999999755,35987.719999999805,38918.85000000016,15.630194104590268,15.421245621266118,0.06024870747420508,0.38546359098964267,303701.19999999995,308656.29099999997,3770.3420000000624,1.2414643076813865,0,8483.386142857144,8796.18857142857,8587.9986,8850.809799999999,1270.8583401527749,1175.3077189759663,37672.87428571407,41005.9296666666,-2.22251099105036,-19.494731734193298,4.488140775644987,7052.706
2018-09-26,7052.706,33230.45999999978,15.77370820826097,311606.498,292,137,465,137,2,26,39,9,3,2018,269,0,0.9749279121818236,-0.22252093395631434,-1.0,-1.8369701987210297e-16,-0.9963950238187231,-0.08483487790576538,7060.369,7574.048000000001,9041.802,8145.768,8038.834,31687.929999999822,32580.56999999991,34804.93000000008,15.690442812064473,15.446004528613509,0.08326539619649687,0.5306758846377084,307471.542,310636.211,4134.956000000006,1.3448255969002834,0,8375.062571428572,8580.081428571428,8506.807433333333,8847.840788888889,1365.7372812854621,1194.3882492030627,37058.618571428364,40764.898999999925,-6.782093274296663,-13.324698174561323,4.711731922470578,7548.872
2018-09-27,7548.872,34168.119999999704,15.783754920241279,313469.766,287,137,463,137,3,27,39,9,3,2018,270,0,0.43388373911755823,-0.900968867902419,-1.0,-1.8369701987210297e-16,-0.9977068927101168,-0.06768276175455162,7052.706,8084.312000000001,7341.273,7661.663,7633.619999999998,33230.45999999978,36413.36999999973,32144.520000000175,15.77370820826097,15.520917247744974,0.010046711980308487,0.06369277184325527,311606.498,313389.427,1863.2679999999818,0.5979554380152822,0,8300.585142857142,8438.003142857142,8470.372033333333,8836.88381111111,1429.4290396140204,1222.1316984171262,37151.45999999977,40712.41666666658,-12.760591130080092,-7.948104739140829,4.526255048436337,7812.001000000001
2018-09-28,7812.001000000001,35765.36999999981,15.864875686316084,314376.67199999996,289,137,465,137,4,28,39,9,3,2018,271,0,-0.433883739117558,-0.9009688679024191,-1.0,-1.8369701987210297e-16,-0.9987235240803972,-0.050510617185222886,7548.872,7646.448999999999,7522.434999999999,7422.347000000002,9572.690999999999,34168.119999999704,34652.97999999974,32099.350000000082,15.783754920241279,15.504055947633109,0.08112076607480567,0.513950998889215,313469.766,313538.757,906.905999999959,0.28931211184173944,0,8224.093714285715,8452.831642857143,8466.612333333333,8835.942166666668,1456.991551225774,1224.875767247546,36830.709999999766,40779.8699999999,-1.2761086878366472,1.7046494862069734,4.57825978260881,10554.63
2018-09-29,10554.63,48001.75999999973,15.857752872675746,312574.77,297,137,466,137,5,29,39,9,3,2018,272,1,-0.9749279121818236,-0.2225209339563146,-1.0,-1.8369701987210297e-16,-0.9994446170919858,-0.033323525711631344,7812.001000000001,9989.403000000002,10225.889,8137.534,10054.052,35765.36999999981,43547.64999999979,35762.17000000016,15.864875686316084,15.602889660100974,-0.007122813640338066,-0.044896750413756466,314376.67199999996,313602.18200000003,-1801.9019999999437,-0.5731665738862277,0,8247.744,8473.514928571427,8479.6008,8816.378944444445,1447.364151321538,1215.4503013124297,36989.62285714263,40902.07066666656,-21.79711840637524,-4.000388815579739,4.547933939891757,10471.598
2018-09-30,10471.598,49237.5499999998,15.833999793506704,303745.51300000004,312,136,463,137,6,30,39,9,3,2018,273,1,-0.7818314824680299,0.6234898018587334,-1.0,-1.8369701987210297e-16,-0.9998699583618592,-0.016126573270657762,10554.63,10625.992999999999,11213.353999999998,7500.462000000001,7539.079999999999,48001.75999999973,46953.569999999745,31725.42000000011,15.857752872675746,15.629869803681295,-0.023753079169042124,-0.14978843067967526,312574.77,306767.601,-8829.256999999983,-2.8246863942345644,0,8328.490714285714,8496.996428571429,8560.170666666667,8821.940922222222,1571.1929990097613,1270.843529213944,37625.924285714056,41310.05699999988,-0.6715889987881545,40.71973166452943,4.702009187136462,7458.927000000001
2018-10-01,7458.927000000001,38308.35999999982,15.81623834089,299549.949,300,137,464,137,0,1,40,10,4,2018,274,0,0.0,1.0,-0.8660254037844386,0.5000000000000001,-0.9999994220246925,0.001075151282798226,10471.598,7644.8640000000005,8332.314999999999,9352.77,7558.675,49237.5499999998,33574.259999999755,39772.46000000032,15.833999793506704,15.630194104590268,-0.017761452616705142,-0.11217287386847674,303745.51300000004,303701.19999999995,-4195.564000000013,-1.3812760420925174,0,8306.434285714286,8444.013857142858,8659.208533333333,8854.524455555556,1534.2137684469815,1300.8296029045623,37952.20714285692,41893.79466666653,36.97559564172756,11.962530886571567,5.135907617811491,7636.333
2018-10-02,7636.333,41491.66000000009,15.788608242099734,302820.427,297,137,464,137,1,2,40,10,4,2018,275,0,0.7818314824680298,0.6234898018587336,-0.8660254037844386,0.5000000000000001,-0.999832969770105,0.018276557681691223,7458.927000000001,7060.369,7818.634000000001,9827.514000000003,7666.347999999998,38308.35999999982,31687.929999999822,42213.010000000155,15.81623834089,15.690442812064473,-0.027630098790265123,-0.17469450190841235,299549.949,307471.542,3270.478000000003,1.0917972147610022,0,8279.871857142858,8381.628999999999,8596.080433333333,8853.416144444443,1549.1140339922877,1311.9170700099376,38628.507142856935,41844.99133333318,5.645002407097999,-24.101588662198818,5.43345346516451,7502.465
2018-10-03,7502.465,40389.469999999834,15.826238048478842,304365.53099999996,291,137,465,137,2,3,40,10,4,2018,276,0,0.9749279121818236,-0.22252093395631434,-0.8660254037844386,0.5000000000000001,-0.9993706508539969,0.03547255575312556,7636.333,7052.706,7574.048000000001,7608.876,7971.666,41491.66000000009,33230.45999999978,35525.05000000011,15.788608242099734,15.77370820826097,0.03762980637910829,0.23833517053624662,302820.427,311606.498,1545.1039999999339,0.510237705991985,0,8362.15242857143,8368.6075,8523.041066666667,8853.082644444445,1487.620591016743,1301.9522422660311,40029.03999999982,41820.94633333318,8.275220886848246,0.36085487527986293,5.383493291871383,7338.103000000002
2018-10-04,7338.103000000002,40023.76999999983,15.894864683747427,304761.70699999994,290,137,466,137,3,4,40,10,4,2018,277,0,0.43388373911755823,-0.900968867902419,-0.8660254037844386,0.5000000000000001,-0.9986126020839734,0.052658056924614005,7502.465,7548.872,8084.312000000001,7475.286000000001,8570.484,40389.469999999834,34168.119999999704,33299.73000000002,15.826238048478842,15.783754920241279,0.06862663526858448,0.43362569840266374,304365.53099999996,313469.766,396.17599999997765,0.13016454218660448,0,8426.403714285714,8363.494428571428,8519.494033333332,8847.8693,1430.2450296153072,1304.6707853797625,41051.755714285544,41983.0936666665,-0.6147540983606578,0.3635847511386076,5.454239331336698,7767.531000000001
2018-10-05,7767.531000000001,42286.889999999796,15.89224592607909,305722.70699999994,291,137,465,137,4,5,40,10,4,2018,278,0,-0.433883739117558,-0.9009688679024191,-0.8660254037844386,0.5000000000000001,-0.9975590477788613,0.06982797572987089,7338.103000000002,7812.001000000001,7646.448999999999,8574.173999999999,10393.438,40023.76999999983,35765.36999999981,44568.80999999989,15.894864683747427,15.864875686316084,-0.0026187576683369684,-0.016475495202011126,304761.70699999994,314376.67199999996,961.0,0.315328329618524,0,8396.293857142857,8310.193785714286,8514.921266666666,8834.176177777777,1453.8222827597813,1308.6910667743268,41888.27714285699,42207.22833333316,-6.066281865555307,-14.416210821007333,5.444058092590785,9914.877
2018-10-06,9914.877,50225.61999999972,15.861341000103524,304513.3770000001,293,137,465,137,5,6,40,10,4,2018,279,1,-0.9749279121818236,-0.2225209339563146,-0.8660254037844386,0.5000000000000001,-0.9962102997023297,0.0869772313136861,7767.531000000001,10554.63,9989.403000000002,7709.970999999999,11027.780000000002,42286.889999999796,48001.75999999973,36470.560000000034,15.89224592607909,15.857752872675746,-0.030904925975566044,-0.1944654400599932,305722.70699999994,312574.77,-1209.3299999998417,-0.39556433732605994,0,8389.941,8318.8425,8488.033166666666,8804.999433333334,1456.894954755393,1315.6994883546658,42819.9228571427,42131.16433333316,-26.406411214793874,0.7465657134119211,5.065682610081771,10521.777999999997
2018-10-07,10521.777999999997,51238.79999999988,15.864111826849577,297614.649,303,136,465,137,6,7,40,10,4,2018,280,1,-0.7818314824680299,0.6234898018587334,-0.8660254037844386,0.5000000000000001,-0.9945667569706337,0.1041007489354256,9914.877,10471.598,10625.992999999999,7657.754000000001,8330.966,50225.61999999972,49237.5499999998,38539.33999999997,15.861341000103524,15.833999793506704,0.00277082674605289,0.017469057288629034,304513.3770000001,303745.51300000004,-6898.728000000119,-2.265492592793425,0,8298.547714285714,8313.519214285714,8561.530033333334,8792.633844444445,1311.2551025518599,1332.2179855967179,43137.61714285699,42589.666333333145,-5.316485602292979,29.475000110998593,4.869785315751757,7297.764000000001
2018-10-08,7297.764000000001,37795.32999999981,15.850885422048556,297876.12100000004,295,137,464,137,0,8,41,10,4,2018,281,0,0.0,1.0,-0.8660254037844386,0.5000000000000001,-0.9926289059345095,0.121193461470736,10521.777999999997,7458.927000000001,7644.8640000000005,9460.303,8159.1320000000005,51238.79999999988,38308.35999999982,43312.02000000013,15.864111826849577,15.81623834089,-0.013226404801020664,-0.08337311880665979,297614.649,299549.949,261.47200000006706,0.08785589045385568,0,8305.716285714287,8306.075285714285,8656.997500000001,8816.9762,1325.1783090066106,1367.37450322361,43423.50999999986,43012.98166666647,41.06289014492293,11.220306580032338,5.179028809372269,7629.489999999999
2018-10-09,7629.489999999999,47150.609999999935,15.83091838843054,303621.75,278,137,464,137,1,9,41,10,4,2018,282,0,0.7818314824680298,0.6234898018587336,-0.8660254037844386,0.5000000000000001,-0.9903973200352558,0.1382503109109819,7297.764000000001,7636.333,7060.369,10524.848,8131.004,37795.32999999981,41491.66000000009,48163.84999999991,15.850885422048556,15.788608242099734,-0.019967033618016217,-0.12596793861270428,297876.12100000004,302820.427,5745.628999999957,1.9288652546942346,0,8282.693,8281.282428571429,8584.912866666667,8807.405444444445,1343.613939967522,1380.504756267299,43350.219999999856,42829.0919999998,-4.433659454086126,-30.661573449801832,6.180047421256197,6956.242000000002
2018-10-10,6956.242000000002,44861.91999999977,15.798159901092887,311336.989,277,137,466,137,2,10,41,10,4,2018,283,0,0.9749279121818236,-0.22252093395631434,-0.8660254037844386,0.5000000000000001,-0.9878726596350429,0.15526624985999563,7629.489999999999,7502.465,7052.706,7937.944,8191.439999999999,47150.609999999935,40389.469999999834,36486.28999999984,15.83091838843054,15.826238048478842,-0.0327584873376523,-0.20692727063511784,303621.75,304365.53099999996,7715.239000000001,2.5410692745167305,0,8281.71542857143,8321.933928571429,8488.400933333332,8801.833066666666,1344.1649661988415,1340.8445101882728,44158.64142857126,42795.31733333314,1.6931101977816454,-3.8858172846772607,6.449160336860012,6636.138000000001
2018-10-11,6636.138000000001,37333.63999999997,15.802955107084843,314546.87600000005,276,137,466,137,3,11,41,10,4,2018,284,0,0.43388373911755823,-0.900968867902419,-0.8660254037844386,0.5000000000000001,-0.9850556718215013,0.172236243027682,6956.242000000002,7338.103000000002,7548.872,10085.868999999999,8393.467999999999,44861.91999999977,40023.76999999983,89227.01999999971,15.798159901092887,15.894864683747427,0.004795205991955598,0.030352939975141498,311336.989,304761.70699999994,3209.887000000046,1.0310008490510731,0,8203.683571428572,8315.043642857143,8455.677533333333,8788.108644444445,1411.12853905742,1366.4759552103162,44797.562857142686,43074.5049999998,-5.20381084866211,-31.029820038312984,5.625808263782333,6874.649999999999
2018-10-12,6874.649999999999,37819.73000000005,15.76574758180774,316070.076,279,137,467,137,4,12,41,10,4,2018,285,0,-0.433883739117558,-0.9009688679024191,-0.8660254037844386,0.5000000000000001,-0.981947190186646,0.18915526872004093,6636.138000000001,7767.531000000001,7812.001000000001,9041.802,10789.536,37333.63999999997,42286.889999999796,72600.62999999947,15.802955107084843,15.89224592607909,-0.03720752527710225,-0.23544663023450105,314546.87600000005,305722.70699999994,1523.1999999999534,0.48425214688826,0,8103.402857142857,8249.848357142857,8340.6865,8768.582755555555,1504.7302285194457,1369.7086439726506,44413.25857142842,41344.725666666476,-14.56567086761546,-26.606023887716173,5.501331704159492,16522.084999999995
2018-10-13,16522.084999999995,69106.45999999999,15.7879866461231,310324.5269999998,285,137,468,137,5,13,41,10,4,2018,286,1,-0.9749279121818236,-0.2225209339563146,-0.8660254037844386,0.5000000000000001,-0.9785481345802031,0.20601832032517084,6874.649999999999,9914.877,10554.63,7341.273,11047.944,37819.73000000005,50225.61999999972,33089.79999999987,15.76574758180774,15.861341000103524,0.02223906431535916,0.14105937063854204,316070.076,304513.3770000001,-5745.549000000174,-1.8178085925477403,0,7975.8484285714285,8182.894714285715,8268.4481,8725.084022222223,1574.1882097078872,1388.4759667097137,43775.092857142736,40185.36233333316,-30.663285081600122,-6.356159211079623,4.18267186011935,15058.731
2018-10-14,15058.731,62924.559999999925,15.809408785530549,298740.7279999999,309,136,468,137,6,14,41,10,4,2018,287,1,-0.7818314824680299,0.6234898018587334,-0.8660254037844386,0.5000000000000001,-0.9748595108374125,0.22282040779479959,16522.084999999995,10521.777999999997,10471.598,7522.434999999999,9025.524000000001,69106.45999999999,51238.79999999988,34382.42999999987,15.7879866461231,15.864111826849577,0.021422139407448526,0.13568632839393077,310324.5269999998,297614.649,-11583.79899999994,-3.7328016293085167,0,8919.735285714285,8609.1415,8574.475166666665,8785.90781111111,3603.4770721692717,2037.251285761647,46472.35571428563,41385.91766666651,57.02750048518417,119.63745781784753,4.178609738098112,10079.397000000003
2018-10-15,10079.397000000003,42511.45999999997,15.761238974785478,295762.14600000007,282,137,468,137,0,15,42,10,4,2018,288,0,0.0,1.0,-0.8660254037844386,0.5000000000000001,-0.9708824104813836,0.23955655912092708,15058.731,7297.764000000001,7458.927000000001,10225.889,8651.135999999999,62924.559999999925,37795.32999999981,45830.28999999982,15.809408785530549,15.850885422048556,-0.04816981074507076,-0.30469077875421785,298740.7279999999,297876.12100000004,-2978.5819999998203,-0.9970458396954237,0,9567.871428571427,8936.793857142857,8825.685033333333,8852.943444444445,4283.504141116557,2344.5239537778366,48141.74999999993,42337.32199999983,106.34719072855736,47.260849399010695,4.217659052421485,9338.983
2018-10-16,9338.983,38213.79999999982,15.77794358412925,295407.33300000004,279,137,468,137,1,16,42,10,4,2018,289,0,0.7818314824680298,0.6234898018587336,-0.8660254037844386,0.5000000000000001,-0.9666180104000972,0.2562218218071163,10079.397000000003,7629.489999999999,7636.333,11213.353999999998,8393.735999999999,42511.45999999997,47150.609999999935,50083.25999999986,15.761238974785478,15.83091838843054,0.016704609343772603,0.10598538205337989,295762.14600000007,303621.75,-354.81300000002375,-0.11996565645693676,0,9965.247571428572,9123.970285714286,8820.801966666668,8868.813011111111,4165.2003241613365,2341.6579135761153,48815.48285714281,42226.69433333317,32.111019216225515,-10.112558651051193,4.091858824456563,6795.567999999999
2018-10-17,6795.567999999999,37565.91999999998,15.728216058089863,296814.19099999993,278,137,468,137,2,17,42,10,4,2018,290,0,0.9749279121818236,-0.22252093395631434,-0.8660254037844386,0.5000000000000001,-0.9620675724981452,0.27281126433401914,9338.983,6956.242000000002,7502.465,8332.314999999999,7938.4,38213.79999999982,44861.91999999977,37447.97999999979,15.77794358412925,15.798159901092887,-0.049727526039387016,-0.3151711487256618,295407.33300000004,311336.989,1406.857999999891,0.47624342487120686,0,10209.460857142856,9245.588142857143,8758.322933333335,8879.315755555555,4054.0581606761098,2300.259274779818,47538.79571428564,41831.0456666665,34.25327928499321,12.081492358366212,5.528002957221528,6598.799000000001
2018-10-18,6598.799000000001,34562.64999999983,15.71408998169056,298704.109,285,137,468,137,3,18,42,10,4,2018,291,0,0.43388373911755823,-0.900968867902419,-0.8660254037844386,0.5000000000000001,-0.957232443323312,0.28931997761869527,6795.567999999999,6636.138000000001,7338.103000000002,7818.634000000001,8233.707999999999,37565.91999999998,37333.63999999997,35987.719999999805,15.728216058089863,15.802955107084843,-0.014126076399303855,-0.08981359581487984,296814.19099999993,314546.87600000005,1889.9180000000633,0.6367343803989695,0,10186.507428571427,9195.0955,8707.098033333334,8866.617622222222,4075.943017864419,2327.028545256862,46496.50999999996,41834.97699999984,2.402451546366252,-13.084971108764032,5.237718257519258,6874.432999999998
2018-10-19,6874.432999999998,35113.839999999924,15.916486642221841,298288.59400000004,269,137,467,137,4,19,42,10,4,2018,292,0,-0.433883739117558,-0.9009688679024191,-0.8660254037844386,0.5000000000000001,-0.9521140536681102,0.3057430764672831,6598.799000000001,6874.649999999999,7767.531000000001,7574.048000000001,10076.612000000001,34562.64999999983,37819.73000000005,32580.56999999991,15.71408998169056,15.76574758180774,0.20239666053128147,1.2879947917258086,298704.109,316070.076,-415.51499999995576,-0.1391058868895425,0,10181.173285714287,9142.288071428571,8666.436866666667,8848.451966666667,4081.384536870096,2353.5940984240156,46100.65428571423,41787.47466666651,-4.012582458743323,-12.876192493102758,5.107888897891642,8739.486000000003
2018-10-20,8739.486000000003,43748.74999999985,15.896228111442962,299101.108,294,137,466,137,5,20,42,10,4,2018,293,1,-0.9749279121818236,-0.2225209339563146,-0.8660254037844386,0.5000000000000001,-0.9467139181463862,0.3220757010206104,6874.432999999998,16522.084999999995,9914.877,8084.312000000001,10801.866,35113.839999999924,69106.45999999999,36413.36999999973,15.916486642221841,15.7879866461231,-0.020258530778878736,-0.12728016700079217,298288.59400000004,310324.5269999998,812.5139999999665,0.27239191049992556,0,10181.142285714286,9078.495357142858,8643.116366666667,8812.8722,4081.4138379218944,2368.2118911087514,45714.0985714285,41871.91699999985,-58.39246075782809,-14.965763320366687,5.0058721988913115,9818.31
2018-10-21,9818.31,46348.97999999987,15.90088417190855,292325.5000000001,293,136,469,137,6,21,42,10,4,2018,294,1,-0.7818314824680299,0.6234898018587334,-0.8660254037844386,0.5000000000000001,-0.9410336347451197,0.3383130181923076,8739.486000000003,15058.731,10521.777999999997,7646.448999999999,8542.217999999999,43748.74999999985,62924.559999999925,34652.97999999974,15.896228111442962,15.809408785530549,0.004656060465586975,0.02929034757770802,299101.108,298740.7279999999,-6775.607999999891,-2.2653236042174374,0,9069.34242857143,8994.538857142858,8664.9555,8789.956866666667,2976.736450717132,2365.900831776041,42091.56857142848,42116.42966666652,-41.96399417719858,14.294700716633358,4.720667813503534,6848.591000000001
2018-10-22,6848.591000000001,33641.38999999992,15.906778833535355,290170.118,273,137,469,137,0,22,43,10,4,2018,295,0,0.0,1.0,-0.8660254037844386,0.5000000000000001,-0.9350748843515574,0.3544502230989869,9818.31,10079.397000000003,7297.764000000001,9989.403000000002,7911.833,46348.97999999987,42511.45999999997,43547.64999999979,15.90088417190855,15.761238974785478,0.005894661626806297,0.037071282093986684,292325.5000000001,295762.14600000007,-2155.3820000000997,-0.7373226078464242,0,8320.710857142858,8944.291142857142,8737.350866666668,8804.135666666667,1523.744933679475,2366.889083446748,39723.62857142847,42506.29633333318,-2.5903037651955083,-1.7127449958721512,4.912162224317369,6427.772000000001
2018-10-23,6427.772000000001,31859.08999999992,15.851943700436692,291607.209,273,137,469,137,1,23,43,10,4,2018,296,0,0.7818314824680298,0.6234898018587336,-0.8660254037844386,0.5000000000000001,-0.9288394302558068,0.3704825404820963,6848.591000000001,9338.983,7629.489999999999,10625.992999999999,8352.09,33641.38999999992,38213.79999999982,46953.569999999745,15.906778833535355,15.77794358412925,-0.05483513309866339,-0.34472807896880797,290170.118,295407.33300000004,1437.0909999999567,0.4952580954596974,0,7859.1671428571435,8912.207357142857,8632.657133333334,8792.321866666667,1385.267330447035,2379.0298661879274,38456.4757142856,42176.08766666652,-26.66662954627928,-35.54869648417798,4.956474809622979,5880.748
2018-10-24,5880.748,29227.389999999854,15.835295602778015,291427.0390000001,268,137,467,137,2,24,43,10,4,2018,297,0,0.9749279121818236,-0.22252093395631434,-0.8660254037844386,0.5000000000000001,-0.9223291176290545,0.3864052261209853,6427.772000000001,6795.567999999999,6956.242000000002,7644.8640000000005,8372.470000000001,31859.08999999992,37565.91999999998,33574.259999999755,15.851943700436692,15.728216058089863,-0.016648097658677585,-0.10502243745805734,291607.209,296814.19099999993,-180.1699999998673,-0.06178516663484382,0,7443.2798571428575,8826.370357142858,8492.716433333333,8770.940555555555,1301.4155692831214,2381.207594322898,37548.6599999999,41672.9383333332,-5.412292246946811,-15.920387857782684,4.970012318160863,5649.941000000001
2018-10-25,5649.941000000001,30123.44999999976,15.85722210537467,292485.89800000004,272,137,467,137,3,25,43,10,4,2018,298,0,0.43388373911755823,-0.900968867902419,-0.8660254037844386,0.5000000000000001,-0.9155458729775467,0.40221356823680365,5880.748,6598.799000000001,6636.138000000001,7060.369,8426.422,29227.389999999854,34562.64999999983,31687.929999999822,15.835295602778015,15.71408998169056,0.02192650259665463,0.13846601381289037,291427.0390000001,298704.109,1058.8589999999385,0.363335881129389,0,7312.591285714286,8749.549357142856,8433.912566666668,8743.254755555556,1418.0099635065815,2424.260478184567,36357.441428571314,41528.04266666654,-10.88154071672741,-16.707639501561463,5.331639746326512,6659.041
2018-10-26,6659.041,34359.12999999983,15.903536187671724,292301.77300000004,267,137,469,137,4,26,43,10,4,2018,299,0,-0.433883739117558,-0.9009688679024191,-0.8660254037844386,0.5000000000000001,-0.9084917035725082,0.41790288888678667,5649.941000000001,6874.432999999998,6874.649999999999,7052.706,10347.046999999999,30123.44999999976,35113.839999999924,33230.45999999978,15.85722210537467,15.916486642221841,0.04631408229705514,0.29206932960444176,292485.89800000004,298288.59400000004,-184.125,-0.06295175297648024,0,7177.040142857143,8679.106714285715,8386.8983,8712.404966666665,1537.899070092867,2465.1480520196587,35723.26999999988,41475.8933333332,-17.812261753078367,-19.889741611234037,5.159771504635552,8034.826999999999
2018-10-27,8034.826999999999,43054.48999999975,15.923132889844236,292443.324,285,137,469,137,5,27,43,10,4,2018,300,1,-0.9749279121818236,-0.2225209339563146,-0.8660254037844386,0.5000000000000001,-0.9011686968561569,0.4334685453485363,6659.041,8739.486000000003,16522.084999999995,7548.872,10609.335999999998,34359.12999999983,43748.74999999985,34168.119999999704,15.903536187671724,15.896228111442962,0.01959670217251208,0.1232222943454756,292301.77300000004,299101.108,141.55099999997765,0.048426322751034985,0,7146.269857142857,8663.706071428573,8373.776133333335,8671.427122222223,1547.0900455622607,2473.5284629309463,35615.45428571415,41513.51566666653,-23.80511851612328,-11.787602174205631,5.35848376075798,8514.087000000001
2018-10-28,8514.087000000001,42737.849999999795,15.93434506302606,288126.3680000001,291,136,469,137,6,28,43,10,4,2018,301,1,-0.7818314824680299,0.6234898018587334,-0.8660254037844386,0.5000000000000001,-0.8935790198239952,0.4489059314938798,8034.826999999999,9818.31,15058.731,7812.001000000001,8467.782,43054.48999999975,46348.97999999987,35765.36999999981,15.923132889844236,15.90088417190855,0.011212173181823104,0.07041436669145819,292443.324,292325.5000000001,-4316.955999999947,-1.476168421611822,0,7045.604285714287,8057.473357142858,8389.974633333333,8642.821466666666,1445.751642562418,2469.5280618151755,35516.274285714135,41809.727999999865,-18.164867477193127,2.8523549856176182,5.019663294490623,6414.812
2018-10-29,6414.812,35357.529999999824,15.97053055424055,285532.635,287,137,469,137,0,29,44,10,4,2018,302,0,0.0,1.0,-0.8660254037844386,0.5000000000000001,-0.8857249183835637,0.4642104791518923,8514.087000000001,6848.591000000001,10079.397000000003,10554.63,8015.546,42737.849999999795,33641.38999999992,48001.75999999973,15.93434506302606,15.906778833535355,0.036185491214490995,0.22709117363383544,288126.3680000001,290170.118,-2593.7330000000657,-0.9002067453958482,0,6859.286714285714,7589.998785714286,8413.377499999999,8643.335966666667,1061.97392576227,2467.187538322564,35000.39857142841,42042.14399999987,24.318812438938167,-19.333155212451768,5.511857557166106,5691.346
2018-10-30,5691.346,29555.0999999998,15.979971076988702,287693.792,256,137,467,137,1,30,44,10,4,2018,303,0,0.7818314824680298,0.6234898018587336,-0.8660254037844386,0.5000000000000001,-0.8776087166898392,0.4793776594606945,6414.812,6427.772000000001,9338.983,10471.598,8196.71,35357.529999999824,31859.08999999992,49237.5499999998,15.97053055424055,15.851943700436692,0.009440522748151992,0.059112142305412084,285532.635,291607.209,2161.1570000000065,0.7568861611913491,0,6797.3182857142865,7328.242714285714,8275.383566666667,8625.550033333333,1075.274731123133,2459.0539823014105,35245.56142857125,41620.66966666654,-0.20162507319800616,-38.740849295398846,5.192989496684932,5597.908
2018-10-31,5597.908,34430.05999999972,16.02753310472265,285445.34400000004,281,137,468,137,2,31,44,10,4,2018,304,0,0.9749279121818236,-0.22252093395631434,-0.8660254037844386,0.5000000000000001,-0.8692328164574792,0.49440298420761813,5691.346,5880.748,6795.567999999999,7458.927000000001,7988.703,29555.0999999998,29227.389999999854,38308.35999999982,15.979971076988702,15.835295602778015,0.04756202773394769,0.2976352554382118,287693.792,291427.0390000001,-2248.447999999975,-0.7815420640011499,0,6692.114571428572,7067.697214285714,8116.041833333334,8597.712655555555,1150.8279608856856,2466.6999231670197,34916.4199999998,40964.58799999987,-3.220712739263782,-23.697523785927935,6.150522659536334,5699.316000000002
2018-11-01,5699.316000000002,30241.649999999747,16.029415899047827,284467.828,262,137,469,137,3,1,44,11,4,2018,305,0,0.43388373911755823,-0.900968867902419,-0.5000000000000004,0.8660254037844384,-0.8605996962501181,0.5092820071573356,5597.908,5649.941000000001,6598.799000000001,7636.333,8429.252,34430.05999999972,30123.44999999976,41491.66000000009,16.02753310472265,15.85722210537467,0.0018827943251764623,0.011747249641441582,285445.34400000004,292485.89800000004,-977.5160000000615,-0.3424529495916603,0,6651.7088571428585,6982.150071428571,8054.007866666667,8571.148266666667,1188.4144849921515,2506.869173411278,35659.658571428365,40835.31133333321,-0.9209476700730211,-26.693767807139885,5.306189374303818,6118.731
2018-11-02,6118.731,33739.85999999974,16.012125133121234,285206.3000000001,275,137,469,137,4,2,44,11,4,2018,306,0,-0.433883739117558,-0.9009688679024191,-0.5000000000000004,0.8660254037844384,-0.8517119107469189,0.5240103253675756,5699.316000000002,6659.041,6874.432999999998,7502.465,11004.224999999997,30241.649999999747,34359.12999999983,40389.469999999834,16.029415899047827,15.903536187671724,-0.0172907659265924,-0.10786897061931933,284467.828,292301.77300000004,738.4720000001253,0.25959772153922633,0,6658.762428571428,6917.901285714286,7989.440633333334,8540.815644444445,1181.604768487742,2542.686959114546,35676.544285714066,40460.310999999856,-14.412360578647865,-24.034087463253723,5.514192403620904,8375.202
2018-11-03,8375.202,42505.20999999974,16.005361781076967,286392.05100000004,288,137,469,137,5,3,44,11,4,2018,307,1,-0.9749279121818236,-0.2225209339563146,-0.5000000000000004,0.8660254037844384,-0.8425720899866032,0.5385835804920232,6118.731,8034.826999999999,8739.486000000003,7338.103000000002,10941.078000000001,33739.85999999974,43054.48999999975,40023.76999999983,16.012125133121234,15.923132889844236,-0.006763352044266924,-0.04223894072796662,285206.3000000001,292443.324,1185.750999999931,0.4157520363329739,0,6581.575285714286,6863.922571428572,7943.316166666667,8486.53237777778,1199.1015980421569,2564.2841137272962,35588.07714285691,40238.65733333318,-23.847383397302764,-16.61699215723739,5.075126546201481,8756.272
2018-11-04,8756.272,43560.199999999844,15.936856338328424,281109.79300000006,292,136,470,137,6,4,44,11,4,2018,308,1,-0.7818314824680299,0.6234898018587334,-0.5000000000000004,0.8660254037844384,-0.8331829385891785,0.5529974600700271,8375.202,8514.087000000001,9818.31,7767.531000000001,8705.416000000001,42505.20999999974,42737.849999999795,42286.889999999796,16.005361781076967,15.93434506302606,-0.06850544274854364,-0.42801558431210956,286392.05100000004,288126.3680000001,-5282.2579999999725,-1.844415018348387,0,6630.200285714286,6837.902285714286,7977.886133333333,8458.022644444445,1272.5088975008866,2562.8340144267463,35509.60857142835,40321.37199999985,-1.631237735766642,7.823219501795338,4.974742675878484,5932.121999999999
2018-11-05,5932.121999999999,31418.179999999804,15.970626629076943,279276.02100000007,280,137,470,137,0,5,45,11,4,2018,309,0,0.0,1.0,-0.5000000000000004,0.8660254037844384,-0.8235472349556007,0.5672476988027229,8756.272,6414.812,6848.591000000001,9914.877,9034.69,43560.199999999844,35357.529999999824,50225.61999999972,15.936856338328424,15.97053055424055,0.033770290748519116,0.21190057832987402,281109.79300000006,285532.635,-1833.7719999999972,-0.6523330192200016,0,6664.798142857144,6762.04242857143,8010.844166666666,8458.587711111111,1334.0693426071075,2566.3907011400765,35627.08714285692,40363.815666666516,36.500835877964946,-11.68552065749277,5.29628015067792,5838.375999999999
2018-11-06,5838.375999999999,29745.449999999826,15.989601275917936,286811.94399999996,271,137,469,137,1,6,45,11,4,2018,310,0,0.7818314824680298,0.6234898018587336,-0.5000000000000004,0.8660254037844384,-0.8136678304455991,0.5813300798152042,5932.121999999999,5691.346,6427.772000000001,10521.777999999997,8323.703,31418.179999999804,29555.0999999998,51238.79999999988,15.970626629076943,15.979971076988702,0.01897464684099326,0.11880965776538187,279276.02100000007,287693.792,7535.922999999893,2.698378103861588,0,6595.842428571428,6696.580357142858,7878.085666666666,8424.114733333334,1361.340215269975,2567.5123874539963,35064.32285714264,39736.90099999985,4.2305633851816395,-43.62053637702676,5.094815750133227,5813.762000000002
2018-11-07,5813.762000000002,30072.14999999988,16.11006895820155,292032.395,274,137,470,137,2,7,45,11,4,2018,311,0,0.9749279121818236,-0.22252093395631434,-0.5000000000000004,0.8660254037844384,-0.8035476485339116,0.5952404359043674,5838.375999999999,5597.908,5880.748,7297.764000000001,7942.575000000001,29745.449999999826,34430.05999999972,37795.32999999981,15.989601275917936,16.02753310472265,0.12046768228361238,0.7534126724288598,286811.94399999996,285445.34400000004,5220.451000000059,1.8201651323140364,0,6616.846714285714,6654.480642857142,7721.972266666667,8396.499988888889,1346.1077489843033,2543.4950193707004,35091.515714285495,39020.45599999986,4.295676170455087,-19.997741774055747,5.172580164100262,5654.327
2018-11-08,5654.327,29060.059999999896,16.208636555955835,295905.65599999996,266,137,470,137,3,8,45,11,4,2018,312,0,0.43388373911755823,-0.900968867902419,-0.5000000000000004,0.8660254037844384,-0.7931896839451843,0.6089746507720486,5813.762000000002,5699.316000000002,5649.941000000001,7629.489999999999,8061.13,30072.14999999988,30241.649999999747,47150.609999999935,16.11006895820155,16.029415899047827,0.09856759775428614,0.6118384595995532,292032.395,284467.828,3873.2609999999404,1.3263121031486729,0,6647.683,6649.695928571428,7672.505533333333,8372.84651111111,1321.116273616501,2566.3575793696064,34468.95714285694,38763.016666666525,2.0080655292670344,-23.798812240398725,5.1394374609038165,5915.659000000002
2018-11-09,5915.659000000002,31363.44999999986,16.381803304651765,297549.511,259,137,471,137,4,9,45,11,4,2018,313,0,-0.433883739117558,-0.9009688679024191,-0.5000000000000004,0.8660254037844384,-0.7825970017677834,0.6225286602431057,5654.327,6118.731,6659.041,6956.242000000002,12119.690999999999,29060.059999999896,33739.85999999974,44861.91999999977,16.208636555955835,16.012125133121234,0.1731667486959303,1.068360982110494,295905.65599999996,285206.3000000001,1643.8550000000396,0.5555334839561294,0,6641.256,6650.009214285715,7606.666766666667,8346.104255555556,1326.5969170670055,2592.6999473379556,34300.158571428394,38159.998333333184,-7.589874436382309,-18.71578073333276,5.301767732048086,8291.076000000001
2018-11-10,8291.076000000001,41803.60999999971,16.53610632032927,298898.025,289,137,470,137,5,10,45,11,4,2018,314,1,-0.9749279121818236,-0.2225209339563146,-0.5000000000000004,0.8660254037844384,-0.7717727365467836,0.6358984534680745,5915.659000000002,8375.202,8034.826999999999,6636.138000000001,11833.710000000001,31363.44999999986,42505.20999999974,37333.63999999997,16.381803304651765,16.005361781076967,0.15430301567750604,0.9419171553212964,297549.511,286392.05100000004,1348.5140000000247,0.45320659256604345,0,6612.245714285715,6596.9105,7571.980666666667,8277.170566666668,1342.058352946046,2608.613442072628,33960.671428571266,37710.04933333319,-29.366969298173313,-10.856902011380692,5.042000579900571,8669.976999999999
2018-11-11,8669.976999999999,41521.92999999973,16.612680667404632,294604.8260000001,288,136,470,137,6,11,45,11,4,2018,315,1,-0.7818314824680299,0.6234898018587334,-0.5000000000000004,0.8660254037844384,-0.7607200913564104,0.6490800741100398,8291.076000000001,8756.272,8514.087000000001,6874.649999999999,8967.889,41803.60999999971,43560.199999999844,37819.73000000005,16.53610632032927,15.936856338328424,0.07657434707536126,0.4630736256286751,298898.025,281109.79300000006,-4293.198999999906,-1.4363423779731919,0,6600.227714285716,6615.214,7627.145266666667,8237.807966666667,1323.8938132706319,2605.6375301917647,33860.44285714269,37859.04833333319,-5.3127175583398945,20.603608910999142,4.789162647144247,5896.372
2018-11-12,5896.372,30682.329999999816,16.657822194133946,293686.5110000002,278,137,471,137,0,12,46,11,4,2018,316,0,0.0,1.0,-0.5000000000000004,0.8660254037844384,-0.7494423368521954,0.6620696215153815,8669.976999999999,5932.121999999999,6414.812,16522.084999999995,7866.729,41521.92999999973,31418.179999999804,69106.45999999999,16.612680667404632,15.970626629076943,0.0451415267293136,0.2717293351571175,294604.8260000001,279276.02100000007,-918.3149999999441,-0.31171077964620436,0,6587.899857142857,6626.349,7686.989500000001,8234.497833333335,1300.669076810018,2608.374246956329,33569.26142857125,37982.454999999834,46.15304607693503,-47.524921945384,5.203594685002882,5615.711000000002
2018-11-13,5615.711000000002,29337.089999999796,16.877625834956334,297450.16599999997,270,137,472,137,1,13,46,11,4,2018,317,0,0.7818314824680298,0.6234898018587336,-0.5000000000000004,0.8660254037844384,-0.7379428103031386,0.6748632518680403,5896.372,5838.375999999999,5691.346,15058.731,7858.195000000001,30682.329999999816,29745.449999999826,62924.559999999925,16.657822194133946,15.989601275917936,0.2198036408223878,1.3195220735384705,293686.5110000002,286811.94399999996,3763.654999999795,1.2815212340480264,0,6582.792714285715,6589.317571428573,7332.799066666668,8212.604977777777,1303.7397416117678,2023.0460372708853,33464.13999999982,36701.65066666649,0.9933584270694626,-60.84416409324266,5.224109645243458,5731.6720000000005
2018-11-14,5731.6720000000005,30157.179999999844,16.98679545573665,298874.60800000007,277,137,470,137,2,14,46,11,4,2018,318,0,0.9749279121818236,-0.22252093395631434,-0.5000000000000004,0.8660254037844384,-0.7262249146041543,0.6874571793269664,5615.711000000002,5813.762000000002,5597.908,10079.397000000003,8263.853,29337.089999999796,30072.14999999988,42511.45999999997,16.877625834956334,16.11006895820155,0.10916962078031744,0.646830436033303,297450.16599999997,292032.395,1424.4420000000973,0.4788842511522073,0,6550.98342857143,6583.915071428572,7018.031733333334,8187.688488888889,1327.4305924191663,1426.0477789159436,33405.80285714268,35582.06833333316,-3.406589399428465,-44.28524841317392,5.261497866591082,5851.124000000001
2018-11-15,5851.124000000001,30153.799999999905,16.982864292790936,302297.73600000015,268,137,473,137,3,15,46,11,4,2018,319,0,0.43388373911755823,-0.900968867902419,-0.5000000000000004,0.8660254037844384,-0.7142921172691032,0.699847677146407,5731.6720000000005,5654.327,5699.316000000002,9338.983,8726.597,30157.179999999844,29060.059999999896,38213.79999999982,16.98679545573665,16.208636555955835,-0.003931162945715272,-0.02314246354445664,298874.60800000007,295905.65599999996,3423.1280000000843,1.1453391851876837,0,6539.256285714286,6593.469642857143,6873.1075666666675,8159.553144444445,1335.3679247824991,1321.2771957185364,33417.949999999815,35170.25899999982,1.3678904668937655,-38.626379339163584,5.153505548677468,6317.687999999999
2018-11-16,6317.687999999999,33935.5699999999,16.95741101165814,302778.2540000001,290,137,473,137,4,16,46,11,4,2018,320,0,-0.433883739117558,-0.9009688679024191,-0.5000000000000004,0.8660254037844384,-0.7021479494046978,0.7120310787787131,5851.124000000001,5915.659000000002,6118.731,6795.567999999999,11601.493,30153.799999999905,31363.44999999986,37565.91999999998,16.982864292790936,16.381803304651765,-0.025453281132794103,-0.14987625581862996,302297.73600000015,297549.511,480.51799999992363,0.1589552096413727,0,6567.370142857144,6604.313071428572,6756.845600000001,8127.603444444445,1315.5568178792164,1248.251643795036,33574.19857142838,34901.59233333316,-1.0909181884892563,-13.897940540069625,5.371517238584732,8420.942000000003
2018-11-17,8420.942000000003,42755.78999999986,17.129492369979616,302356.208,306,137,474,137,5,17,46,11,4,2018,321,1,-0.9749279121818236,-0.2225209339563146,-0.5000000000000004,0.8660254037844384,-0.6897960046655887,0.7240037789593305,6317.687999999999,8291.076000000001,8375.202,6598.799000000001,12261.296000000002,33935.5699999999,41803.60999999971,34562.64999999983,16.95741101165814,16.53610632032927,0.1720813583214742,1.0147855601493,302778.2540000001,298898.025,-422.0460000000894,-0.13939112020907857,0,6624.802857142859,6618.524285714287,6740.916266666667,8068.8945,1290.9081163052717,1250.78706923551,33941.6442857141,34780.58066666649,-23.801349788616115,-4.260032772630317,5.077316765748992,8855.412999999997
2018-11-18,8855.412999999997,44853.74999999976,17.179293254980873,297147.33300000004,307,136,473,137,6,18,46,11,4,2018,322,1,-0.7818314824680299,0.6234898018587334,-0.5000000000000004,0.8660254037844384,-0.6772399381909491,0.7357622347736527,8420.942000000003,8669.976999999999,8756.272,6874.432999999998,11562.574000000004,42755.78999999986,41521.92999999973,35113.839999999924,17.129492369979616,16.612680667404632,0.049800885001257456,0.2907318204510033,302356.208,294604.8260000001,-5208.874999999942,-1.7227610553972625,0,6643.355142857144,6621.791428571429,6801.654366666668,8026.223900000001,1319.4634585831316,1287.3548947740842,34077.669999999845,35053.68533333316,-2.87238362916068,22.496531713961062,5.0651223155825456,5574.022
2018-11-19,5574.022,29486.009999999857,17.254510325408166,296879.76300000004,280,137,473,137,0,19,47,11,4,2018,323,0,0.0,1.0,-0.5000000000000004,0.8660254037844384,-0.6644834655228552,0.7473029667054296,8855.412999999997,5896.372,5932.121999999999,8739.486000000003,5749.267000000001,44853.74999999976,30682.329999999816,43748.74999999985,17.179293254980873,16.657822194133946,0.07521707042729275,0.43783565080877074,297147.33300000004,293686.5110000002,-267.570000000007,-0.0900462397890702,0,6669.8460000000005,6628.872928571429,6867.687033333334,7996.144333333334,1367.9055988462858,1340.9082682293981,34553.64428571413,35378.34899999982,50.1840962544425,1.326473891027392,5.289898389349712,5709.521
2018-11-20,5709.521,30830.98999999988,17.405390111610977,299751.09700000007,272,137,473,137,1,20,47,11,4,2018,324,0,0.7818314824680298,0.6234898018587336,-0.5000000000000004,0.8660254037844384,-0.6515303615068021,0.75862255966641,5574.022,5615.711000000002,5838.375999999999,9818.31,8447.906,29486.009999999857,29337.089999999796,46348.97999999987,17.254510325408166,16.877625834956334,0.15087978620281106,0.874436789902016,296879.76300000004,297450.16599999997,2871.3340000000317,0.9671706723910418,0,6623.796,6603.294357142857,6762.171566666667,7994.197166666667,1403.2532651503132,1312.7878596127407,34382.74142857128,34902.92433333315,-0.7423637006961737,-43.22829488985375,5.399925843166158,5755.145
2018-11-21,5755.145,29186.049999999876,17.484350382435426,302660.30700000015,267,137,474,137,2,21,47,11,4,2018,325,0,0.9749279121818236,-0.22252093395631434,-0.5000000000000004,0.8660254037844384,-0.6383844591746642,0.7697176640069211,5709.521,5731.6720000000005,5813.762000000002,6848.591000000001,8264.144,30830.98999999988,30157.179999999844,33641.38999999992,17.405390111610977,16.98679545573665,0.07896027082444945,0.4536541285091667,299751.09700000007,298874.60800000007,2909.210000000079,0.9705419026373332,0,6637.197428571429,6594.09042857143,6625.211933333334,7963.770666666666,1392.4274114722468,1191.699739765737,34596.155714285575,34385.657999999814,-0.3864666366114591,-16.63218025430342,5.071297074183166,5693.895999999999
2018-11-22,5693.895999999999,30250.89000000002,17.16008831627756,304795.5160000001,288,137,476,137,3,22,47,11,4,2018,326,0,0.43388373911755823,-0.900968867902419,-0.5000000000000004,0.8660254037844384,-0.6250496486104377,0.7805849965070866,5755.145,5851.124000000001,5654.327,6427.772000000001,8624.946,29186.049999999876,30153.799999999905,31859.08999999992,17.484350382435426,16.982864292790936,-0.3242620661578677,-1.8545845802976906,302660.30700000015,302297.73600000015,2135.2089999999735,0.7054803522683178,0,6640.550714285715,6589.9035,6588.763733333334,7935.892900000001,1389.9092326838902,1201.3148535800844,34457.42285714272,34237.146666666486,-1.6403514948580864,-10.46438797144641,5.312863108142479,6164.1010000000015
2018-11-23,6164.1010000000015,32097.750000000084,17.183416913254796,305087.02800000005,279,137,476,137,4,23,47,11,4,2018,327,0,-0.433883739117558,-0.9009688679024191,-0.5000000000000004,0.8660254037844384,-0.6115298757991053,0.7912213413483807,5693.895999999999,6317.687999999999,5915.659000000002,5880.748,9593.687999999998,30250.89000000002,33935.5699999999,29227.389999999854,17.16008831627756,16.95741101165814,0.02332859697723677,0.13594683516347608,304795.5160000001,302778.2540000001,291.5119999999297,0.09564182696176199,0,6618.089571428571,6592.729857142857,6564.301200000001,7903.325677777778,1405.9703138687894,1212.12952251725,34471.29285714274,34183.539999999826,-9.87373862083725,-3.177350908421867,5.207207020131578,9567.296000000002
2018-11-24,9567.296000000002,47696.20000000011,17.15891518737815,304030.569,300,137,475,137,5,24,47,11,4,2018,328,1,-0.9749279121818236,-0.2225209339563146,-0.5000000000000004,0.8660254037844384,-0.5978291414589552,0.801623551065242,6164.1010000000015,8420.942000000003,8291.076000000001,5649.941000000001,9496.104,32097.750000000084,42755.78999999986,30123.44999999976,17.183416913254796,17.129492369979616,-0.024501725876646674,-0.14258936974139727,305087.02800000005,302356.208,-1056.4590000000317,-0.34628119291916654,0,6596.148571428572,6610.475714285714,6573.7463,7865.219155555556,1412.6222547320642,1207.7154312972061,34208.74714285705,34279.21866666649,-26.800338964453154,9.100272020539697,4.985337549920072,9968.508
2018-11-25,9968.508,47973.33000000002,17.125119624708073,297293.09300000005,307,136,476,137,6,25,47,11,4,2018,329,1,-0.7818314824680299,0.6234898018587334,-0.5000000000000004,0.8660254037844384,-0.5839514998576998,0.8117885474764613,9567.296000000002,8855.412999999997,8669.976999999999,6659.041,8145.768,47696.20000000011,44853.74999999976,34359.12999999983,17.15891518737815,17.179293254980873,-0.03379556267007544,-0.19695628949162805,304030.569,297147.33300000004,-6737.475999999966,-2.216052162833654,0,6759.913428571429,6701.634285714286,6704.3248,7866.010177777779,1697.2096361228641,1311.6864843162912,34914.519999999946,34864.976999999846,8.03895877018955,43.6737812546882,4.81248848874877,6969.208999999997
2018-11-26,6969.208999999997,33602.81000000007,17.270985915494204,293808.3840000001,265,137,477,137,0,26,48,11,4,2018,330,0,0.0,1.0,-0.5000000000000004,0.8660254037844384,-0.5699010576127624,0.8217133225960589,9968.508,5574.022,5896.372,8034.826999999999,7661.663,47973.33000000002,29486.009999999857,43054.48999999975,17.125119624708073,17.254510325408166,0.145866290786131,0.851768010867939,297293.09300000005,296879.76300000004,-3484.7089999999735,-1.1721459670776722,0,6918.927000000001,6794.3865000000005,6814.640366666667,7886.262844444445,1958.3192943756706,1440.5803090056907,35360.17428571427,35318.78366666651,78.83869134352179,24.06624311886243,4.821610314743048,5680.042000000001
2018-11-27,5680.042000000001,29939.80999999995,17.299058829726818,297962.341,272,137,479,137,1,27,48,11,4,2018,331,0,0.7818314824680298,0.6234898018587336,-0.5000000000000004,0.8660254037844384,-0.5556819724760489,0.8313949395234058,6969.208999999997,5709.521,5615.711000000002,8514.087000000001,7422.347000000002,33602.81000000007,30830.98999999988,42737.849999999795,17.270985915494204,17.405390111610977,0.028072914232613044,0.16254378510857434,293808.3840000001,299751.09700000007,4153.956999999937,1.4138320164478138,0,7118.23942857143,6871.017714285715,6779.119766666668,7878.5689111111105,1867.5191861380295,1422.4803716683177,35948.28857142859,35003.72766666652,22.062936628133908,-18.14496375242588,5.271054333753156,5631.802
2018-11-28,5631.802,28934.81999999999,17.38565194476774,300163.55500000005,267,137,481,137,2,28,48,11,4,2018,332,0,0.9749279121818236,-0.22252093395631434,-0.5000000000000004,0.8660254037844384,-0.5412984521036173,0.8408305333122887,5680.042000000001,5755.145,5731.6720000000005,6414.812,8137.534,29939.80999999995,29186.049999999876,35357.529999999824,17.299058829726818,17.484350382435426,0.08659311504092315,0.5005654694469329,297962.341,302660.30700000015,2201.2140000000363,0.7387557745091136,0,7114.0281428571425,6875.6127857142865,6684.6516,7859.209966666666,1871.2548174786807,1397.1670280854821,35820.97714285717,34577.126333333195,-1.304971464663343,-11.45427176977281,5.137755198069817,5601.326999999998
2018-11-29,5601.326999999998,29031.90999999991,17.485554148196453,302212.321,269,137,480,137,3,29,48,11,4,2018,333,0,0.43388373911755823,-0.900968867902419,-0.5000000000000004,0.8660254037844384,-0.5267547528105542,0.8500173118187018,5631.802,5693.895999999999,5851.124000000001,5691.346,7500.462000000001,28934.81999999999,30250.89000000002,29555.0999999998,17.38565194476774,17.16008831627756,0.09990220342871226,0.5746244302260871,300163.55500000005,304795.5160000001,2048.765999999945,0.6825498851784138,0,7096.407714285714,6868.479214285714,6658.551266666666,7831.3685000000005,1886.7001677412688,1409.6396883135876,35785.087142857185,34363.03599999987,-1.0905362514524177,-1.0462199978704487,5.183041447142778,6095.819
2018-11-30,6095.819,32029.41999999997,17.50153753154057,300509.94200000004,274,137,481,137,4,30,48,11,4,2018,334,0,-0.433883739117558,-0.9009688679024191,-0.5000000000000004,0.8660254037844384,-0.5120551783114646,0.8589525565270845,5601.326999999998,6164.1010000000015,6317.687999999999,5597.908,9352.77,29031.90999999991,32097.750000000084,34430.05999999972,17.485554148196453,17.183416913254796,0.01598338334411764,0.09140907522090883,302212.321,305087.02800000005,-1702.3789999999572,-0.5633056237968396,0,7083.183571428571,6850.636571428572,6655.550633333333,7810.266999999999,1898.4567515734932,1411.8635823930592,35610.94714285716,34345.596333333204,-9.12986338153776,0.061076387821987245,5.254325956856653,8611.512999999999
2018-12-01,8611.512999999999,44493.459999999985,17.42411678526727,300509.94200000004,295,137,480,137,5,1,48,12,4,2018,335,1,-0.9749279121818236,-0.2225209339563146,-2.4492935982947064e-16,1.0,-0.4972040784469378,0.8676336233547726,6095.819,9567.296000000002,8420.942000000003,5699.316000000002,9827.514000000003,32029.41999999997,47696.20000000011,30241.649999999747,17.50153753154057,17.15891518737815,-0.07742074627330098,-0.4423653986615542,300509.94200000004,304030.569,0.0,0.0,0,7073.429000000001,6834.788785714285,6672.147666666667,7774.078655555556,1904.1331443175643,1401.8932051335735,35601.18571428572,34265.57499999988,-36.28482906769061,6.957027825795213,5.166741314795669,8713.132000000001
2018-12-02,8713.132000000001,43569.38999999995,17.47780329922891,292500.06799999997,303,136,484,137,6,2,48,12,4,2018,336,1,-0.7818314824680299,0.6234898018587334,-2.4492935982947064e-16,1.0,-0.4822058478963526,0.8760579434344281,8611.512999999999,9968.508,8855.412999999997,6118.731,7608.876,44493.459999999985,47973.33000000002,33739.85999999974,17.42411678526727,17.125119624708073,0.05368651396164026,0.3081161279120568,300509.94200000004,297293.09300000005,-8009.874000000069,-2.6654272889247927,0,6936.888571428571,6848.401,6769.2209,7760.567533333333,1720.9573374848592,1432.6954613590135,35143.65142857142,34740.635333333215,-13.612819491141511,40.7401796222125,5.000428089463116,6107.938999999999
2018-12-03,6107.938999999999,32561.409999999938,17.472785471650337,290708.194,282,137,482,137,0,3,49,12,4,2018,337,0,0.0,1.0,-2.4492935982947064e-16,1.0,-0.46706492487743034,0.8842230238742036,8713.132000000001,6969.208999999997,5574.022,8375.202,7475.286000000001,43569.38999999995,33602.81000000007,42505.20999999974,17.47780329922891,17.270985915494204,-0.005017827578573275,-0.02870971536105257,292500.06799999997,293808.3840000001,-1791.8739999999525,-0.6126063533085923,0,6757.549142857142,6838.238071428571,6855.700933333334,7772.8370444444445,1385.0000534312253,1469.895159699164,34514.51714285712,35068.28633333323,25.023255867344556,4.0348877555431155,5.330997902893258,5807.736
2018-12-04,5807.736,31663.03999999994,17.494656819250974,294981.9550000001,276,137,484,137,1,4,49,12,4,2018,338,0,0.7818314824680298,0.6234898018587336,-2.4492935982947064e-16,1.0,-0.451785789832884,0.8921264484954345,6107.938999999999,5680.042000000001,5709.521,8756.272,8574.173999999999,32561.409999999938,29939.80999999995,43560.199999999844,17.472785471650337,17.299058829726818,0.021871347600637137,0.12517378889658712,290708.194,297962.341,4273.761000000057,1.470120584217195,0,6634.51057142857,6876.375,6780.1255,7757.6443,1401.2241612360378,1447.1860527665592,34365.74571428567,34736.826333333236,7.533342183033119,-30.24498325314702,5.451873156768824,5853.126
2018-12-05,5853.126,31095.88999999996,17.499717614022053,299566.139,274,137,485,137,2,5,49,12,4,2018,339,0,0.9749279121818236,-0.22252093395631434,-2.4492935982947064e-16,1.0,-0.4363729641045924,0.8997658785476209,5807.736,5631.802,5755.145,5932.121999999999,7709.970999999999,31663.03999999994,28934.81999999999,31418.179999999804,17.494656819250974,17.38565194476774,0.005060794771079458,0.028927659589816027,294981.9550000001,300163.55500000005,4584.18399999995,1.5540557387654268,0,6652.752571428571,6883.390357142857,6681.840966666668,7726.9061,1387.4912278616293,1407.9413625844809,34611.92142857139,34340.254333333236,3.1239379509435916,-2.096821339817346,5.3126978643548695,6066.873999999999
2018-12-06,6066.873999999999,31152.16999999983,17.469499870568576,303975.95,270,137,485,137,3,6,49,12,4,2018,340,0,0.43388373911755823,-0.900968867902419,-2.4492935982947064e-16,1.0,-0.42083100859565564,0.9071390534005044,5853.126,5601.326999999998,5693.895999999999,5838.375999999999,7657.754000000001,31095.88999999996,29031.90999999991,29745.449999999826,17.499717614022053,17.485554148196453,-0.030217743453476942,-0.17267560608671922,299566.139,302212.321,4409.810999999987,1.4720659066210373,0,6684.370285714285,6890.389000000001,6679.207766666667,7706.274488888889,1362.647928960103,1409.4649203417036,34920.64571428567,34329.51133333324,4.495345477955525,0.25263874748733056,5.1347975909834025,6265.003
2018-12-07,6265.003,32804.749999999876,17.48049023659635,306556.581,284,137,486,137,4,7,49,12,4,2018,341,0,-0.433883739117558,-0.9009688679024191,-2.4492935982947064e-16,1.0,-0.4051645224207563,0.9142437912130223,6066.873999999999,6095.819,6164.1010000000015,5813.762000000002,9460.303,31152.16999999983,32029.41999999997,30072.14999999988,17.469499870568576,17.50153753154057,0.010990366027773035,0.06291173822490967,303975.95,300509.94200000004,2580.630999999994,0.8489589390213251,0,6750.877,6917.030285714286,6686.824366666667,7688.598044444445,1311.3741630201075,1405.375930718442,35223.53999999994,34376.40199999991,-0.47483365237717073,4.353669792468222,5.236190629118594,9247.883000000002
2018-12-08,9247.883000000002,49918.060000000165,17.386980228608287,306556.581,297,137,486,137,5,8,49,12,4,2018,342,1,-0.9749279121818236,-0.2225209339563146,-2.4492935982947064e-16,1.0,-0.3893781415452015,0.9210779895789526,6265.003,8611.512999999999,9567.296000000002,5654.327,10524.848,32804.749999999876,44493.459999999985,29060.059999999896,17.48049023659635,17.42411678526727,-0.09351000798806197,-0.5349392764299808,306556.581,300509.94200000004,0.0,0.0,0,6775.0461428571425,6924.237571428572,6701.865733333334,7653.094711111111,1298.7876847831972,1398.1055135135173,35334.30142857136,34467.48866666658,-27.248521833503585,10.800153581496073,5.397782389764247,9252.856
2018-12-09,9252.856,50675.840000000084,17.448091481024672,302311.66500000004,309,136,486,137,6,9,49,12,4,2018,343,1,-0.7818314824680299,0.6234898018587334,-2.4492935982947064e-16,1.0,-0.37347653741307074,0.9276396261490467,9247.883000000002,8713.132000000001,9968.508,5915.659000000002,7937.944,49918.060000000165,43569.38999999995,31363.44999999986,17.386980228608287,17.47780329922891,0.06111125241638504,0.3514770915528705,306556.581,292500.06799999997,-4244.915999999968,-1.3847088149772808,0,6865.956142857142,6901.422357142857,6821.650933333334,7638.906211111112,1460.910441518519,1457.9234581009498,36109.24428571424,35162.755333333254,6.137299423444981,56.32887223553619,5.476778196915642,6060.029999999999
2018-12-10,6060.029999999999,32306.059999999885,17.491880916663916,303267.1440000001,287,137,487,137,0,10,50,12,4,2018,344,0,0.0,1.0,-2.4492935982947064e-16,1.0,-0.3574644155648614,0.9339267592294762,9252.856,6107.938999999999,6969.208999999997,8291.076000000001,10085.868999999999,50675.840000000084,32561.409999999938,41803.60999999971,17.448091481024672,17.472785471650337,0.04378943563924409,0.25096977332372666,302311.66500000004,290708.194,955.4790000000503,0.31605760234228814,0,6943.059571428572,6850.304357142857,6932.890833333334,7653.516344444444,1583.728386790796,1512.697872073671,37124.4514285714,35806.50166666659,51.489004719922725,11.60018313666403,5.331006612178469,6281.72
2018-12-11,6281.72,32794.56999999993,17.583901201327066,307987.421,276,137,488,137,1,11,50,12,4,2018,345,0,0.7818314824680298,0.6234898018587336,-2.4492935982947064e-16,1.0,-0.34134651424503615,0.9399375283564133,6060.029999999999,5807.736,5680.042000000001,8669.976999999999,9041.802,32306.059999999885,31663.03999999994,41521.92999999973,17.491880916663916,17.494656819250974,0.09202028466314971,0.5260742689797593,303267.1440000001,294981.9550000001,4720.276999999885,1.5564749078125932,0,6936.215428571429,6785.362999999999,6858.522633333333,7608.784799999999,1588.0365538359972,1498.3978906840628,37087.97285714282,35489.9166666666,4.344102417878481,-30.10327478377394,5.220635431060271,5815.722999999998
2018-12-12,5815.722999999998,31385.51999999988,17.589423456150953,311237.189,277,137,486,137,2,12,50,12,4,2018,346,0,0.9749279121818236,-0.22252093395631434,-2.4492935982947064e-16,1.0,-0.3251276029999093,0.9456701548465688,6281.72,5853.126,5631.802,5896.372,7341.273,32794.56999999993,31095.88999999996,30682.329999999816,17.583901201327066,17.499717614022053,0.0055222548238873514,0.03140517431632625,307987.421,299566.139,3249.76800000004,1.0551625743182675,0,7003.927428571428,6828.339999999999,6778.914066666666,7578.117222222223,1541.3178678552904,1461.8351664719714,37249.61999999996,35199.00466666661,7.322480329314626,6.535340714595347,5.3966669320392135,5814.1449999999995
2018-12-13,5814.1449999999995,32173.429999999942,17.62065898713306,314178.997,285,137,487,137,3,13,50,12,4,2018,347,0,0.43388373911755823,-0.900968867902419,-2.4492935982947064e-16,1.0,-0.30881248126625377,0.9511229423235357,5815.722999999998,6066.873999999999,5601.326999999998,5615.711000000002,7522.434999999999,31385.51999999988,31152.16999999983,29337.089999999796,17.589423456150953,17.469499870568576,0.031235530982105075,0.17758132357193396,311237.189,303975.95,2941.807999999961,0.9451981009891336,0,6998.584142857143,6841.477214285714,6776.2257666666665,7561.166666666667,1546.0298940500804,1463.587223781226,37290.995714285666,35222.444333333275,-4.139710170344741,3.56165051940878,5.533647681645357,6193.025
2018-12-14,6193.025,34539.84999999979,17.634639800841683,316577.8929999999,284,137,487,137,4,14,50,12,4,2018,348,0,-0.433883739117558,-0.9009688679024191,-2.4492935982947064e-16,1.0,-0.29240597695107734,0.9562942772197719,5814.1449999999995,6265.003,6095.819,5731.6720000000005,10225.889,32173.429999999942,32804.749999999876,30157.179999999844,17.62065898713306,17.48049023659635,0.01398081370862414,0.07934330786852635,314178.997,306556.581,2398.8959999999497,0.7635443562129488,0,6962.479999999999,6856.6785,6782.840233333333,7542.185666666667,1574.1102422579427,1458.601498716865,37436.88999999997,35316.98899999995,-7.196453058362465,1.438899504367993,5.5772179185454265,8949.086
2018-12-15,8949.086,45627.67000000011,17.560566057226968,319147.959,309,137,488,137,5,15,50,12,4,2018,349,1,-0.9749279121818236,-0.2225209339563146,-2.4492935982947064e-16,1.0,-0.27591294500296043,0.9611826292540837,6193.025,9247.883000000002,8611.512999999999,5851.124000000001,11213.353999999998,34539.84999999979,49918.060000000165,30153.799999999905,17.634639800841683,17.386980228608287,-0.07407374361471497,-0.4200468195056613,316577.8929999999,306556.581,2570.06600000005,0.8118273754510238,0,6952.197428571429,6863.621785714286,6798.218666666667,7497.376066666667,1579.651071242099,1449.5405228966194,37684.761428571386,35463.07799999994,-33.03305199687325,5.843338818319333,5.098584369398183,9161.841
2018-12-16,9161.841,46630.96000000006,17.589352566428143,313527.1229999999,297,136,486,137,6,16,50,12,4,2018,350,1,-0.7818314824680299,0.6234898018587334,-2.4492935982947064e-16,1.0,-0.2593382659754056,0.9657865518844574,8949.086,9252.856,8713.132000000001,6317.687999999999,8332.314999999999,45627.67000000011,50675.840000000084,33935.5699999999,17.560566057226968,17.448091481024672,0.028786509201175647,0.16392700045867084,319147.959,302311.66500000004,-5620.836000000068,-1.7612006724442404,0,6909.512142857142,6887.734142857143,6901.484066666667,7472.217533333334,1509.7694376835045,1489.5404728897258,37071.84857142852,35978.873666666615,-3.2829863557803174,41.65128129151044,5.089693217771413,6246.406
2018-12-17,6246.406,35376.109999999906,17.55965838992434,312652.30999999994,290,137,486,137,0,17,51,12,4,2018,351,0,0.0,1.0,-2.4492935982947064e-16,1.0,-0.2426868445825954,0.9701046827361175,9161.841,6060.029999999999,6107.938999999999,8420.942000000003,7818.634000000001,46630.96000000006,32306.059999999885,42755.78999999986,17.589352566428143,17.491880916663916,-0.029694176503802794,-0.1688190420406859,313527.1229999999,303267.1440000001,-874.8129999999655,-0.2790230687633254,0,6896.509999999999,6919.784785714285,6996.289166666667,7481.434488888888,1486.4366780803985,1540.7336944584968,36494.008571428516,36402.05333333329,51.184746610165334,8.798291212550774,5.6634343012605814,5892.567
2018-12-18,5892.567,31490.899999999896,17.51033628685587,318654.451,285,137,486,137,1,18,51,12,4,2018,352,0,0.7818314824680298,0.6234898018587336,-2.4492935982947064e-16,1.0,-0.22596360824801906,0.974135744004672,6246.406,6281.72,5807.736,8855.412999999997,7574.048000000001,35376.109999999906,32794.56999999993,44853.74999999976,17.55965838992434,17.583901201327066,-0.0493221030684694,-0.2808830443806938,312652.30999999994,307987.421,6002.1410000000615,1.919749449476341,0,6923.1351428571425,6929.675285714286,6923.804633333333,7463.9652888888895,1470.54061036789,1522.4415286988626,36932.58714285709,36156.06399999996,-0.5621708703985582,-29.46228481946576,5.344173430696655,6142.884999999999
2018-12-19,6142.884999999999,33386.929999999906,17.500910644912278,322889.32599999994,294,137,488,137,2,19,51,12,4,2018,353,0,0.9749279121818236,-0.22252093395631434,-2.4492935982947064e-16,1.0,-0.20917350564635637,0.9778785428342386,5892.567,5815.722999999998,5853.126,5574.022,8084.312000000001,31490.899999999896,31385.51999999988,29486.009999999857,17.51033628685587,17.589423456150953,-0.009425641943593632,-0.053829017268326174,318654.451,311237.189,4234.874999999942,1.3289866144063187,0,6867.541857142857,6935.734642857142,6825.0431,7445.282166666667,1505.7645421355996,1488.539471649942,36746.34857142851,35710.63566666663,1.3213146499584298,5.714814186237515,5.435056980555538,6319.405999999996
2018-12-20,6319.405999999996,33873.489999999896,17.81681039391415,326783.9100000001,294,137,486,137,3,20,51,12,4,2018,354,0,0.43388373911755823,-0.900968867902419,-2.4492935982947064e-16,1.0,-0.19232150523909483,0.9813319716704275,6142.884999999999,5814.1449999999995,6066.873999999999,5709.521,7646.448999999999,33386.929999999906,32173.429999999942,30830.98999999988,17.500910644912278,17.62065898713306,0.315899749001872,1.8050474938783132,322889.32599999994,314178.997,3894.584000000148,1.2061668461595874,0,6914.279285714285,6956.4317142857135,6844.0052,7423.710755555556,1472.3832766342673,1475.6207582689751,37032.264285714235,35840.66633333329,5.654141752570667,7.590198897595781,5.360233224451778,6757.230000000002
2018-12-21,6757.230000000002,37993.599999999875,17.79848163476601,328590.34299999994,279,137,490,137,4,21,51,12,4,2018,355,0,-0.433883739117558,-0.9009688679024191,-2.4492935982947064e-16,1.0,-0.17541259380427843,0.9844950085880858,6319.405999999996,6193.025,6265.003,5755.145,9989.403000000002,33873.489999999896,34539.84999999979,29186.049999999876,17.81681039391415,17.634639800841683,-0.01832875914814025,-0.10287340294310462,326783.9100000001,316577.8929999999,1806.4329999998445,0.5527912925700179,0,6986.459428571428,6974.469714285713,6864.3347,7408.965833333334,1420.9494506705637,1463.6043523730928,37275.12999999994,35942.08299999996,2.0406990121951174,9.804461920594457,5.6226589889643925,11692.145999999999
2018-12-22,11692.145999999999,55305.87000000008,17.701474243285023,328590.34299999994,317,137,490,137,5,22,51,12,4,2018,356,1,-0.9749279121818236,-0.2225209339563146,-2.4492935982947064e-16,1.0,-0.15845177496083632,0.9873667175937016,6757.230000000002,8949.086,9247.883000000002,5693.895999999999,10625.992999999999,37993.599999999875,45627.67000000011,30250.89000000002,17.79848163476601,17.560566057226968,-0.09700739148098592,-0.5450318373871853,328590.34299999994,319147.959,0.0,0.0,0,7067.060142857142,7009.628785714286,6897.737533333333,7373.0527999999995,1383.9627078696287,1448.7770164237513,37768.52285714281,36235.66799999997,-24.49251241970406,18.67498106744492,4.730172715941118,13490.587000000007
2018-12-23,13490.587000000007,56698.980000000265,17.689537257748245,318836.36500000005,305,136,491,137,6,23,51,12,4,2018,357,1,-0.7818314824680299,0.6234898018587334,-2.4492935982947064e-16,1.0,-0.14144406768794202,0.9899462489023779,11692.145999999999,9161.841,9252.856,6164.1010000000015,7644.8640000000005,55305.87000000008,46630.96000000006,32097.750000000084,17.701474243285023,17.589352566428143,-0.011936985536777911,-0.0674349795543507,328590.34299999994,313527.1229999999,-9753.977999999886,-2.9684311203265907,0,7458.925857142856,7184.218999999999,7097.6792,7384.898944444445,2170.5069819976407,1673.3974161814176,39151.12285714281,37070.83399999996,27.617866321845124,89.68128523526782,4.202854923955513,6997.731000000001
2018-12-24,6997.731000000001,51295.83000000003,17.69125130072973,317558.88700000005,298,137,492,137,0,24,52,12,4,2018,358,0,0.0,1.0,-2.4492935982947064e-16,1.0,-0.12439450483979998,0.9922328391893008,13490.587000000007,6246.406,6060.029999999999,9567.296000000002,7060.369,56698.980000000265,35376.109999999906,47696.20000000011,17.689537257748245,17.55965838992434,0.0017140429814830327,0.009689586315957812,318836.36500000005,312652.30999999994,-1277.4780000000028,-0.40066885093235916,0,8077.318142857143,7486.91407142857,7341.895399999999,7449.851422222223,3137.6943865059893,2029.2343024717225,40589.41142857141,37890.87499999998,115.97358545057762,41.00731282903763,7.330351795460561,6352.960000000001
2018-12-25,6352.960000000001,37466.50999999982,17.659182494667544,320234.439,299,137,494,137,1,25,52,12,4,2018,359,0,0.7818314824680298,0.6234898018587336,-2.4492935982947064e-16,1.0,-0.10730813165636247,0.9942258118156161,6997.731000000001,5892.567,6281.72,9968.508,7052.706,51295.83000000003,31490.899999999896,47973.33000000002,17.69125130072973,17.51033628685587,-0.03206880606218476,-0.1812692924714827,317558.88700000005,318654.451,2675.551999999967,0.8425372771885191,0,8184.650285714286,7553.892714285715,7256.243233333333,7449.1554444444455,3076.8865264689175,1985.8283798265809,42863.65714285714,38010.86266666663,18.75522162072999,-29.801621265689903,5.897488729662994,6858.38
2018-12-26,6858.38,36067.22999999987,17.691086639593145,322161.462,286,137,493,137,2,26,52,12,4,2018,360,0,0.9749279121818236,-0.22252093395631434,-2.4492935982947064e-16,1.0,-0.09019000427034513,0.9959245770286599,6352.960000000001,6142.884999999999,5815.722999999998,6969.208999999997,7548.872,37466.50999999982,33386.929999999906,33602.81000000007,17.659182494667544,17.500910644912278,0.03190414492560123,0.18066603556101857,320234.439,322889.32599999994,1927.0229999999865,0.6017538294811529,0,8250.420714285714,7558.981285714285,7135.724966666667,7441.38048888889,3024.195415032009,1924.3065667898434,43717.3157142857,37660.635333333295,3.4198100729543475,-8.842452565276725,5.2588555898039875,6761.513999999999
2018-12-27,6761.513999999999,38204.74999999985,17.747951984066106,323556.186,295,135,494,137,3,27,52,12,4,2018,361,0,0.43388373911755823,-0.900968867902419,-2.4492935982947064e-16,1.0,-0.07304518821104743,0.9973286321364752,6858.38,6319.405999999996,5814.1449999999995,5680.042000000001,7812.001000000001,36067.22999999987,33873.489999999896,29939.80999999995,17.691086639593145,17.81681039391415,0.056865344472960544,0.3214350007517024,322161.462,326783.9100000001,1394.7239999999874,0.4329270147153688,0,8352.634285714286,7633.456785714286,7132.030666666667,7433.7083555555555,2952.3291571727386,1924.743604550922,44100.215714285696,37742.78266666662,8.528871226188096,20.745233926087142,5.650324764542357,8373.025000000001
2018-12-28,8373.025000000001,48029.24999999989,17.765450594335537,323468.79800000007,289,135,495,137,4,28,52,12,4,2018,362,0,-0.433883739117558,-0.9009688679024191,-2.4492935982947064e-16,1.0,-0.05587875690537313,0.9984375616565666,6761.513999999999,6757.230000000002,6193.025,5631.802,10554.63,38204.74999999985,37993.599999999875,28934.81999999999,17.747951984066106,17.79848163476601,0.017498610269431225,0.09859509584622082,323556.186,328590.34299999994,-87.38799999991897,-0.02700860122016612,0,8415.792571428572,7701.125999999999,7168.079733333334,7422.036277777778,2905.948165176501,1906.6537378933135,44718.96714285711,38018.280666666615,0.06339875955083549,20.059512035401806,5.736188534012484,9773.408000000001
2018-12-29,9773.408000000001,54683.90000000032,17.688567866605705,322598.8390000001,313,136,496,137,5,29,52,12,4,2018,363,1,-0.9749279121818236,-0.2225209339563146,-2.4492935982947064e-16,1.0,-0.03869579017652689,0.9992510374388481,8373.025000000001,11692.145999999999,8949.086,5601.326999999998,10471.598,48029.24999999989,55305.87000000008,29031.90999999991,17.765450594335537,17.701474243285023,-0.0768827277298314,-0.43276542478660934,323468.79800000007,328590.34299999994,-869.9589999999735,-0.26894680580597247,0,8646.62042857143,7856.840285714286,7259.453833333334,7397.796222222222,2814.9966606417747,1896.1466628825292,46152.63142857141,38654.761666666614,-28.38761164973477,49.482881467195256,5.595172124196628,11909.097999999996
2018-12-30,11909.097999999996,67037.44000000045,17.705250272884587,315259.67600000004,321,136,494,137,6,30,52,12,4,2018,364,1,-0.7818314824680299,0.6234898018587334,-2.4492935982947064e-16,1.0,-0.021501372740813793,0.999768818762748,9773.408000000001,13490.587000000007,9161.841,6095.819,7458.927000000001,54683.90000000032,56698.980000000265,32029.41999999997,17.688567866605705,17.689537257748245,0.016682406278881956,0.09431179734101999,322598.8390000001,318836.36500000005,-7339.163000000059,-2.275012217263453,0,8372.515000000001,7915.72042857143,7398.5232,7390.038555555555,2549.9583303667387,1923.145458141916,46063.77857142858,39509.827999999965,-27.553871451257116,60.329694828537406,5.6290946635925305,14504.277000000002
2018-12-31,14504.277000000002,88605.05000000088,17.720959282624804,302763.05199999997,307,137,494,137,0,31,1,12,4,2018,365,0,0.0,1.0,-2.4492935982947064e-16,1.0,-0.004300592702981974,0.9999907524084426,11909.097999999996,6997.731000000001,6246.406,8611.512999999999,7636.333,67037.44000000045,51295.83000000003,44493.459999999985,17.705250272884587,17.69125130072973,0.01570900974021683,0.0887251493093832,315259.67600000004,317558.88700000005,-12496.624000000069,-3.963914496949514,0,8146.588000000001,8111.953071428572,7592.299166666667,7439.4848999999995,2039.9829318339177,2074.2920535396443,47540.70142857147,40676.76199999998,70.18513572470842,38.292748324249146,6.108891191198352,4810.576
2019-01-01,4810.576,26918.139999999956,17.780975596957468,302763.05199999997,277,131,494,137,1,1,1,1,1,2019,1,0,0.7818314824680298,0.6234898018587336,0.49999999999999994,0.8660254037844387,0.017201575418260506,0.9998520419557735,14504.277000000002,6352.960000000001,5892.567,8713.132000000001,7502.465,88605.05000000088,37466.50999999982,43569.38999999995,17.720959282624804,17.659182494667544,0.06001631433266397,0.33867418448113734,302763.05199999997,320234.439,0.0,0.0,0,9218.951714285715,8701.801000000001,7788.724633333333,7515.795388888889,3055.589731331138,2423.7125269798353,52870.59000000016,42147.148333333345,128.3073874225558,66.46456176722675,5.595616824263863,6885.328999999999
2019-01-02,6885.328999999999,36974.31999999983,17.811318900742183,296750.03500000003,266,135,494,137,2,2,1,1,1,2019,2,0,0.9749279121818236,-0.22252093395631434,0.49999999999999994,0.8660254037844387,0.03439806061360801,0.9994082116062598,4810.576,6858.38,6142.884999999999,6107.938999999999,7338.103000000002,26918.139999999956,36067.22999999987,32561.409999999938,17.780975596957468,17.691086639593145,0.030343303784714948,0.17065038765312202,302763.05199999997,322161.462,-6013.016999999934,-1.9860471613953525,0,8998.611142857144,8624.515928571429,7658.639433333333,7485.885511111111,3339.156325514106,2476.540032987046,51363.680000000175,41592.10666666668,-29.858421376476663,-21.240601780731595,5.370014998557053,5251.530999999999
2019-01-03,5251.530999999999,27593.17999999991,17.59492508382364,300160.79000000004,265,136,494,137,3,3,1,1,1,2019,3,0,0.43388373911755823,-0.900968867902419,0.49999999999999994,0.8660254037844387,0.051584366869408364,0.9986686402879997,6885.328999999999,6761.513999999999,6319.405999999996,5807.736,7767.531000000001,36974.31999999983,38204.74999999985,31663.03999999994,17.811318900742183,17.747951984066106,-0.21639381691854354,-1.2149230392451542,296750.03500000003,323556.186,3410.7550000000047,1.1493697043708873,0,9002.461,8677.547642857144,7684.552433333333,7480.8546888888895,3336.291806731648,2463.7891913286517,51493.26428571446,41739.203666666675,1.831172722558877,18.554441868569764,5.254311552193049,5890.390000000001
2019-01-04,5890.390000000001,31603.779999999944,17.578649775832815,301496.4880000001,278,135,495,137,4,4,1,1,1,2019,4,0,-0.433883739117558,-0.9009688679024191,0.49999999999999994,0.8660254037844387,0.06875540848113941,0.9976335468520451,5251.530999999999,8373.025000000001,6757.230000000002,5853.126,9914.877,27593.17999999991,48029.24999999989,31095.88999999996,17.59492508382364,17.765450594335537,-0.016275307990824217,-0.09250001300538274,300160.79000000004,323468.79800000007,1335.6980000000913,0.44499416462759545,0,8786.749142857143,8601.270857142857,7666.012266666667,7452.899133333333,3547.463161398936,2480.4358587871507,49977.32571428589,41603.54166666667,-37.280361637520514,-10.278182974362778,5.365311974249572,7959.0650000000005
2019-01-05,7959.0650000000005,40794.03000000005,17.589357446368673,304075.00500000006,286,136,496,137,5,5,1,1,1,2019,5,1,-0.9749279121818236,-0.2225209339563146,0.49999999999999994,0.8660254037844387,0.08590610426133272,0.9963032375991965,5890.390000000001,9773.408000000001,11692.145999999999,6066.873999999999,10521.777999999997,31603.779999999944,54683.90000000032,31152.16999999983,17.578649775832815,17.688567866605705,0.010707670535857972,0.0609129294479654,301496.4880000001,322598.8390000001,2578.5169999999343,0.8552394812638525,0,8432.087,8539.353714285715,7667.254400000001,7408.18261111111,3715.82654012743,2479.5058668482698,47630.83000000019,41620.471333333335,-39.73043998572452,-2.9089775063730956,5.125480191454655,7862.232
2019-01-06,7862.232,40117.82999999996,17.604158910094217,304075.00500000006,290,135,495,137,6,6,1,1,1,2019,6,1,-0.7818314824680299,0.6234898018587334,0.49999999999999994,0.8660254037844387,0.10303137904317879,0.9946781061893646,7959.0650000000005,11909.097999999996,13490.587000000007,6265.003,7297.764000000001,40794.03000000005,67037.44000000045,32804.749999999876,17.589357446368673,17.705250272884587,0.014801463725543584,0.08415011048967766,304075.00500000006,315259.67600000004,0.0,0.0,0,8172.895142857143,8272.705071428572,7730.327433333334,7379.708022222223,3669.6627027941586,2461.392378196472,45646.562857143006,41941.866666666676,-33.16819628153196,27.04008282198749,5.10260063554471,5995.113999999999
2019-01-07,5995.113999999999,31467.510000000006,17.606621354167828,298803.684,274,136,495,137,0,7,2,1,1,2019,7,0,0.0,1.0,0.49999999999999994,0.8660254037844387,0.1201261651823505,0.9927586335250793,7862.232,14504.277000000002,6997.731000000001,9247.883000000002,7629.489999999999,40117.82999999996,88605.05000000088,49918.060000000165,17.604158910094217,17.720959282624804,0.002462444073611181,0.013987854155299725,304075.00500000006,302763.05199999997,-5271.3210000000545,-1.733559455174572,0,7594.771428571429,7870.679714285715,7783.5684,7385.979888888888,3281.1648518257966,2445.829003015081,41800.904285714365,42185.63600000002,-45.793699334341184,-14.983439993780213,5.248859321107157,5778.159
2019-01-08,5778.159,29071.26999999992,17.613333506548578,304034.6109999999,259,135,496,137,1,8,2,1,1,2019,8,0,0.7818314824680298,0.6234898018587336,0.49999999999999994,0.8660254037844387,0.13718540405660057,0.9905453876091833,5995.113999999999,4810.576,6352.960000000001,9252.856,6956.242000000002,31467.510000000006,26918.139999999956,50675.840000000084,17.606621354167828,17.780975596957468,0.006712152380750069,0.038122887098728755,298803.684,302763.05199999997,5230.926999999909,1.750623328994802,0,6379.176714285713,7799.064214285713,7675.142766666667,7367.820155555556,1229.5120841569387,2450.7702814583013,33638.39857142853,41570.61766666667,24.6236209551621,-35.20796173635471,5.031233996849156,5524.213999999999
2019-01-09,5524.213999999999,29254.769999999902,17.650335163697758,306259.01100000006,261,136,495,137,2,9,2,1,1,2019,9,0,0.9749279121818236,-0.22252093395631434,0.49999999999999994,0.8660254037844387,0.1542040475626894,0.988039023376751,5778.159,6885.328999999999,6858.38,6060.029999999999,6636.138000000001,29071.26999999992,36974.31999999983,32306.059999999885,17.613333506548578,17.811318900742183,0.03700165714917958,0.2100775366311124,304034.6109999999,296750.03500000003,2224.4000000001397,0.7316272291118001,0,6517.402857142856,7758.007,7559.319533333333,7354.730344444445,1067.4868162004839,2455.7384725750017,33945.98857142853,40850.46533333333,-16.080132118595923,-4.651313607358367,5.29573437958774,5538.796
2019-01-10,5538.796,29175.859999999917,17.649745749574784,311258.3550000001,277,136,495,137,3,10,2,1,1,2019,10,0,0.43388373911755823,-0.900968867902419,0.49999999999999994,0.8660254037844387,0.17117705961019986,0.985240282501282,5524.213999999999,5251.530999999999,6761.513999999999,6281.72,6874.649999999999,29254.769999999902,27593.17999999991,32794.56999999993,17.650335163697758,17.59492508382364,-0.0005894141229738636,-0.003339393374161746,306259.01100000006,300160.79000000004,4999.344000000041,1.6323908262082254,0,6322.9578571428565,7662.709428571428,7541.459,7342.375633333334,1112.321975999685,2468.93183236002,32843.19571428567,40748.75566666667,5.192447688112287,-12.058894697630604,5.2675455098905815,5963.705000000001
2019-01-11,5963.705000000001,31495.28,17.65528977272841,311042.30700000003,279,136,497,137,4,11,2,1,1,2019,11,0,-0.433883739117558,-0.9009688679024191,0.49999999999999994,0.8660254037844387,0.18809941761179758,0.9821499931752291,5538.796,5890.390000000001,8373.025000000001,5815.722999999998,16522.084999999995,29175.859999999917,31603.779999999944,31385.51999999988,17.649745749574784,17.578649775832815,0.005544023153625233,0.031411348538880786,311258.3550000001,301496.4880000001,-216.048000000068,-0.0694111488188222,0,6363.995714285715,7575.372428571429,7516.694866666667,7327.532811111111,1070.7261272698413,2485.6722275863813,33069.29285714282,40628.132,-5.968942633679618,-4.7616951495110404,5.281159950064598,8235.791
2019-01-12,8235.791,43066.89999999976,17.631851737453037,311365.56799999997,302,136,498,137,5,12,2,1,1,2019,12,1,-0.9749279121818236,-0.2225209339563146,0.49999999999999994,0.8660254037844387,0.20496611396949532,0.9787690698649216,5963.705000000001,7959.0650000000005,9773.408000000001,5814.1449999999995,15058.731,31495.28,40794.03000000005,32173.429999999942,17.65528977272841,17.589357446368673,-0.02343803527537247,-0.13275361422601228,311042.30700000003,304075.00500000006,323.2609999999404,0.10392830580437419,0,6374.469285714286,7403.278142857142,7521.627600000001,7210.217477777777,1065.667947905572,2482.324887360476,33053.79285714283,40631.790666666675,-25.07028149663308,2.5723472668810516,5.229236633129686,8225.918000000005
2019-01-13,8225.918000000005,41188.62999999965,17.60438577475094,311365.56799999997,311,136,497,137,6,13,2,1,1,2019,13,1,-0.7818314824680299,0.6234898018587334,0.49999999999999994,0.8660254037844387,0.22177215755648186,0.975098513039961,8235.791,7862.232,11909.097999999996,6193.025,10079.397000000003,43066.89999999976,40117.82999999996,34539.84999999979,17.631851737453037,17.604158910094217,-0.027465962702095226,-0.15577469179685122,311365.56799999997,304075.00500000006,0.0,0.0,0,6414.001571428571,7293.448357142857,7602.349133333334,7134.407033333332,1136.9934319805839,2464.1933848495555,33378.4885714285,40994.90633333333,4.75130980617208,32.98494677479906,5.007177314434647,7955.422
2019-01-14,7955.422,87030.25999999973,17.680522183772812,304823.07699999993,271,137,498,137,0,14,3,1,1,2019,14,0,0.0,1.0,0.49999999999999994,0.8660254037844387,0.23851257519407648,0.9711394088771653,8225.918000000005,5995.113999999999,14504.277000000002,8949.086,9338.983,41188.62999999965,31467.510000000006,45627.67000000011,17.60438577475094,17.606621354167828,0.07613640902187058,0.43248546127107196,311365.56799999997,298803.684,-6542.491000000038,-2.101224949831331,0,6465.956714285714,7030.364071428572,7670.112233333334,7113.812822222222,1219.514848755005,2452.023165970226,33531.45999999988,41216.53233333332,37.21036830992717,-8.080914631952293,10.939741474430864,7287.369000000002
2019-01-15,7287.369000000002,72308.34000000017,17.728960656754698,307903.7729999999,262,137,498,137,1,15,3,1,1,2019,15,0,0.7818314824680298,0.6234898018587336,0.49999999999999994,0.8660254037844387,0.2551824131233728,0.9668929289391521,7955.422,5778.159,4810.576,9161.841,6795.567999999999,87030.25999999973,29071.26999999992,46630.96000000006,17.680522183772812,17.613333506548578,0.04843847298188564,0.2739651718337962,304823.07699999993,304034.6109999999,3080.6959999999963,1.0106505158072387,0,6746.000714285715,6562.588714285715,7636.9901,7098.439922222222,1314.7331972814652,2440.8366717231106,41468.995714285564,42596.618666666654,37.68091186137315,-13.16786658925865,9.922420560836175,5743.427000000002
2019-01-16,5743.427000000002,31097.10999999985,17.71770825792566,308526.951,278,136,498,137,2,16,3,1,1,2019,16,0,0.9749279121818236,-0.22252093395631434,0.49999999999999994,0.8660254037844387,0.2717767384711357,0.9623603298276545,7287.369000000002,5524.213999999999,6885.328999999999,6246.406,6598.799000000001,72308.34000000017,29254.769999999902,35376.109999999906,17.728960656754698,17.650335163697758,-0.01125239882903628,-0.06346902701681578,307903.7729999999,306259.01100000006,623.1780000000726,0.20239375241435342,0,6961.602142857145,6739.5025000000005,7574.5077,7103.904377777778,1251.8063272098113,2424.3930574963883,47645.71999999988,43452.531333333325,31.916848261128255,16.664991036445638,5.414382388772389,6421.706
2019-01-17,6421.706,31614.179999999782,17.980976328304354,308430.407,281,136,499,137,3,17,3,1,1,2019,17,0,0.43388373911755823,-0.900968867902419,0.49999999999999994,0.8660254037844387,0.2882906407095177,0.9575429528116719,5743.427000000002,5538.796,5251.530999999999,5892.567,6874.432999999998,31097.10999999985,29175.859999999917,31490.899999999896,17.71770825792566,17.649745749574784,0.26326807037869315,1.4859036312494054,308526.951,311258.3550000001,-96.54399999999441,-0.031291917833134265,0,6992.918285714288,6657.938071428572,7557.741733333333,7094.400244444444,1211.9622921031598,2435.6075408271304,47908.91142857131,43309.897999999994,3.6945032819407344,-2.530985222569342,4.923018898716288,7135.412
2019-01-18,7135.412,36023.329999999776,17.964750271726576,307635.33200000005,276,137,498,137,4,18,3,1,1,2019,18,0,-0.433883739117558,-0.9009688679024191,0.49999999999999994,0.8660254037844387,0.3047192331091634,0.9524422234305676,6421.706,5963.705000000001,5890.390000000001,6142.884999999999,8739.486000000003,31614.179999999782,31495.28,33386.929999999906,17.980976328304354,17.65528977272841,-0.016226056577778536,-0.09024013091122672,308430.407,311042.30700000003,-795.0749999999534,-0.2577810040629209,0,7119.048285714287,6741.522,7575.3797,7089.369944444445,1073.434208519528,2425.0259582963295,48257.24285714271,43314.00733333332,7.679806429057091,4.538925928126619,5.0485283821032025,8152.665000000001
2019-01-19,8152.665000000001,40159.459999999686,17.983817637341666,308228.84700000007,289,132,498,137,5,19,3,1,1,2019,19,1,-0.9749279121818236,-0.2225209339563146,0.49999999999999994,0.8660254037844387,0.321057654185271,0.9470596510722283,7135.412,8235.791,7959.0650000000005,6319.405999999996,9818.31,36023.329999999776,43066.89999999976,33873.489999999896,17.964750271726576,17.631851737453037,0.019067365615089926,0.10613766028854114,307635.33200000005,311365.56799999997,593.515000000014,0.19292809968915206,0,7286.435,6830.452142857143,7608.463933333334,7071.5469,947.1789234866742,2411.541712985323,48904.10714285697,43401.88733333331,-13.36093885821045,12.912700972211699,4.925930355288692,8725.804
2019-01-20,8725.804,43936.56999999969,17.959279498603042,302830.485,303,136,499,137,6,20,3,1,1,2019,20,1,-0.7818314824680299,0.6234898018587334,0.49999999999999994,0.8660254037844387,0.3373010691361842,0.9413968285264122,8152.665000000001,8225.918000000005,7862.232,6757.230000000002,6848.591000000001,40159.459999999686,41188.62999999965,37993.599999999875,17.983817637341666,17.60438577475094,-0.02453813873862387,-0.13644566039010977,308228.84700000007,311365.56799999997,-5398.362000000081,-1.7514136176877952,0,7274.559857142858,6844.280714285715,7669.572566666667,7053.039733333335,933.7181894289722,2400.9547387195275,48488.75857142838,43611.41966666664,-0.8905145905904266,20.65099160454799,5.035246035780736,6563.015
2019-01-21,6563.015,34322.02999999979,17.926579520698617,300461.282,278,137,498,137,0,21,4,1,1,2019,21,0,0.0,1.0,0.49999999999999994,0.8660254037844387,0.3534446712740877,0.9354554315134164,8725.804,7955.422,5995.113999999999,11692.145999999999,6427.772000000001,43936.56999999969,87030.25999999973,55305.87000000008,17.959279498603042,17.680522183772812,-0.032699977904425026,-0.1820784509031589,302830.485,304823.07699999993,-2369.2029999999795,-0.7823528730933347,0,7345.972142857144,6905.964428571429,7735.1917,7073.897655555556,1032.4975535050194,2402.060938573803,48881.321428571246,43809.51866666663,9.683735193431605,-25.370381108822958,5.229613218924501,6372.116
2019-01-22,6372.116,34478.94999999977,17.91978788507567,302293.79000000004,292,137,500,137,1,22,4,1,1,2019,22,0,0.7818314824680298,0.6234898018587336,0.49999999999999994,0.8660254037844387,0.3694836834473831,0.9292372181882051,6563.015,7287.369000000002,5778.159,13490.587000000007,5880.748,34322.02999999979,72308.34000000017,56698.980000000265,17.926579520698617,17.728960656754698,-0.006791635622946046,-0.03788584216584207,300461.282,307903.7729999999,1832.5080000000307,0.6098982164364295,0,7147.0568571428585,6946.528785714286,7564.220666666667,7075.4003555555555,1029.6381978561772,2290.660075646035,41351.574285714116,43110.057333333294,-9.939856208735991,-51.35115321520111,5.410910598614302,6177.235
2019-01-23,6177.235,31535.899999999885,17.931316774060992,302293.79000000004,281,137,500,137,2,23,4,1,1,2019,23,0,0.9749279121818236,-0.22252093395631434,0.49999999999999994,0.8660254037844387,0.38541335945432564,0.9227440286201427,6372.116,5743.427000000002,5524.213999999999,6997.731000000001,5649.941000000001,34478.94999999977,31097.10999999985,51295.83000000003,17.91978788507567,17.71770825792566,0.011528888985321117,0.06433607952984112,302293.79000000004,308526.951,0.0,0.0,0,7016.306428571429,6988.954285714287,7326.9383,7080.860000000001,1066.3102287438014,2006.685308181698,35947.37571428548,42369.389666666604,10.946234713177295,-8.940255062676753,5.105180554082835,6163.947999999999
2019-01-24,6163.947999999999,31642.31999999985,17.939306361377355,303613.36100000003,284,137,500,137,3,24,4,1,1,2019,24,0,0.43388373911755823,-0.900968867902419,0.49999999999999994,0.8660254037844387,0.4012289854475009,0.9159777842484877,6177.235,6421.706,5538.796,6352.960000000001,6659.041,31535.899999999885,31614.179999999782,37466.50999999982,17.931316774060992,17.980976328304354,0.0079895873163629,0.04455661241744635,302293.79000000004,308430.407,1319.5709999999963,0.4365193873152327,0,7078.279000000001,7035.598642857143,7299.588433333334,7086.718822222222,989.8686485960518,2016.8923828123945,36010.05999999977,41710.72533333327,-3.806947873353287,-2.766033471011957,5.133450184849037,6949.833
2019-01-25,6949.833,39396.54999999977,17.966320261100847,303701.84100000013,295,137,505,137,4,25,4,1,1,2019,25,0,-0.433883739117558,-0.9009688679024191,0.49999999999999994,0.8660254037844387,0.4169258813287287,0.908940487313808,6163.947999999999,7135.412,5963.705000000001,6858.38,8034.826999999999,31642.31999999985,36023.329999999776,36067.22999999987,17.939306361377355,17.964750271726576,0.02701389972349233,0.15058497346169544,303613.36100000003,307635.33200000005,88.48000000009779,0.029142327501225408,0,7041.456428571429,7080.252357142858,7293.288033333333,7081.217788888888,1022.6160414761379,2020.2438789564976,36014.07999999978,41516.5856666666,-13.614686860408352,-10.125306559274941,5.6687045573612735,8853.924000000003
2019-01-26,8853.924000000003,44748.06999999973,17.902681578676955,303701.84100000013,289,137,504,137,5,26,4,1,1,2019,26,1,-0.9749279121818236,-0.2225209339563146,0.49999999999999994,0.8660254037844387,0.4324994021339788,0.901634220265486,6949.833,8152.665000000001,8235.791,6761.513999999999,8514.087000000001,39396.54999999977,40159.459999999686,38204.74999999985,17.966320261100847,17.983817637341666,-0.06363868242389259,-0.35421099868556655,303701.84100000013,308228.84700000007,0.0,0.0,0,7014.945142857143,7150.690071428573,7296.336466666667,7069.162300000001,1022.1797522186837,2019.633904666415,36495.96857142835,41627.56299999994,-14.753850428050228,2.7851602466548235,5.0540381869100885,9063.170999999998
2019-01-27,9063.170999999998,48015.24999999978,18.007588920529752,297806.75600000005,287,135,503,137,6,27,4,1,1,2019,27,1,-0.7818314824680299,0.6234898018587334,0.49999999999999994,0.8660254037844387,0.44794493940789115,0.8940611451454876,8853.924000000003,8725.804,8225.918000000005,8373.025000000001,6414.812,44748.06999999973,43936.56999999969,48029.24999999989,17.902681578676955,17.959279498603042,0.10490734185279749,0.5859867494808583,303701.84100000013,302830.485,-5895.085000000079,-1.9410764783609185,0,7115.125,7194.84242857143,7366.083466666666,7072.938266666667,1175.180370008242,2036.586196101119,37151.484285714076,41845.6736666666,1.4682887674305156,5.74343203322576,5.2978422232130225,6438.604
2019-01-28,6438.604,35631.96999999982,18.08616092434918,296673.03500000003,277,137,504,137,0,28,5,1,1,2019,28,0,0.0,1.0,0.49999999999999994,0.8660254037844387,0.4632579225674917,0.88622350294858,9063.170999999998,6563.015,7955.422,9773.408000000001,5691.346,48015.24999999978,34322.02999999979,54683.90000000032,18.007588920529752,17.926579520698617,0.07857200381942775,0.43632717387196046,297806.75600000005,300461.282,-1133.7210000000196,-0.38069015465855294,0,7163.320285714285,7254.646214285715,7389.088333333333,7102.364477777779,1256.359177042648,2052.1907118632193,37734.15285714266,41845.20699999992,38.094625716991324,-7.267035204096695,5.534114227245505,6616.927000000002
2019-01-29,6616.927000000002,37314.28999999979,18.1108451663624,303398.533,281,137,506,137,1,29,5,1,1,2019,29,0,0.7818314824680298,0.6234898018587336,0.49999999999999994,0.8660254037844387,0.4784338202547012,0.8781236129591848,6438.604,6372.116,7287.369000000002,11909.097999999996,5597.908,35631.96999999982,34478.94999999977,67037.44000000045,18.08616092434918,17.91978788507567,0.02468424201321895,0.13648137997039964,296673.03500000003,302293.79000000004,6725.497999999963,2.266973134245235,0,7145.547285714286,7146.302071428572,7277.9282,7110.667344444444,1267.1007847612648,2008.4378708910388,37921.287142856956,41210.14266666657,1.0434210551094847,-45.93541845066686,5.639217419203775,5908.019
2019-01-30,5908.019,34156.67999999976,18.10441293428358,308225.355,276,137,506,137,2,30,5,1,1,2019,30,0,0.9749279121818236,-0.22252093395631434,0.49999999999999994,0.8660254037844387,0.49346814167723735,0.8697638720650646,6616.927000000002,6177.235,5743.427000000002,14504.277000000002,5699.316000000002,37314.28999999979,31535.899999999885,88605.05000000088,18.1108451663624,17.931316774060992,-0.0064322320788186005,-0.035515913364249294,303398.533,302293.79000000004,4826.821999999986,1.5909180417823527,0,7180.520285714286,7098.413357142858,7101.522500000001,7121.989777777777,1245.3880298993615,1810.281722177474,38326.33571428552,40219.37099999989,7.117941927092019,-54.37947717076831,5.781409978539297,6016.0509999999995
2019-01-31,6016.0509999999995,31968.009999999897,18.101154249189243,307353.99100000004,266,137,507,137,3,31,5,1,1,2019,31,0,0.43388373911755823,-0.900968867902419,0.49999999999999994,0.8660254037844387,0.5083564379375122,0.8611467540480452,5908.019,6163.947999999999,6421.706,4810.576,6118.731,34156.67999999976,31642.31999999985,26918.139999999956,18.10441293428358,17.939306361377355,-0.0032586850943374657,-0.01799939664526005,308225.355,303613.36100000003,-871.3639999999432,-0.2827035433213933,0,7142.060857142858,7110.169928571429,6814.980566666667,7124.3087,1285.059812757828,1162.591717202612,38700.73285714265,38404.42533333318,-4.152030484358389,22.813130901580188,5.313786402409138,6703.3240000000005
2019-02-01,6703.3240000000005,34915.2699999999,18.120732357554985,305329.86899999995,281,136,509,137,4,1,5,2,1,2019,32,0,-0.433883739117558,-0.9009688679024191,0.8660254037844386,0.5000000000000001,0.5230943033491326,0.8522748088519838,6016.0509999999995,6949.833,7135.412,6885.328999999999,8375.202,31968.009999999897,39396.54999999977,36974.31999999983,18.101154249189243,17.966320261100847,0.019578108365742253,0.10815944716132764,307353.99100000004,303701.84100000013,-2024.1220000000903,-0.6585637601172682,0,7120.932714285715,7081.194571428571,6855.163066666666,7123.167811111111,1304.8844765164508,1110.594393708533,38747.25999999979,38572.75433333318,-13.436035081706283,-12.625075722597998,5.208650215922712,11952.182999999994
2019-02-02,11952.182999999994,57244.0699999999,18.1952415873527,303991.40300000005,306,136,507,137,5,2,5,2,1,2019,33,1,-0.9749279121818236,-0.2225209339563146,0.8660254037844386,0.5000000000000001,0.5376773767406141,0.8431506618282,6703.3240000000005,8853.924000000003,8152.665000000001,5251.530999999999,8756.272,34915.2699999999,44748.06999999973,27593.17999999991,18.120732357554985,17.902681578676955,0.0745092297977159,0.4111822211570337,305329.86899999995,303701.84100000013,-1338.4659999998985,-0.4383672008190914,0,7085.717142857144,7050.331142857142,6849.096233333334,7104.591388888889,1313.5690537008386,1110.9209946985648,38107.077142856964,38504.11933333318,-24.28979512360849,27.6451381511411,4.7894238232463415,12489.910999999993
2019-02-03,12489.910999999993,57916.14999999994,18.241912300803587,296421.912,308,135,507,137,6,3,5,2,1,2019,34,1,-0.7818314824680299,0.6234898018587334,0.8660254037844386,0.5000000000000001,0.5521013427459208,0.8337770129585915,11952.182999999994,9063.170999999998,8725.804,5890.390000000001,5932.121999999999,57244.0699999999,48015.24999999978,31603.779999999944,18.1952415873527,18.007588920529752,0.04667071345088658,0.25649955361585774,303991.40300000005,297806.75600000005,-7569.491000000038,-2.4900345619313575,0,7528.325571428571,7321.725285714286,7072.451300000001,7140.101511111112,2218.7609475724626,1411.5639838747966,39892.21999999984,39492.48233333318,31.876392931348153,102.90987523746291,4.63703464340138,9639.587999999996
2019-02-04,9639.587999999996,45536.03999999991,18.31751746065,293409.32000000007,286,136,507,137,0,4,6,2,1,2019,35,0,0.0,1.0,0.8660254037844386,0.5000000000000001,0.5663619330814524,0.8241566360566663,12489.910999999993,6438.604,6563.015,7959.0650000000005,5838.375999999999,57916.14999999994,35631.96999999982,40794.03000000005,18.241912300803587,18.08616092434918,0.07560515984641114,0.4144585205745156,296421.912,296673.03500000003,-3012.591999999946,-1.01631892854127,0,8017.859857142855,7590.590071428572,7292.435333333333,7212.965833333334,2890.255859839316,1704.7872247971984,41306.63428571415,40369.56133333318,93.98476750550262,56.92686264027235,4.723857492664617,8720.675
2019-02-05,8720.675,45493.57999999996,18.436343229168305,296859.60900000005,292,136,506,137,1,5,6,2,1,2019,36,0,0.7818314824680298,0.6234898018587336,0.8660254037844386,0.5000000000000001,0.580454927809098,0.8142923779467267,9639.587999999996,6616.927000000002,6372.116,7862.232,5813.762000000002,45536.03999999991,37314.28999999979,40117.82999999996,18.31751746065,18.1108451663624,0.11882576851830606,0.6487001787964422,293409.32000000007,303398.533,3450.2889999999898,1.1759302669731109,0,8475.143285714283,7810.345285714285,7348.452766666666,7255.201522222222,2851.714974674761,1754.3372549215323,42721.501428571304,40527.62833333318,45.68073669242524,22.606252270347607,5.216749850212278,6659.57
2019-02-06,6659.57,48056.85000000028,18.500943425715217,299166.221,273,136,506,137,2,6,6,2,1,2019,37,0,0.9749279121818236,-0.22252093395631434,0.8660254037844386,0.5000000000000001,0.5943761565849831,0.804187157621448,8720.675,5908.019,6177.235,5995.113999999999,5654.327,45493.57999999996,34156.67999999976,31467.510000000006,18.436343229168305,18.10441293428358,0.06460019654691251,0.3503959312533733,296859.60900000005,308225.355,2306.6119999999646,0.7770043246267175,0,8775.678714285712,7978.099499999998,7377.067533333334,7287.500555555556,2731.566614971028,1769.938022751576,43889.97142857133,40706.81999999984,47.6074298339257,45.46303873454285,7.2162091546451625,6485.951999999999
2019-02-07,6485.951999999999,44022.48000000037,18.51236164669251,303537.366,286,137,509,137,3,7,6,2,1,2019,38,0,0.43388373911755823,-0.900968867902419,0.8660254037844386,0.5000000000000001,0.6081214998935418,0.7938439653781019,6659.57,6016.0509999999995,6163.947999999999,5778.159,5915.659000000002,48056.85000000028,31968.009999999897,29071.26999999992,18.500943425715217,18.101154249189243,0.011418220977294169,0.06171696607332746,299166.221,307353.99100000004,4371.14499999996,1.461109140393213,0,8883.043142857141,8012.551999999998,7399.216066666666,7298.669922222221,2612.230561615466,1756.152023339011,45875.70999999997,41259.79799999985,10.696701208151332,15.254183901827556,6.787358278322191,6617.201
2019-02-08,6617.201,43229.91000000026,18.422972846199432,304637.3090000001,275,136,507,137,4,8,6,2,1,2019,39,0,-0.433883739117558,-0.9009688679024191,0.8660254037844386,0.5000000000000001,0.6216868902665479,0.7832658619336791,6485.951999999999,6703.3240000000005,6949.833,5524.213999999999,8291.076000000001,44022.48000000037,34915.2699999999,29254.769999999902,18.51236164669251,18.120732357554985,-0.0893888004930794,-0.4828600596674814,303537.366,305329.86899999995,1099.9430000001448,0.3623748253782188,0,8950.171857142854,8035.552285714285,7422.809166666667,7305.006511111112,2531.0521261659524,1738.2864546512826,47597.77714285719,41758.17166666654,-3.2427494180499283,17.40949934234989,6.532960083878404,10920.939000000002
2019-02-09,10920.939000000002,67608.50000000054,18.4418407079661,303508.22,312,137,506,137,5,9,6,2,1,2019,40,1,-0.9749279121818236,-0.2225209339563146,0.8660254037844386,0.5000000000000001,0.6350683134867438,0.7724559775191742,6617.201,11952.182999999994,8853.924000000003,5538.796,8669.976999999999,43229.91000000026,57244.0699999999,29175.859999999917,18.422972846199432,18.1952415873527,0.01886786176666888,0.10241485955705149,304637.3090000001,303991.40300000005,-1129.0890000001527,-0.37063385430579426,0,8937.86857142857,8011.792857142856,7459.242066666668,7286.4079,2543.970562050263,1708.3171229013185,48785.58285714295,42224.00966666654,-44.6360468209029,19.470025615675315,6.1907222446715,11172.627999999999
2019-02-10,11172.627999999999,67250.52000000056,18.453678989141004,298197.69100000005,324,136,509,137,6,10,6,2,1,2019,41,1,-0.7818314824680299,0.6234898018587334,0.8660254037844386,0.5000000000000001,0.6482618097757122,0.7614175109532997,10920.939000000002,12489.910999999993,9063.170999999998,5963.705000000001,5896.372,67608.50000000054,57916.14999999994,31495.28,18.4418407079661,18.241912300803587,0.011838281174902932,0.0641925139814774,303508.22,296421.912,-5310.528999999922,-1.749715048903757,0,8790.547999999997,8159.436785714284,7638.646833333333,7311.41858888889,2363.7988746397295,1780.7565694905568,50266.2157142859,43505.097666666574,-12.56191497281279,83.12339393045096,6.019221261103526,7472.435
2019-02-11,7472.435,42410.240000000136,18.47650366876457,296850.3010000001,302,137,507,137,0,11,7,2,1,2019,42,0,0.0,1.0,0.8660254037844386,0.5000000000000001,0.6612634749656386,0.7501537286959042,11172.627999999999,9639.587999999996,6438.604,8235.791,5615.711000000002,67250.52000000056,45536.03999999991,43066.89999999976,18.453678989141004,18.31751746065,0.022824679623564492,0.12368633721761167,298197.69100000005,293409.32000000007,-1347.3899999999558,-0.4518445449666327,0,8602.364714285713,8310.112285714285,7812.277599999999,7370.043655555555,2052.088310151546,1863.819662367806,51599.69714285741,44696.93899999992,15.903584261070113,35.659440605037204,5.675558235033177,6925.990999999999
2019-02-12,6925.990999999999,38659.699999999895,18.44941154894298,300857.41599999997,288,137,511,137,1,12,7,2,1,2019,43,0,0.7818314824680298,0.6234898018587336,0.8660254037844386,0.5000000000000001,0.6740694616546161,0.7386679638813748,7472.435,8720.675,6616.927000000002,8225.918000000005,5731.6720000000005,42410.240000000136,45493.57999999996,41188.62999999965,18.47650366876457,18.436343229168305,-0.027092119821588767,-0.1466301217334171,296850.3010000001,296859.60900000005,4007.1149999998743,1.3498773578807566,0,8292.771428571428,8383.957357142857,7786.832399999999,7390.673922222223,2032.911360292837,1863.0489834541845,51153.15428571459,44675.050333333274,-14.313570910508636,-9.15986519680848,5.581829372865183,6439.87
2019-02-13,6439.87,34844.699999999786,18.452683221337004,301580.73,267,133,508,137,2,13,7,2,1,2019,44,0,0.9749279121818236,-0.22252093395631434,0.8660254037844386,0.5000000000000001,0.6866759803451553,0.726963615332308,6925.990999999999,6659.57,5908.019,7955.422,5851.124000000001,38659.699999999895,48056.85000000028,87030.25999999973,18.44941154894298,18.500943425715217,0.003271672394024705,0.01773320729143878,300857.41599999997,299166.221,723.314000000013,0.2404175405136143,0,8036.388,8406.033357142856,7743.501499999999,7403.9441333333325,2082.515771417202,1867.595897669097,50176.88571428601,44590.75266666661,4.000573610608484,-12.939992372497658,5.410776925621136,6995.226999999999
2019-02-14,6995.226999999999,41203.00999999997,18.519612338038588,302408.23699999996,274,136,509,137,3,14,7,2,1,2019,45,0,0.43388373911755823,-0.900968867902419,0.8660254037844386,0.5000000000000001,0.6990793005655562,0.7150441465537444,6439.87,6485.951999999999,6016.0509999999995,7287.369000000002,6317.687999999999,34844.699999999786,44022.48000000037,72308.34000000017,18.452683221337004,18.51236164669251,0.06692911670158352,0.36270669093908675,301580.73,303537.366,827.5069999999832,0.2743898789554569,0,8005.002285714285,8444.022714285713,7692.9830999999995,7410.485755555555,2108.221134312833,1882.1072214687342,48289.43571428594,42851.233999999946,-0.7104893776580435,-11.629697906061875,5.890160533746793,6415.996000000001
2019-02-15,6415.996000000001,37113.11999999975,18.496781019223278,303505.191,287,137,510,137,4,15,7,2,1,2019,46,0,-0.433883739117558,-0.9009688679024191,0.8660254037844386,0.5000000000000001,0.7112757519738152,0.7029130847082615,6995.226999999999,6617.201,6703.3240000000005,5743.427000000002,8420.942000000003,41203.00999999997,43229.91000000026,31097.10999999985,18.519612338038588,18.422972846199432,-0.022831318815310198,-0.12328183980620117,302408.23699999996,304637.3090000001,1096.954000000027,0.3627394580525355,0,8077.755857142857,8513.963857142855,7683.245033333334,7418.013966666666,2055.182834080753,1885.0317483719332,47886.65428571445,41814.3896666666,5.712777955513198,21.795349710199087,5.784467446675425,9160.762
2019-02-16,9160.762,53618.24000000027,18.534538573207943,303505.191,305,137,510,137,5,16,7,2,1,2019,47,1,-0.9749279121818236,-0.2225209339563146,0.8660254037844386,0.5000000000000001,0.7232617254437388,0.6905740195722293,6415.996000000001,10920.939000000002,11952.182999999994,6421.706,8855.412999999997,37113.11999999975,67608.50000000054,31614.179999999782,18.496781019223278,18.4418407079661,0.03775755398466529,0.2041304048819345,303505.191,303508.22,0.0,0.0,0,8049.012285714286,8493.440428571428,7705.664,7395.736788888888,2080.2684470519557,1865.0593397861348,47012.82714285724,42014.92333333326,-41.250509686026085,-0.0889171818205182,5.853032749895725,9130.723000000002
2019-02-17,9130.723000000002,54961.19000000044,18.664752849742857,298587.5980000001,305,135,509,137,6,17,7,2,1,2019,48,1,-0.7818314824680299,0.6234898018587334,0.8660254037844386,0.5000000000000001,0.7350336741329413,0.6780306024735382,9160.762,11172.627999999999,12489.910999999993,7135.412,5574.022,53618.24000000027,67250.52000000056,36023.329999999776,18.534538573207943,18.453678989141004,0.13021427653491457,0.7025493298394921,303505.191,298197.69100000005,-4917.592999999877,-1.6202665212404481,0,7797.5584285714285,8294.053214285714,7796.965866666666,7399.129555555556,1756.4415708035942,1867.079823985857,45014.218571428624,42748.39199999995,-18.007097345405203,28.384485717152707,6.019368893350552,6379.508999999999
2019-02-18,6379.508999999999,40681.42999999998,18.95775885346559,295919.347,276,137,508,137,0,18,8,2,1,2019,49,0,0.0,1.0,0.8660254037844386,0.5000000000000001,0.746588114532413,0.6652865452111116,9130.723000000002,7472.435,9639.587999999996,8152.665000000001,5709.521,54961.19000000044,42410.240000000136,40159.459999999686,18.664752849742857,18.47650366876457,0.2930060037227342,1.5698359687991845,298587.5980000001,296850.3010000001,-2668.2510000001057,-0.8936241886376355,0,7505.857714285715,8054.111214285715,7863.476233333333,7438.648455555556,1176.2319758029375,1878.206873322757,43258.60000000004,43379.653999999966,22.192069920982938,11.996788780110561,6.37689044721153,5960.536000000002
2019-02-19,5960.536000000002,34493.429999999906,19.105312483767502,299725.3119999999,266,137,510,137,1,19,8,2,1,2019,50,0,0.7818314824680298,0.6234898018587336,0.8660254037844386,0.5000000000000001,0.7579216274973472,0.6523456189565257,6379.508999999999,6925.990999999999,8720.675,8725.804,5755.145,40681.42999999998,38659.699999999895,43936.56999999969,18.95775885346559,18.44941154894298,0.1475536303019105,0.7783284482223319,295919.347,300857.41599999997,3805.964999999909,1.2861494317909228,0,7349.725428571429,7821.248428571429,7804.371033333333,7446.092766666668,1251.5346099391984,1896.602193922324,43011.62714285716,43397.05299999998,-7.8903076830449255,-26.889155429115768,5.786967816317173,6138.362999999999
2019-02-20,6138.362999999999,35714.43999999997,19.14804054406392,299366.3859999999,273,136,508,137,2,20,8,2,1,2019,51,0,0.9749279121818236,-0.22252093395631434,0.8660254037844386,0.5000000000000001,0.7690308592589181,0.6392116531380588,5960.536000000002,6439.87,6659.57,6563.015,5693.895999999999,34493.429999999906,34844.699999999786,34322.02999999979,19.105312483767502,18.452683221337004,0.042728060296418846,0.2236449172591236,299725.3119999999,301580.73,-358.92600000003586,-0.11975164780211686,0,7211.803285714285,7624.0956428571435,7712.195433333332,7448.374888888889,1354.9398547118656,1917.3589527656281,42416.44571428573,43082.28166666665,-7.4432247855934675,-9.17991197643154,5.818235252623538,5877.102000000001
2019-02-21,5877.102000000001,34918.999999999854,19.196978327532026,302395.159,278,137,508,137,3,21,8,2,1,2019,52,0,0.43388373911755823,-0.900968867902419,0.8660254037844386,0.5000000000000001,0.7799125224167177,0.6258885343075018,6138.362999999999,6995.226999999999,6485.951999999999,6372.116,6164.1010000000015,35714.43999999997,41203.00999999997,34478.94999999977,19.14804054406392,18.519612338038588,0.04893778346810507,0.2555759340256685,299366.3859999999,302408.23699999996,3028.773000000103,1.0117278163621564,0,7168.730857142858,7586.866571428572,7698.040366666666,7453.31341111111,1387.9588412484893,1927.6751867366957,42540.69428571434,43128.69533333332,-12.24926653559634,-3.6683732687854493,5.941533769534687,6941.958
2019-02-22,6941.958,42004.36999999996,19.18183037803775,302207.6999999999,276,137,509,137,4,22,8,2,1,2019,53,0,-0.433883739117558,-0.9009688679024191,0.8660254037844386,0.5000000000000001,0.7905633969115482,0.612380204990065,5877.102000000001,6415.996000000001,6617.201,6177.235,9567.296000000002,34918.999999999854,37113.11999999975,31535.899999999885,19.196978327532026,18.496781019223278,-0.015147949494277668,-0.07890798872525005,302395.159,303505.191,-187.45900000008987,-0.06199140244837381,0,7008.998714285715,7543.377285714286,7681.5399,7450.124533333334,1472.9889954288897,1941.485303152185,41642.978571428604,43143.363666666664,-8.399225934679514,-4.858694869144511,6.050795755318595,8749.196000000002
2019-02-23,8749.196000000002,50283.16000000043,19.143714538088137,302943.45900000003,295,136,512,137,5,23,8,2,1,2019,54,1,-0.9749279121818236,-0.2225209339563146,0.8660254037844386,0.5000000000000001,0.8009803309782905,0.5986906625177214,6941.958,9160.762,10920.939000000002,6163.947999999999,9968.508,42004.36999999996,53618.24000000027,31642.31999999985,19.18183037803775,18.534538573207943,-0.03811583994961154,-0.19870804401050435,302207.6999999999,303505.191,735.7590000001364,0.24346136779444622,0,7084.136142857143,7566.574214285714,7707.030666666667,7420.954111111111,1450.9480975063104,1926.0120050777782,42341.728571428626,43492.312666666665,-24.220736222598084,12.621942949551169,5.74717494041743,8495.103
2019-02-24,8495.103,48461.030000000435,19.14045702415187,299742.26599999995,301,136,513,137,6,24,8,2,1,2019,55,1,-0.7818314824680299,0.6234898018587334,0.8660254037844386,0.5000000000000001,0.8111602420785621,0.5848239578463322,8749.196000000002,9130.723000000002,11172.627999999999,6949.833,6969.208999999997,50283.16000000043,54961.19000000044,39396.54999999977,19.143714538088137,18.664752849742857,-0.0032575139362656103,-0.01701610170682651,302943.45900000003,298587.5980000001,-3201.1930000000866,-1.0566965236902792,0,7025.341000000001,7411.449714285714,7793.205599999999,7407.406199999999,1358.1454012422132,1912.3768020648026,41865.288571428646,44113.67400000001,-4.17849714639246,25.890737230664424,5.704584158661812,6374.2779999999975
2019-02-25,6374.2779999999975,36127.55999999983,19.17147089451443,298844.9939999999,268,137,513,137,0,25,9,2,1,2019,56,0,0.0,1.0,0.8660254037844386,0.5000000000000001,0.8211001178128892,0.5707841943569036,8495.103,6379.508999999999,7472.435,8853.924000000003,5680.042000000001,48461.030000000435,40681.42999999998,44748.06999999973,19.14045702415187,18.95775885346559,0.031013870362560425,0.16203307122409047,299742.26599999995,295919.347,-897.2720000000554,-0.29934784038766676,0,6934.538142857143,7220.197928571429,7844.7146,7424.360577777778,1206.7314285674809,1909.6863189292271,40936.694285714366,44415.82333333337,33.16233271243916,-4.052677660210359,5.66771013124935,6062.573
2019-02-26,6062.573,33889.98999999987,19.212335104722534,304082.368,265,137,514,137,1,26,9,2,1,2019,57,0,0.7818314824680298,0.6234898018587336,0.8660254037844386,0.5000000000000001,0.8307970168121247,0.5565755266413303,6374.2779999999975,5960.536000000002,6925.990999999999,9063.170999999998,5631.802,36127.55999999983,34493.429999999906,48015.24999999978,19.17147089451443,19.105312483767502,0.04086421020810249,0.21315114751990702,298844.9939999999,299725.3119999999,5237.374000000127,1.7525386421564517,0,6933.790857142857,7141.758142857143,7762.059733333333,7432.074311111111,1207.1339758119284,1918.1427676586925,40286.141428571485,44128.47300000004,6.941355609629662,-29.66834676295969,5.590034132372487,7859.805000000003
2019-02-27,7859.805000000003,33445.789999999826,19.23483339417241,304965.64999999997,273,137,516,137,2,27,9,2,1,2019,58,0,0.9749279121818236,-0.22252093395631434,0.8660254037844386,0.5000000000000001,0.8402480696078469,0.5422021592729844,6062.573,6138.362999999999,6439.87,6438.604,5601.326999999998,33889.98999999987,35714.43999999997,35631.96999999982,19.212335104722534,19.14804054406392,0.02249828944987442,0.11710335743802519,304082.368,299366.3859999999,883.2819999999483,0.29047458614895694,0,6948.367571428572,7080.085428571429,7662.0398,7436.860655555556,1193.9669723805835,1926.1729400382128,40199.93571428577,43657.63100000005,-1.2346940055516278,-5.84025667675788,4.25529513772922,6454.99
2019-02-28,6454.99,33011.469999999856,19.427808594782363,301810.638,277,137,514,137,3,28,9,2,1,2019,59,0,0.43388373911755823,-0.900968867902419,0.8660254037844386,0.5000000000000001,0.8494504794814806,0.527668345562516,7859.805000000003,5877.102000000001,6995.226999999999,6616.927000000002,6095.819,33445.789999999826,34918.999999999854,37314.28999999979,19.23483339417241,19.196978327532026,0.1929752006099541,1.0032590179253642,304965.64999999997,302395.159,-3155.011999999988,-1.0345466776340182,0,7194.287857142857,7181.509357142858,7709.413166666665,7461.954855555556,1176.4789315863318,1912.473686946843,39875.842857142896,43584.75833333338,33.73606583652967,18.783311346792857,5.114100873897536,7209.579
2019-03-01,7209.579,40073.45999999995,19.494028610500255,298623.576,286,136,514,137,4,1,9,3,1,2019,60,0,-0.433883739117558,-0.9009688679024191,1.0,6.123233995736766e-17,0.8584015232918917,0.512978386299228,6454.99,6941.958,6415.996000000001,5908.019,8611.512999999999,33011.469999999856,42004.36999999996,34156.67999999976,19.427808594782363,19.18183037803775,0.06622001571789227,0.34085169922703823,301810.638,302207.6999999999,-3187.0619999999763,-1.055980670900002,0,7276.843285714285,7142.921000000001,7704.015266666666,7465.945644444445,1085.394782756615,1915.889006140376,39603.338571428605,43441.33100000004,-7.014850853318327,9.25811172915997,5.5583633940345125,9257.532999999998
2019-03-02,9257.532999999998,57773.06000000039,19.485653603300765,299801.75600000005,318,137,517,137,5,2,9,3,1,2019,61,1,-0.9749279121818236,-0.2225209339563146,1.0,6.123233995736766e-17,0.8670985522812081,0.4981366284784055,7209.579,8749.196000000002,9160.762,6016.0509999999995,8713.132000000001,40073.45999999995,50283.16000000043,31968.009999999897,19.494028610500255,19.143714538088137,-0.008375007199489914,-0.04296191088474552,298623.576,302943.45900000003,1178.1800000000512,0.3945368332204458,0,7315.074857142858,7199.605500000001,7747.400599999999,7450.3686,1076.308178046535,1888.3552946769394,39327.49428571431,43638.55700000005,-17.59723979209063,19.83906053987907,6.240653962562208,9582.359999999995
2019-03-03,9582.359999999995,58445.130000000245,19.476234241777078,293697.944,327,135,516,137,6,3,9,3,1,2019,62,1,-0.7818314824680299,0.6234898018587334,1.0,6.123233995736766e-17,0.8755389928586302,0.4831474640149687,9257.532999999998,8495.103,9130.723000000002,6703.3240000000005,6107.938999999999,57773.06000000039,48461.030000000435,34915.2699999999,19.485653603300765,19.14045702415187,-0.009419361523686831,-0.04833998240680642,299801.75600000005,299742.26599999995,-6103.8120000000345,-2.0359493824979578,0,7387.694428571428,7206.517714285715,7855.45,7456.4175,1199.316523001049,1878.5850700038266,40397.480000000025,44498.72533333341,8.974935324503994,38.103618443625834,6.099241731681994,6622.329999999999
2019-03-04,6622.329999999999,40747.22999999979,19.511279203774347,291371.4579999999,286,137,515,137,0,4,10,3,1,2019,63,0,0.0,1.0,1.0,6.123233995736766e-17,0.8837203473619977,0.4680153284438345,9582.359999999995,6374.2779999999975,6379.508999999999,11952.182999999994,5807.736,58445.130000000245,36127.55999999983,57244.0699999999,19.476234241777078,19.17147089451443,0.03504496199726859,0.1799370533452311,293697.944,298844.9939999999,-2326.4860000000917,-0.7921356099108721,0,7543.016857142857,7238.777499999998,7951.417866666666,7495.022177777778,1417.2443074901312,1891.1946869751184,41823.77999999999,45283.054000000084,50.32855485750698,-19.82753276117007,6.153005060152514,6684.160000000002
2019-03-05,6684.160000000002,37997.25999999974,19.50499451095465,294915.41000000003,286,137,517,137,1,5,10,3,1,2019,64,0,0.7818314824680298,0.6234898018587336,1.0,6.123233995736766e-17,0.8916401947968874,0.45274469960737107,6622.329999999999,6062.573,5960.536000000002,12489.910999999993,5853.126,40747.22999999979,33889.98999999987,57916.14999999994,19.511279203774347,19.212335104722534,-0.006284692819697568,-0.03221056269074265,291371.4579999999,304082.368,3543.9520000001066,1.2163003282223024,0,7578.452857142857,7256.121857142856,7773.7561,7504.073222222222,1385.9059831464692,1747.2672730671704,42483.73285714285,44733.15933333341,9.232993977969398,-46.97856533965692,5.684672419571005,6365.044999999998
2019-03-06,6365.044999999998,36603.80999999978,19.510025599501144,295786.44399999996,299,136,516,137,2,6,10,3,1,2019,65,0,0.9749279121818236,-0.22252093395631434,1.0,6.123233995736766e-17,0.8992961915530253,0.4373400963303323,6684.160000000002,7859.805000000003,6138.362999999999,9639.587999999996,6066.873999999999,37997.25999999974,33445.789999999826,45536.03999999991,19.50499451095465,19.23483339417241,0.005031088546495255,0.025793847538227346,294915.41000000003,304965.64999999997,871.0339999999269,0.2953504532028105,0,7667.250999999998,7307.809285714285,7580.231066666666,7513.306933333334,1289.1266143238372,1512.6693606742579,43070.485714285685,44069.196333333406,-14.957686609273397,-30.659277139230383,5.7507543151697735,6230.989999999999
2019-03-07,6230.989999999999,35749.609999999804,19.698393825618066,297989.133,300,137,518,137,3,7,10,3,1,2019,66,0,0.43388373911755823,-0.900968867902419,1.0,6.123233995736766e-17,0.9066860720977985,0.4218060770826634,6365.044999999998,6454.99,5877.102000000001,8720.675,6265.003,36603.80999999978,33011.469999999856,45493.57999999996,19.510025599501144,19.427808594782363,0.18836822611692128,0.9654945102775144,295786.44399999996,301810.638,2202.689000000013,0.7446889621486552,0,7453.713857142856,7324.000857142856,7471.079633333333,7516.619944444444,1372.9870848148983,1476.659725269403,43521.6314285714,43771.4553333334,-1.3934181152875764,-27.01201455162589,5.737388440681145,6560.403
2019-03-08,6560.403,40045.78999999971,19.72361673273796,298180.449,289,136,518,137,4,8,10,3,1,2019,67,0,-0.433883739117558,-0.9009688679024191,1.0,6.123233995736766e-17,0.9138076496466615,0.4061472386305789,6230.989999999999,7209.579,6941.958,6659.57,9247.883000000002,35749.609999999804,40073.45999999995,48056.85000000028,19.698393825618066,19.494028610500255,0.02522290711989328,0.12804550128899594,297989.133,298623.576,191.31600000004983,0.06420234123103068,0,7421.713857142856,7349.278571428571,7388.090133333332,7516.242022222221,1402.4382041294534,1473.9684924783387,43912.79428571424,43446.6563333334,-13.573455537417662,-6.435550643660188,6.104166161743373,10985.574
2019-03-09,10985.574,56210.020000000244,19.777789937762076,296870.8030000001,336,137,517,137,5,9,10,3,1,2019,68,1,-0.9749279121818236,-0.2225209339563146,1.0,6.123233995736766e-17,0.9206588168102428,0.3903682146763026,6560.403,9257.532999999998,8749.196000000002,6485.951999999999,9252.856,40045.78999999971,57773.06000000039,44022.48000000037,19.72361673273796,19.485653603300765,0.054173205024117266,0.2746616189017639,298180.449,299801.75600000005,-1309.6459999999497,-0.43921256554280313,0,7328.974428571428,7322.024642857142,7384.784566666667,7486.381133333333,1439.7713060382152,1475.7687300198897,43908.84142857136,43179.62100000004,-29.13443570765557,1.1478808353808498,5.116712153593453,11189.103000000001
2019-03-10,11189.103000000001,53780.59000000029,19.868902356554802,289343.05499999993,317,135,518,137,6,10,10,3,1,2019,69,1,-0.7818314824680299,0.6234898018587334,1.0,6.123233995736766e-17,0.9272375462179537,0.374473674486883,10985.574,9582.359999999995,8495.103,6617.201,6060.029999999999,56210.020000000244,58445.130000000245,43229.91000000026,19.777789937762076,19.476234241777078,0.09111241879272569,0.4606804859362126,296870.8030000001,293697.944,-7527.748000000138,-2.5356983320451816,0,7575.837428571428,7481.765928571428,7534.771966666666,7505.633555555556,1900.1070741366111,1604.3239520032935,43685.54999999991,43585.87233333337,14.64372033611768,66.01541951045465,4.80651487433803,7921.539000000002
2019-03-11,7921.539000000002,39679.44999999982,20.006940049961063,286543.21499999997,298,137,518,137,0,11,11,3,1,2019,70,0,0.0,1.0,1.0,6.123233995736766e-17,0.9335418911179212,0.35846832151248087,11189.103000000001,6622.329999999999,6374.2779999999975,10920.939000000002,6281.72,53780.59000000029,40747.22999999979,67608.50000000054,19.868902356554802,19.511279203774347,0.13803769340626104,0.6947424217459203,289343.05499999993,291371.4579999999,-2799.8399999999674,-0.9676541225432103,0,7805.3721428571425,7674.1945,7687.168699999999,7562.623255555555,2248.080415365041,1726.6397587517404,43019.18714285706,43937.56166666671,68.96021490925403,2.455503139427835,5.009058214571665,5701.61
2019-03-12,5701.61,34077.039999999746,20.207059981355663,291464.456,273,136,522,137,1,12,11,3,1,2019,71,0,0.7818314824680298,0.6234898018587336,1.0,6.123233995736766e-17,0.9395699859530622,0.342356891994542,7921.539000000002,6684.160000000002,6062.573,11172.627999999999,5815.722999999998,39679.44999999982,37997.25999999974,67250.52000000056,20.006940049961063,19.50499451095465,0.2001199313945996,1.0002525668336226,286543.21499999997,294915.41000000003,4921.241000000038,1.7174515892829774,0,7990.9734285714285,7784.713142857143,7587.1887,7580.843466666667,2186.9295252247307,1616.2434085091163,42866.647142857066,43006.593333333345,18.512109225392564,-29.098695490443227,5.97673990329043,5980.024
2019-03-13,5980.024,33413.38999999987,20.382703583064643,292986.52599999995,268,137,523,137,2,13,11,3,1,2019,72,0,0.9749279121818236,-0.22252093395631434,1.0,6.123233995736766e-17,0.945320046913132,0.3261441535642696,5701.61,6365.044999999998,7859.805000000003,7472.435,5814.1449999999995,34077.039999999746,36603.80999999978,42410.240000000136,20.207059981355663,19.510025599501144,0.1756436017089804,0.8692189852014124,291464.456,295786.44399999996,1522.0699999999488,0.5222146195417903,0,7850.6091428571435,7758.930071428572,7404.8214333333335,7579.575544444445,2312.69947362583,1502.3812979938746,42306.61571428563,41900.81066666665,-10.42309991524017,-23.69809841102667,5.587500986618092,6042.486000000002
2019-03-14,6042.486000000002,35929.41999999967,20.028786846319335,293993.08999999997,258,137,524,137,3,14,11,3,1,2019,73,0,0.43388373911755823,-0.900968867902419,1.0,6.123233995736766e-17,0.9507903724625832,0.3098349038318025,5980.024,6230.989999999999,6454.99,6925.990999999999,6193.025,33413.38999999987,35749.609999999804,38659.699999999895,20.382703583064643,19.698393825618066,-0.3539167367453082,-1.7363581592746444,292986.52599999995,297989.133,1006.564000000013,0.34355300011305406,0,7795.606142857143,7624.659999999999,7355.0744,7581.418644444444,2358.053002511717,1524.6092827249656,41850.841428571366,41600.915666666646,-4.027706672615404,-13.658218729998334,5.94613210522948,6286.5419999999995
2019-03-15,6286.5419999999995,37124.519999999626,20.087454479808752,295446.86,271,137,525,137,4,15,11,3,1,2019,74,0,-0.433883739117558,-0.9009688679024191,1.0,6.123233995736766e-17,0.9559793438440766,0.2934339689665273,6042.486000000002,6560.403,7209.579,6439.87,8949.086,35929.41999999967,40045.78999999971,34844.699999999786,20.028786846319335,19.72361673273796,0.05866763348941717,0.2929165602468751,293993.08999999997,298180.449,1453.7700000000186,0.4944912140622144,0,7768.677000000001,7595.195428571428,7325.624233333334,7579.745988888889,2379.8744394604896,1541.621703879762,41876.528571428484,41509.90633333331,-7.89459123166669,-6.17068356969936,5.905396003080808,8661.879
2019-03-16,8661.879,49047.82999999986,20.079610262741227,295543.09099999996,304,136,527,137,5,16,11,3,1,2019,75,1,-0.9749279121818236,-0.2225209339563146,1.0,6.123233995736766e-17,0.9608854255574977,0.27694620226893646,6286.5419999999995,10985.574,9257.532999999998,6995.226999999999,9161.841,37124.519999999626,56210.020000000244,41203.00999999997,20.087454479808752,19.777789937762076,-0.00784421706752525,-0.039050329027055165,295446.86,296870.8030000001,96.23099999997066,0.032571339563389055,0,7729.554000000001,7529.264214285714,7320.5133000000005,7550.162166666666,2405.1645099947696,1544.9101584736359,41459.204285714186,41585.900333333295,-42.77456963104523,-10.130979309177523,5.662493091856843,8868.992000000002
2019-03-17,8868.992000000002,50781.960000000225,20.113579158939093,290145.83099999995,301,135,526,137,6,17,11,3,1,2019,76,1,-0.7818314824680299,0.6234898018587334,1.0,6.123233995736766e-17,0.9655071658143364,0.2603764827344581,8661.879,11189.103000000001,9582.359999999995,6415.996000000001,6246.406,49047.82999999986,53780.59000000029,37113.11999999975,20.079610262741227,19.868902356554802,0.033968896197865917,0.1691710932303153,295543.09099999996,289343.05499999993,-5397.260000000009,-1.8262176191423845,0,7397.597571428572,7486.7175,7376.0683666666655,7544.607033333334,2008.5274910062008,1562.6738174889,40436.03428571413,41847.39433333329,-22.58647543060422,35.00443267109268,5.725787101848803,6265.854
2019-03-18,6265.854,37516.51999999978,20.17996694044394,287472.84599999996,283,137,529,137,0,18,12,3,1,2019,77,0,0.0,1.0,1.0,6.123233995736766e-17,0.969843196967294,0.24372971360968387,8868.992000000002,7921.539000000002,6622.329999999999,9160.762,5892.567,50781.960000000225,39679.44999999982,53618.24000000027,20.113579158939093,20.006940049961063,0.06638778150484725,0.33006448519304177,290145.83099999995,286543.21499999997,-2672.984999999986,-0.9212556977942538,0,7066.1531428571425,7435.762642857143,7457.834900000001,7573.746877777777,1367.8204303253845,1574.8348942757002,40007.65857142841,42303.02233333331,11.960466267981515,-3.1849970559217518,5.987455181687888,5946.1500000000015
2019-03-19,5946.1500000000015,35768.65999999977,20.073468344075604,290289.48999999993,261,136,527,137,1,19,12,3,1,2019,78,0,0.7818314824680298,0.6234898018587336,1.0,6.123233995736766e-17,0.9738922359149924,0.22701082094141847,6265.854,5701.61,6684.160000000002,9130.723000000002,6142.884999999999,37516.51999999978,34077.039999999746,54961.19000000044,20.17996694044394,20.207059981355663,-0.10649859636833625,-0.5277441567800378,287472.84599999996,291464.456,2816.643999999971,0.9797948012105364,0,6829.626714285715,7410.300071428573,7361.337966666667,7577.894511111112,1338.0817657665568,1555.4636895571405,39698.6685714284,41766.2983333333,9.89622229510613,-31.376146226317463,6.015431834043837,5918.713
2019-03-20,5918.713,33786.36999999982,20.13302486188125,290859.26099999994,280,136,526,137,2,20,12,3,1,2019,79,0,0.9749279121818236,-0.22252093395631434,1.0,6.123233995736766e-17,0.9776530844816641,0.2102247521189836,5946.1500000000015,5980.024,6365.044999999998,6379.508999999999,6319.405999999996,35768.65999999977,33413.38999999987,40681.42999999998,20.073468344075604,20.382703583064643,0.05955651780564608,0.2966927129123818,290289.48999999993,292986.52599999995,569.7710000000079,0.196276826970211,0,6864.561000000001,7357.585071428572,7255.185533333333,7575.708566666667,1306.5440060206065,1539.1279977258866,39940.32857142841,41126.54733333328,-0.5664525761100438,-6.7929835979539765,5.70839809262585,5512.674999999999
2019-03-21,5512.674999999999,31802.989999999787,20.152064644814338,291676.17899999995,279,136,527,137,3,21,12,3,1,2019,80,0,0.43388373911755823,-0.900968867902419,1.0,6.123233995736766e-17,0.981124629771712,0.19337647441020586,5918.713,6042.486000000002,6230.989999999999,5960.536000000002,6757.230000000002,33786.36999999982,35929.41999999967,34493.429999999906,20.13302486188125,20.028786846319335,0.01903978293308839,0.09456990722311805,290859.26099999994,293993.08999999997,816.9180000000051,0.28086367172610166,0,6855.802285714287,7325.704214285715,7239.825666666667,7571.256422222222,1313.6481750716005,1550.426042496956,39993.61142857126,40896.71199999994,-2.0483787633103647,-0.7016650851534514,5.769066741645352,6074.090999999999
2019-03-22,6074.090999999999,37514.86999999979,20.14008945458543,291398.313,288,136,533,137,4,22,12,3,1,2019,81,0,-0.433883739117558,-0.9009688679024191,1.0,6.123233995736766e-17,0.984305844499033,0.17647097349152166,5512.674999999999,6286.5419999999995,6560.403,6138.362999999999,11692.145999999999,31802.989999999787,37124.519999999626,35714.43999999997,20.152064644814338,20.087454479808752,-0.011975190228909582,-0.05942413564056881,291676.17899999995,295446.86,-277.86599999992177,-0.09526523590393092,0,6780.115,7274.396000000001,7224.896966666667,7557.428033333333,1381.8126221081407,1565.2540597565528,39404.12142857128,40807.0306666666,-12.309899464602324,-10.19307590639394,6.1762113870206745,7996.088
2019-03-23,7996.088,46033.24999999974,20.051184277178372,297515.47099999996,310,137,532,137,5,23,12,3,1,2019,82,1,-0.9749279121818236,-0.2225209339563146,1.0,6.123233995736766e-17,0.9871957872910085,0.15951325197263655,6074.090999999999,8661.879,10985.574,5877.102000000001,13490.587000000007,37514.86999999979,49047.82999999986,34918.999999999854,20.14008945458543,20.079610262741227,-0.08890517740705661,-0.4414338754926184,291398.313,295543.09099999996,6117.157999999938,2.0992427639757603,0,6749.764857142857,7239.65942857143,7222.7545666666665,7495.0052,1396.7130700177893,1566.8356920636104,39459.885714285585,40867.044999999925,-29.8755962765123,3.351805022271157,5.756971409018978,8624.437000000002
2019-03-24,8624.437000000002,48615.199999999946,20.155507513035662,291710.9689999999,300,136,533,137,6,24,12,3,1,2019,83,1,-0.7818314824680299,0.6234898018587334,1.0,6.123233995736766e-17,0.9897936029670716,0.14250832791617088,7996.088,8868.992000000002,11189.103000000001,6941.958,6997.731000000001,46033.24999999974,50781.960000000225,42004.36999999996,20.051184277178372,20.113579158939093,0.10432323585729009,0.5202846595750831,297515.47099999996,290145.83099999995,-5804.502000000037,-1.9509916511198968,0,6654.651857142858,7026.124714285715,7293.387433333334,7433.955211111111,1260.8634542431032,1551.7714260798305,39029.23142857128,41237.51999999992,-9.842200782230968,15.184908926271238,5.636912879066766,5883.661
2019-03-25,5883.661,34302.56999999985,20.230853658539534,290805.6479999999,283,137,533,137,0,25,13,3,1,2019,84,0,0.0,1.0,1.0,6.123233995736766e-17,0.992098522791769,0.12546123335273648,8624.437000000002,6265.854,7921.539000000002,8749.196000000002,6352.960000000001,48615.199999999946,37516.51999999978,50283.16000000043,20.155507513035662,20.17996694044394,0.07534614550387175,0.3738241046777974,291710.9689999999,287472.84599999996,-905.3209999999963,-0.31034863142222,0,6619.715428571429,6842.934285714286,7349.470066666667,7452.029722222222,1190.718778997092,1568.9407216621157,38719.69428571409,41457.88099999992,37.641844192347946,-1.4259481671230134,5.830140451667736,5914.111
2019-03-26,5914.111,34161.8099999997,20.263055256826842,294143.566,273,137,533,137,1,26,13,3,1,2019,85,0,0.7818314824680298,0.6234898018587336,1.0,6.123233995736766e-17,0.9941098647022418,0.10837701279187609,5883.661,5946.1500000000015,5701.61,8495.103,6858.38,34302.56999999985,35768.65999999977,48461.030000000435,20.230853658539534,20.073468344075604,0.032201598287308286,0.15917073412132487,290805.6479999999,290289.48999999993,3337.9180000000633,1.1478174591712413,0,6565.1164285714285,6697.371571428572,7253.952233333333,7446.815288888888,1218.0967476299486,1568.0135521442753,38260.558571428395,40925.19466666657,-1.0509152981341099,-30.740557236327792,5.776322087968876,5376.491000000001
2019-03-27,5376.491000000001,32601.999999999818,20.38234170751928,297049.349,270,133,533,138,2,27,13,3,1,2019,86,0,0.9749279121818236,-0.22252093395631434,1.0,6.123233995736766e-17,0.9958270335100595,0.09126072172931188,5914.111,5918.713,5980.024,6374.2779999999975,6761.513999999999,34161.8099999997,33786.36999999982,36127.55999999983,20.263055256826842,20.13302486188125,0.1192864506924387,0.5886893618979291,294143.566,290859.26099999994,2905.782999999996,0.9878791637414213,0,6560.539428571429,6712.550214285714,7167.9191666666675,7436.3234111111105,1220.8671853337114,1568.3727250932457,38031.00857142838,40448.55399999988,-0.07775338996839114,-7.21912348347527,6.0638063004289995,5272.564
2019-03-28,5272.564,32652.179999999804,20.59090581760483,301913.68999999994,277,134,534,138,3,28,13,3,1,2019,87,0,0.43388373911755823,-0.900968867902419,1.0,6.123233995736766e-17,0.9972495210773451,0.07411742515094437,5376.491000000001,5512.674999999999,6042.486000000002,6062.573,8373.025000000001,32601.999999999818,31802.989999999787,33889.98999999987,20.38234170751928,20.152064644814338,0.20856411008555042,1.0232588241252414,297049.349,291676.17899999995,4864.340999999957,1.637553159559342,0,6483.079142857144,6669.440714285715,7134.6596,7420.934266666667,1283.9476203683369,1596.1177010368222,37861.812857142664,40331.03533333321,-2.470379625136588,-11.316680228015388,6.192846592284096,6024.441999999999
2019-03-29,6024.441999999999,36452.45999999992,20.544313514623692,298236.4809999999,282,138,536,138,4,29,13,3,1,2019,88,0,-0.433883739117558,-0.9009688679024191,1.0,6.123233995736766e-17,0.998376906467142,0.056952196034039754,5272.564,6074.090999999999,6286.5419999999995,7859.805000000003,9773.408000000001,32652.179999999804,37514.86999999979,33445.789999999826,20.59090581760483,20.14008945458543,-0.046592302981139255,-0.22627612108887277,301913.68999999994,291398.313,-3677.2090000000317,-1.2179669626773242,0,6448.777571428573,6614.446285714286,7108.325966666667,7386.4847,1316.9760486996934,1620.742553208387,37983.125714285525,40289.77499999987,-13.1958345701439,-32.91736881512966,6.050761215727519,8124.53
2019-03-30,8124.53,47963.409999999945,20.490100382168528,295904.7889999999,302,138,538,138,5,30,13,3,1,2019,89,1,-0.9749279121818236,-0.2225209339563146,1.0,6.123233995736766e-17,0.9992088560679753,0.03977011384605572,6024.441999999999,7996.088,8661.879,6454.99,11909.097999999996,36452.45999999992,46033.24999999974,33011.469999999856,20.544313514623692,20.051184277178372,-0.054213132455164015,-0.2638838840566488,298236.4809999999,297515.47099999996,-2331.692000000039,-0.7818265532713417,0,6441.684857142857,6595.724857142857,7047.1472,7344.829522222222,1319.4616314549837,1626.0294856783298,37831.35285714269,40389.99733333321,-24.65763258233277,-6.6700025871457695,5.903530419605804,8496.231000000002
2019-03-31,8496.231000000002,52340.04000000019,20.504117016391355,288692.7149999999,295,137,536,138,6,31,13,3,1,2019,90,1,-0.7818314824680299,0.6234898018587334,1.0,6.123233995736766e-17,0.9997451236925734,0.022576263041545485,8124.53,8624.437000000002,8868.992000000002,7209.579,14504.277000000002,47963.409999999945,48615.199999999946,40073.45999999995,20.490100382168528,20.155507513035662,0.014016634222826951,0.06840685970979869,295904.7889999999,291710.9689999999,-7212.073999999964,-2.4372954639811413,0,6460.033714285714,6557.342785714286,7102.798533333334,7302.778766666667,1345.3200277068934,1633.6164258957456,38107.08999999986,40888.39533333321,-5.796401550617181,12.690768767496689,6.160383351158906,5981.82
2019-04-01,5981.82,34889.32999999986,20.64218833163022,285479.025,283,138,536,138,0,1,14,4,2,2019,91,0,0.0,1.0,0.8660254037844387,-0.4999999999999998,0.9999855506507186,0.005375731557583884,8496.231000000002,5883.661,6265.854,9257.532999999998,4810.576,52340.04000000019,34302.56999999985,57773.06000000039,20.504117016391355,20.230853658539534,0.1380713152388644,0.6733833752923266,288692.7149999999,290805.6479999999,-3213.689999999886,-1.1131870785169924,0,6441.7185714285715,6530.717,7145.686933333333,7236.0227,1311.3876590358996,1653.2876932947636,38639.2099999999,41297.28133333322,44.403815923453124,-8.223594774115266,5.832560993142533,5770.771000000001
2019-04-02,5770.771000000001,34085.519999999815,20.571274384314904,288473.79400000005,270,138,538,138,1,2,14,4,2,2019,92,0,0.7818314824680298,0.6234898018587336,0.8660254037844387,-0.4999999999999998,0.9999300657962057,-0.011826390691832589,5981.82,5914.111,5946.1500000000015,9582.359999999995,6885.328999999999,34889.32999999986,34161.8099999997,58445.130000000245,20.64218833163022,20.263055256826842,-0.07091394731531508,-0.34353890283353816,285479.025,294143.566,2994.7690000000293,1.0490329368331104,0,6455.741285714285,6510.428857142857,7036.496499999999,7249.036522222223,1304.934707242196,1616.77053171527,38723.03285714275,40534.4903333332,1.1448719849864135,-37.574668453282875,5.906579900675284,5744.008
2019-04-03,5744.008,32348.979999999814,20.357599324188616,291957.986,268,138,537,138,2,3,14,4,2,2019,93,0,0.9749279121818236,-0.22252093395631434,0.8660254037844387,-0.4999999999999998,0.9995786855478958,-0.029025013321975237,5770.771000000001,5376.491000000001,5918.713,6622.329999999999,5251.530999999999,34085.519999999815,32601.999999999818,40747.22999999979,20.571274384314904,20.38234170751928,-0.21367506012628823,-1.0387059942635846,288473.79400000005,297049.349,3484.1919999999227,1.20780191215564,0,6435.264142857143,6497.901785714285,6909.443533333334,7236.652544444445,1315.928903426719,1558.5230409392525,38712.13428571419,39722.50333333319,7.333407607303717,-12.8589031353013,5.63177836799667,5699.1230000000005
2019-04-04,5699.1230000000005,36322.28999999991,20.396621904521314,292260.077,296,138,542,138,3,4,14,4,2,2019,94,0,0.43388373911755823,-0.900968867902419,0.8660254037844387,-0.4999999999999998,0.9989315138848577,-0.046215046983708354,5744.008,5272.564,5512.674999999999,6684.160000000002,5890.390000000001,32348.979999999814,32652.179999999804,37997.25999999974,20.357599324188616,20.59090581760483,0.03902258033269845,0.19168557014643847,291957.986,301913.68999999994,302.0910000000149,0.10347070965204387,0,6487.766571428571,6485.422857142857,6880.166133333333,7242.124511111111,1273.2865758346222,1572.2915280025315,38675.98857142848,39442.56166666653,8.941456187160544,-14.06537246265801,6.373312174522275,6390.111000000001
2019-04-05,6390.111000000001,37318.00999999988,20.46518288334433,292980.071,279,138,539,138,4,5,14,4,2,2019,95,0,-0.433883739117558,-0.9009688679024191,0.8660254037844387,-0.4999999999999998,0.9979887423155984,-0.06339140486951038,5699.1230000000005,6024.441999999999,6074.090999999999,6365.044999999998,7959.0650000000005,36322.28999999991,36452.45999999992,36603.80999999978,20.396621904521314,20.544313514623692,0.06856097882301526,0.33613889174372236,292260.077,298236.4809999999,719.994000000006,0.24635386652553506,0,6548.703571428571,6498.7405714285715,6847.331566666666,7239.999322222222,1214.2762173801277,1586.7448791882236,39200.28999999992,39386.7293333332,-5.399985592026592,-10.462172694772747,5.839962717392527,8008.329000000002
2019-04-06,8008.329000000002,46759.77000000016,20.400085733019814,294428.242,317,138,540,138,5,6,14,4,2,2019,96,1,-0.9749279121818236,-0.2225209339563146,0.8660254037844387,-0.4999999999999998,0.9967506498213929,-0.08054900421874167,6390.111000000001,8124.53,7996.088,6230.989999999999,7862.232,37318.00999999988,47963.409999999945,35749.609999999804,20.46518288334433,20.490100382168528,-0.06509715032451524,-0.31808731295284354,292980.071,295904.7889999999,1448.1710000000312,0.49428993414368827,0,6600.942000000001,6521.313428571428,6848.167100000001,7222.5665,1195.6866804663778,1586.4887428878776,39323.93999999992,39410.53599999986,-21.347930280274664,2.5537033440914194,5.838892233323599,8489.029999999999
2019-04-07,8489.029999999999,48904.23999999996,20.54214827639133,288739.97900000005,306,137,542,138,6,7,14,4,2,2019,97,1,-0.7818314824680299,0.6234898018587334,0.8660254037844387,-0.4999999999999998,0.9952176027737294,-0.09768276782171598,8008.329000000002,8496.231000000002,8624.437000000002,6560.403,5995.113999999999,46759.77000000016,52340.04000000019,40045.78999999971,20.400085733019814,20.504117016391355,0.14206254337151591,0.6963820899123568,294428.242,288692.7149999999,-5688.262999999977,-1.9319692164585136,0,6584.341857142858,6522.187785714287,6907.411733333333,7224.189800000001,1171.5722091768464,1595.8050575792718,39151.99142857138,39777.54133333321,-5.742569852443973,22.07068681603862,5.7608749173933855,5939.084000000001
2019-04-08,5939.084000000001,34486.539999999884,20.602364830467852,288166.54299999995,282,138,541,138,0,8,15,4,2,2019,98,0,0.0,1.0,0.8660254037844387,-0.4999999999999998,0.9933900548258936,-0.11478762552212701,8489.029999999999,5981.82,5883.661,10985.574,5778.159,48904.23999999996,34889.32999999986,56210.020000000244,20.54214827639133,20.64218833163022,0.060216554076522044,0.29313659538582776,288739.97900000005,285479.025,-573.4360000001034,-0.19859944645909366,0,6583.313142857144,6512.515857142857,6971.699299999999,7251.899977777778,1169.6151836599283,1620.0078141114043,38661.16285714278,40072.82299999989,41.913832245035785,-22.72565821321673,5.806710260370098,6046.473000000001
2019-04-09,6046.473000000001,37515.83999999992,20.743410266818067,292289.08999999997,283,137,543,138,1,9,15,4,2,2019,99,0,0.7818314824680298,0.6234898018587336,0.8660254037844387,-0.4999999999999998,0.9912685467787256,-0.13185851571739118,5939.084000000001,5770.771000000001,5914.111,11189.103000000001,5524.213999999999,34486.539999999884,34085.519999999815,53780.59000000029,20.602364830467852,20.571274384314904,0.14104543635021471,0.6846079928728831,288166.54299999995,288473.79400000005,4122.5470000000205,1.430612644022322,0,6577.208,6516.474642857143,6803.4829666666665,7253.688033333333,1173.3835935237482,1440.9591683675087,38603.62142857135,39348.70699999987,2.916646666450637,-46.92082108816051,6.204582406966824,5744.531
2019-04-10,5744.531,34482.109999999826,20.79633815643306,293182.58300000004,292,131,543,138,2,10,15,4,2,2019,100,0,0.9749279121818236,-0.22252093395631434,0.8660254037844387,-0.4999999999999998,0.9888537064205885,-0.1488903868564548,6046.473000000001,5744.008,5376.491000000001,7921.539000000002,5538.796,37515.83999999992,32348.979999999814,39679.44999999982,20.743410266818067,20.357599324188616,0.05292788961499184,0.2551551983699482,292289.08999999997,291957.986,893.493000000075,0.30568811172530425,0,6616.594,6525.929071428573,6632.061966666666,7259.49091111111,1146.1133271182387,1184.2702198895086,39093.667142857084,38806.54866666653,5.265748237119466,-23.670476153686806,6.002597949249439,5970.712
2019-04-11,5970.712,34353.12999999987,20.82907859489797,294994.24700000003,283,138,544,138,3,11,15,4,2,2019,101,0,0.43388373911755823,-0.900968867902419,0.8660254037844387,-0.4999999999999998,0.986146248341595,-0.16587819893463143,5744.531,5699.1230000000005,5272.564,5701.61,5963.705000000001,34482.109999999826,36322.28999999991,34077.039999999746,20.79633815643306,20.396621904521314,0.03274043846491281,0.15743367038290348,293182.58300000004,292260.077,1811.6639999999898,0.6179302949929975,0,6616.6687142857145,6552.217642857143,6559.4950333333345,7261.776855555556,1146.0469784645,1169.1341337855658,39398.39999999994,38633.30399999986,0.796754167263971,0.7527873705848046,5.753606940009812,5911.716999999999
2019-04-12,5911.716999999999,34697.06999999984,20.86392362865223,296417.916,281,133,543,138,4,12,15,4,2,2019,102,0,-0.433883739117558,-0.9009688679024191,0.8660254037844387,-0.4999999999999998,0.9831469737221499,-0.1828169249850199,5970.712,6390.111000000001,6024.441999999999,5980.024,8235.791,34353.12999999987,37318.00999999988,33413.38999999987,20.82907859489797,20.46518288334433,0.034845033754258736,0.16729032729654175,294994.24700000003,292980.071,1423.6689999999944,0.4826090727118466,0,6655.467142857144,6602.085357142858,6568.4651,7261.854711111111,1113.9550240468336,1163.3431155100902,39117.091428571366,38642.50699999987,-6.563250622720017,-0.1557184385882046,5.869203481831057,8000.474
2019-04-13,8000.474,45772.030000000275,20.858565243659786,296100.822,296,137,543,138,5,13,15,4,2,2019,103,1,-0.9749279121818236,-0.2225209339563146,0.8660254037844387,-0.4999999999999998,0.9798567700958665,-0.1997015525660636,5911.716999999999,8008.329000000002,8124.53,6042.486000000002,8225.918000000005,34697.06999999984,46759.77000000016,35929.41999999967,20.86392362865223,20.400085733019814,-0.005358384992444343,-0.025682537416335836,296417.916,294428.242,-317.094000000041,-0.10697531521679038,0,6587.125142857143,6594.033571428571,6566.1882000000005,7236.031666666668,1147.1290804507785,1164.6006943067487,38742.67142857135,38685.2963333332,-26.180392938402047,-2.1641589239925905,5.721164770987353,8067.266
2019-04-14,8067.266,48794.44000000031,20.73112317011881,291460.322,313,133,542,138,6,14,15,4,2,2019,104,1,-0.7818314824680299,0.6234898018587334,0.8660254037844387,-0.4999999999999998,0.9762766110869321,-0.21652708524481437,8000.474,8489.029999999999,8496.231000000002,6286.5419999999995,7955.422,45772.030000000275,48904.23999999996,37124.519999999626,20.858565243659786,20.54214827639133,-0.12744207354097625,-0.6109819733632629,296100.822,288739.97900000005,-4640.5,-1.56720267395948,0,6586.003,6585.172428571429,6631.454466666667,7233.526733333333,1145.5098237096752,1188.8515137854931,38601.56571428566,39013.383333333215,-5.755145169707243,27.26350989144749,6.048448135960846,6360.574999999999
2019-04-15,6360.574999999999,38173.480000000076,20.77649653147274,291047.459,284,138,543,138,0,15,16,4,2,2019,105,0,0.0,1.0,0.8660254037844387,-0.4999999999999998,0.9724075561219968,-0.23328854407545518,8067.266,5939.084000000001,5981.82,8661.879,7287.369000000002,48794.44000000031,34486.539999999884,49047.82999999986,20.73112317011881,20.602364830467852,0.04537336135393133,0.21886590987665863,291460.322,288166.54299999995,-412.8630000000121,-0.14165324362745063,0,6525.750999999999,6554.532071428572,6690.811933333333,7234.769444444444,1034.4380700976599,1215.199155200355,38585.88,39402.38066666658,35.83350563824318,-6.8647114557938425,6.001576901459393,5862.376000000001
2019-04-16,5862.376000000001,34866.019999999866,20.768015692232627,297110.04900000006,293,138,542,138,1,16,16,4,2,2019,106,0,0.7818314824680298,0.6234898018587336,0.8660254037844387,-0.4999999999999998,0.9682507501166718,-0.2499809690726521,6360.574999999999,6046.473000000001,5770.771000000001,8868.992000000002,5743.427000000002,38173.480000000076,37515.83999999992,50781.960000000225,20.77649653147274,20.743410266818067,-0.008480839240114335,-0.0408193904456767,291047.459,292289.08999999997,6062.590000000084,2.0830245420559006,0,6585.964,6581.586,6614.101800000001,7224.471733333334,1006.4871608477536,1157.7620851921984,39112.585714285735,39039.90233333325,5.194797032914858,-28.282999917014273,5.947421318591618,5660.758000000001
2019-04-17,5660.758000000001,33027.279999999904,20.804624391730325,301045.892,280,138,543,138,2,17,16,4,2,2019,107,0,0.9749279121818236,-0.22252093395631434,0.8660254037844387,-0.4999999999999998,0.9638074231367307,-0.26659942067929354,5862.376000000001,5744.531,5744.008,6265.854,6421.706,34866.019999999866,34482.109999999826,37516.51999999978,20.768015692232627,20.79633815643306,0.03660869949769818,0.1762744213997781,297110.04900000006,293182.58300000004,3935.8429999999353,1.3247088118517103,0,6559.664428571428,6588.129214285715,6513.881266666666,7225.793388888889,1025.1654998234792,1083.595794607332,38734.040000000015,38509.370999999905,2.0514294378427267,-6.439313779095382,5.83442712089086,6014.587000000001
2019-04-18,6014.587000000001,35683.609999999826,20.813606275306483,306603.289,315,138,545,138,3,18,16,4,2,2019,108,0,0.43388373911755823,-0.900968867902419,0.8660254037844387,-0.4999999999999998,0.9590788900341131,-0.28313898122818354,5660.758000000001,5970.712,5699.1230000000005,5946.1500000000015,7135.412,33027.279999999904,34353.12999999987,35768.65999999977,20.804624391730325,20.82907859489797,0.008981883576158367,0.043172534178163746,301045.892,294994.24700000003,5557.396999999997,1.8460298405267714,0,6547.696857142858,6582.182785714286,6493.7114,7217.33841111111,1036.6913325383696,1093.9538005454551,38526.20714285717,38359.72966666657,-5.191240173701222,-4.799609831571701,5.93284459930496,8702.322
2019-04-19,8702.322,67797.14000000052,20.7624482566699,306243.1749999999,335,138,546,138,4,19,16,4,2,2019,109,0,-0.433883739117558,-0.9009688679024191,0.8660254037844387,-0.4999999999999998,0.9540665500578387,-0.2995947563972602,6014.587000000001,5911.716999999999,6390.111000000001,5918.713,8152.665000000001,35683.609999999826,34697.06999999984,33786.36999999982,20.813606275306483,20.86392362865223,-0.05115801863658476,-0.24579122887166005,306603.289,296417.916,-360.1140000001178,-0.11745275178705529,0,6553.964714285715,6604.715928571429,6495.992633333333,7204.8848,1032.7465892737719,1092.8433840098244,38716.27571428573,38356.89466666658,1.7401035942688503,1.6198453954432597,7.79069540290517,11019.232000000002
2019-04-20,11019.232000000002,73686.53000000007,20.735768783205447,303615.31299999997,351,138,552,138,5,20,16,4,2,2019,110,1,-0.9749279121818236,-0.2225209339563146,0.8660254037844387,-0.4999999999999998,0.9487718864399473,-0.31596187665790293,8702.322,8000.474,8008.329000000002,5512.674999999999,8725.804,67797.14000000052,45772.030000000275,31802.989999999787,20.7624482566699,20.858565243659786,-0.02667947346445132,-0.12849868731583997,306243.1749999999,296100.822,-2627.8619999999064,-0.8580965110487466,0,6952.622571428571,6769.873857142858,6588.779600000001,7210.9920999999995,1257.63358449404,1158.3467419188353,43444.85714285726,39490.586999999934,8.77258022462169,57.86024026448142,6.68708400004647,10480.916000000001
2019-04-21,10480.916000000001,64475.540000000336,20.70303967446869,296767.117,348,137,550,138,6,21,16,4,2,2019,111,1,-0.7818314824680299,0.6234898018587334,0.8660254037844387,-0.4999999999999998,0.9431964659565866,-0.33223549871590435,11019.232000000002,8067.266,8489.029999999999,6074.090999999999,6563.015,73686.53000000007,48794.44000000031,37514.86999999979,20.735768783205447,20.73112317011881,-0.032729108736756274,-0.15783889702350756,303615.31299999997,291460.322,-6848.195999999938,-2.2555502660038558,0,7383.873714285715,6984.938357142857,6772.3315,7236.474633333332,1984.4113395732634,1394.2173236279175,47432.64285714294,40886.70499999994,36.59190114717926,81.4136798411483,6.151708495707849,7400.883000000002
2019-04-22,7400.883000000002,44122.09000000019,20.866588866192767,293987.66000000003,326,138,550,138,0,22,17,4,2,2019,112,0,0.0,1.0,0.8660254037844387,-0.4999999999999998,0.9373419384643772,-0.3484108069446808,10480.916000000001,6360.574999999999,5939.084000000001,7996.088,6372.116,64475.540000000336,38173.480000000076,46033.24999999974,20.70303967446869,20.77649653147274,0.16354919172407634,0.7899767101628449,296767.117,291047.459,-2779.456999999995,-0.9365784956559033,0,7728.680857142857,7127.215928571429,6919.225666666667,7280.006866666667,2306.5028481351437,1542.3910986137014,49672.80000000009,41785.393999999964,64.77937922279044,31.075545941965636,5.96173321480696,8208.195
2019-04-23,8208.195,53163.61000000054,20.86864784850464,293167.439,335,138,549,138,1,23,17,4,2,2019,113,0,0.7818314824680298,0.6234898018587336,0.8660254037844387,-0.4999999999999998,0.9312100364121947,-0.3644830148102912,7400.883000000002,5862.376000000001,6046.473000000001,8624.437000000002,6177.235,44122.09000000019,34866.019999999866,48615.199999999946,20.866588866192767,20.768015692232627,0.002058982311872626,0.009867364163236612,293987.66000000003,297110.04900000006,-820.2210000000196,-0.2789984450367813,0,7877.296285714287,7231.630142857143,6899.3855,7291.437611111111,2236.100188209589,1531.8536333565416,50522.60142857153,41721.68866666665,26.24374485703408,-14.187059398775826,6.476894128368118,5854.732000000001
2019-04-24,5854.732000000001,33117.19999999985,20.75831272355923,294096.825,281,138,549,138,2,24,17,4,2,2019,114,0,0.9749279121818236,-0.22252093395631434,0.8660254037844387,-0.4999999999999998,0.9248025743285089,-0.38044736628785164,8208.195,5660.758000000001,5744.531,5883.661,6163.947999999999,53163.61000000054,33027.279999999904,34302.56999999985,20.86864784850464,20.804624391730325,-0.11033512494541142,-0.5287123811105835,293167.439,301045.892,929.3859999999986,0.31701542407647754,0,8212.413285714287,7386.0388571428575,6885.510766666667,7314.003833333333,2052.0043325886595,1517.508114500686,53136.54285714306,41873.302333333326,45.00169411940942,39.508292540987654,5.656484361709443,5943.885000000001
2019-04-25,5943.885000000001,33583.54999999978,20.952048118763972,294498.406,281,138,549,138,3,25,17,4,2,2019,115,0,0.43388373911755823,-0.900968867902419,0.8660254037844387,-0.4999999999999998,0.9181214482844364,-0.39629913726891813,5854.732000000001,6014.587000000001,5970.712,5914.111,6949.833,33117.19999999985,35683.609999999826,34161.8099999997,20.75831272355923,20.813606275306483,0.1937353952047438,0.9332906666584116,294096.825,306603.289,401.5810000000056,0.13654720685951152,0,8240.123857142858,7393.910357142857,6884.546466666667,7310.5681,2012.7374354051258,1518.1757367756402,53149.38857142877,41833.79,-2.6577884732567747,-1.0040224135123434,5.650100902019432,6314.900000000001
2019-04-26,6314.900000000001,35881.699999999844,20.975861715751844,295321.363,279,138,549,138,4,26,17,4,2,2019,116,0,-0.433883739117558,-0.9009688679024191,0.8660254037844387,-0.4999999999999998,0.9111686353326631,-0.41203363695942635,5943.885000000001,8702.322,5911.716999999999,5376.491000000001,8853.924000000003,33583.54999999978,67797.14000000052,32601.999999999818,20.952048118763972,20.7624482566699,0.02381359698787122,0.11365760928424243,294498.406,306243.1749999999,822.9569999999949,0.27944361776952875,0,8230.023571428572,7391.994142857143,6885.538933333333,7299.390899999999,2025.901296519571,1517.5290591377527,52849.38000000019,41814.51466666666,-31.697712403655014,10.553240022163157,5.682069391439269,7968.468000000001
2019-04-27,7968.468000000001,42445.49000000008,21.010325709620947,297627.016,303,138,551,138,5,27,17,4,2,2019,117,1,-0.9749279121818236,-0.2225209339563146,0.8660254037844387,-0.4999999999999998,0.9039461929224011,-0.42764620926777464,6314.900000000001,11019.232000000002,8000.474,5272.564,9063.170999999998,35881.699999999844,73686.53000000007,32652.179999999804,20.975861715751844,20.735768783205447,0.03446399386910315,0.16430311343644288,295321.363,303615.31299999997,2305.652999999991,0.7807267908349695,0,7888.963285714287,7420.792928571429,6916.819233333334,7271.179522222223,2131.354578595803,1494.8531046110477,48290.03142857152,41923.837999999996,-42.69201338169484,19.769053538278534,5.326681364598574,8161.523999999999
2019-04-28,8161.523999999999,42737.280000000115,21.013364036437178,293200.816,310,137,550,138,6,28,17,4,2,2019,118,1,-0.7818314824680299,0.6234898018587334,0.8660254037844387,-0.4999999999999998,0.8964562582905575,-0.44313223418263453,7968.468000000001,10480.916000000001,8067.266,6024.441999999999,6438.604,42445.49000000008,64475.540000000336,36452.45999999992,21.010325709620947,20.70303967446869,0.003038326816231063,0.014461112398841904,297627.016,296767.117,-4426.200000000012,-1.4871633830445055,0,7453.139857142858,7418.506785714287,7006.6827,7259.016155555556,1639.826128380849,1473.479519105059,43827.0257142858,42250.281666666684,-23.971645226428684,32.268980264064325,5.236433783690414,6295.986999999998
2019-04-29,6295.986999999998,36003.30999999976,20.753221479935416,292114.54699999996,296,138,550,138,0,29,18,4,2,2019,119,0,0.0,1.0,0.8660254037844387,-0.4999999999999998,0.8887010478292915,-0.45848712914008766,8161.523999999999,7400.883000000002,6360.574999999999,8124.53,6616.927000000002,42737.280000000115,44122.09000000019,47963.409999999945,21.013364036437178,20.866588866192767,-0.2601425565017621,-1.2379862455657973,293200.816,293987.66000000003,-1086.2690000000293,-0.3704863495332255,0,7121.798142857144,7425.239500000001,7077.918766666667,7278.159711111112,1056.728188729968,1476.0120925477122,40721.560000000056,42459.77566666668,10.277706052102129,0.455337108731209,5.718453675333156,6542.815999999999
2019-04-30,6542.815999999999,35575.239999999845,20.923105189921838,291420.266,284,138,548,138,1,30,18,4,2,2019,120,0,0.7818314824680298,0.6234898018587336,0.8660254037844387,-0.4999999999999998,0.8806828564301475,-0.47370635037968,6295.986999999998,8208.195,5862.376000000001,8496.231000000002,5908.019,36003.30999999976,53163.61000000054,52340.04000000019,20.753221479935416,20.86864784850464,0.1698837099864221,0.8185895869259078,292114.54699999996,293167.439,-694.280999999959,-0.23767422989720505,0,6963.955857142858,7420.626071428573,7016.967333333333,7274.593711111112,1090.0858655172613,1469.0403754960134,39561.73428571428,42061.10566666668,-23.296327633541864,-25.896706433711643,5.437297946327675,7102.184
2019-05-01,7102.184,40869.73999999997,21.034100964268237,286920.536,298,138,547,138,2,1,18,5,2,2019,121,0,0.9749279121818236,-0.22252093395631434,0.49999999999999994,-0.8660254037844387,0.8724040568049612,-0.48878539428899265,6542.815999999999,5854.732000000001,5660.758000000001,5981.82,6016.0509999999995,35575.239999999845,33117.19999999985,34889.32999999986,20.923105189921838,20.75831272355923,0.1109957743463994,0.5304937930525887,291420.266,294096.825,-4499.729999999981,-1.5440690044528274,0,6726.044571428572,7469.228928571429,6951.8535,7281.647011111111,945.4045378185939,1444.2957151703965,37049.109999999906,41502.278999999995,11.752613099967649,9.378349733024384,5.754531282208398,5762.11
2019-05-02,5762.11,37514.349999999926,20.970898375444875,287916.63899999997,286,138,549,138,3,2,18,5,2,2019,122,0,0.43388373911755823,-0.900968867902419,0.49999999999999994,-0.8660254037844387,0.8638670987837349,-0.503719798736334,7102.184,5943.885000000001,6014.587000000001,5770.771000000001,6703.3240000000005,40869.73999999997,33583.54999999978,34085.519999999815,21.034100964268237,20.952048118763972,-0.06320258882336205,-0.3004767778319962,286920.536,294498.406,996.1029999999446,0.347170339874154,0,6904.2519999999995,7572.187928571429,6989.198966666667,7293.715155555555,868.2097001088158,1432.787336827439,38156.61571428563,41701.626000000004,19.48723772414841,23.07166581380546,6.510523054922577,5243.108
2019-05-03,5243.108,32989.66999999997,20.977688934220012,290583.862,266,115,549,138,4,3,18,5,2,2019,123,0,-0.433883739117558,-0.9009688679024191,0.49999999999999994,-0.8660254037844387,0.8550745085896932,-0.518505144391157,5762.11,6314.900000000001,8702.322,5744.008,11952.182999999994,37514.349999999926,35881.699999999844,32348.979999999814,20.970898375444875,20.975861715751844,0.006790558775136901,0.03238086730270012,287916.63899999997,295321.363,2667.2230000000563,0.9263872380783302,0,6878.284142857142,7554.153857142858,6988.910266666668,7283.2572222222225,903.713797469558,1433.0421601030037,38718.15857142851,41815.920333333335,-8.753741151878902,0.31514580063258724,6.29200657320047,8202.359
2019-05-04,8202.359,50860.92000000041,20.870550860250333,294213.29299999995,301,138,550,138,5,4,18,5,2,2019,124,1,-0.9749279121818236,-0.2225209339563146,0.49999999999999994,-0.8660254037844387,0.8460288880917339,-0.533137056031809,5243.108,7968.468000000001,11019.232000000002,5699.1230000000005,12489.910999999993,32989.66999999997,42445.49000000008,36322.28999999991,20.977688934220012,21.010325709620947,-0.10713807396967923,-0.5107239138955362,290583.862,297627.016,3629.430999999924,1.2490132710810775,0,6725.170999999999,7307.067142857143,6972.213600000001,7208.711944444444,1087.2354582884536,1450.8542749462106,38305.01142857138,41837.27666666668,-34.20180642000445,-8.001494264994811,6.2007673646082075,9106.127999999999
2019-05-05,9106.127999999999,58499.41000000041,20.899487322518006,288350.90799999994,317,137,551,138,6,5,18,5,2,2019,125,1,-0.7818314824680299,0.6234898018587334,0.49999999999999994,-0.8660254037844387,0.8367329140344921,-0.5476112038402312,8202.359,8161.523999999999,10480.916000000001,6390.111000000001,9639.587999999996,50860.92000000041,42737.280000000115,37318.00999999988,20.870550860250333,21.013364036437178,0.02893646226767288,0.13864733356312475,294213.29299999995,293200.816,-5862.385000000009,-1.9925629261081723,0,6758.584,7105.8619285714285,7055.654800000001,7161.072477777779,1134.3843857433737,1447.0897155464716,39507.21571428572,42321.89766666669,0.5003354765605168,28.360195933998632,6.424180507895389,6207.091
2019-05-06,6207.091,41481.17999999999,20.866577836548664,290217.838,285,138,551,140,0,6,19,5,2,2019,126,0,0.0,1.0,0.49999999999999994,-0.8660254037844387,0.8271893372462497,-0.5619233046832195,9106.127999999999,6295.986999999998,7400.883000000002,8008.329000000002,8720.675,58499.41000000041,36003.30999999976,46759.77000000016,20.899487322518006,20.753221479935416,-0.03290948596934129,-0.15746551798848765,288350.90799999994,292114.54699999996,1866.9300000000512,0.6474507096055517,0,6893.527428571428,7007.662785714287,7146.188700000001,7155.145144444444,1362.3644699347744,1488.3871261698255,41758.94857142861,43027.944333333384,44.63384374840674,13.708215534102008,6.682869640544982,6597.068000000001
2019-05-07,6597.068000000001,44779.960000000254,20.872318052452652,291383.62,299,138,548,140,1,7,19,5,2,2019,127,0,0.7818314824680298,0.6234898018587336,0.49999999999999994,-0.8660254037844387,0.8174009818249189,-0.5760691233798758,6207.091,6542.815999999999,8208.195,8489.029999999999,6659.57,41481.17999999999,35575.239999999845,48904.23999999996,20.866577836548664,20.923105189921838,0.005740215903987433,0.027509139011444465,290217.838,291420.266,1165.7820000000065,0.4016920558825218,0,6880.828,6922.391928571428,7086.1474333333335,7127.216433333333,1369.2597252977143,1488.740046612747,42541.50142857151,42851.991333333375,-5.131200388334299,-26.881033522086728,6.7878578786819,6445.395000000001
2019-05-08,6445.395000000001,45113.43000000032,20.879947572027806,292580.903,319,138,546,140,2,8,19,5,2,2019,128,0,0.9749279121818236,-0.22252093395631434,0.49999999999999994,-0.8660254037844387,0.8073707443023492,-0.5900444739548627,6597.068000000001,7102.184,5854.732000000001,5939.084000000001,6485.951999999999,44779.960000000254,40869.73999999997,34486.539999999884,20.872318052452652,21.034100964268237,0.00762951957515412,0.03655329300742231,291383.62,286920.536,1197.2829999999958,0.4108957806207486,0,6888.578285714285,6807.311428571428,7023.082033333334,7126.521966666667,1367.1795985952042,1467.1795922461627,43856.461428571565,42714.51533333338,-7.112122130319336,11.07888017748192,6.999327426790804,6134.032000000001
2019-05-09,6134.032000000001,42369.42000000031,20.827272587901547,294550.75899999996,298,137,547,140,3,9,19,5,2,2019,129,0,0.43388373911755823,-0.900968867902419,0.49999999999999994,-0.8660254037844387,0.7971015927871943,-0.6038452208771035,6445.395000000001,5762.11,5943.885000000001,6046.473000000001,6617.201,45113.43000000032,37514.349999999926,37515.83999999992,20.879947572027806,20.970898375444875,-0.05267498412625926,-0.25227546163394704,292580.903,287916.63899999997,1969.8559999999707,0.6732688223332097,0,6794.7512857142865,6849.5016428571425,7039.959066666667,7126.071333333332,1372.6033543931312,1457.1581726771171,44462.70285714305,43068.74500000007,11.858242900604148,6.597598302349161,6.907270780458971,6550.865
2019-05-10,6550.865,43323.20000000016,20.783586038468524,297118.928,310,138,547,141,4,10,19,5,2,2019,130,0,-0.433883739117558,-0.9009688679024191,0.49999999999999994,-0.8660254037844387,0.7865965660866021,-0.6174672802835514,6134.032000000001,5243.108,6314.900000000001,5744.531,10920.939000000002,42369.42000000031,32989.66999999997,34482.109999999826,20.827272587901547,20.977688934220012,-0.04368654943302275,-0.20975645874246654,294550.75899999996,290583.862,2568.1690000000526,0.8718935265076173,0,6847.883000000001,6863.083571428571,7042.877700000001,7120.702788888888,1332.584012802459,1455.1859935468633,45156.28428571454,43230.531000000075,16.9922877804539,6.780379460046452,6.613355640819977,8630.516
2019-05-11,8630.516,61529.730000000476,20.51581592491971,297878.168,330,139,548,142,5,11,19,5,2,2019,131,1,-0.9749279121818236,-0.2225209339563146,0.49999999999999994,-0.8660254037844387,0.7758587728069828,-0.6309066211876704,6550.865,8202.359,7968.468000000001,5970.712,11172.627999999999,43323.20000000016,50860.92000000041,34353.12999999987,20.783586038468524,20.870550860250333,-0.2677701135488135,-1.2883730124974364,297118.928,294213.29299999995,759.2399999999907,0.25553403989125545,0,7034.7054285714285,6879.938214285715,7069.7555,7072.14641111111,1149.150371654203,1437.7199604811221,46632.502857143125,43525.23400000009,-20.13437841479507,9.71664685886707,7.129322279224148,9732.695000000002
2019-05-12,9732.695000000002,74102.2300000002,20.50971504307776,291409.783,334,138,548,142,6,12,19,5,2,2019,132,1,-0.7818314824680299,0.6234898018587334,0.49999999999999994,-0.8660254037844387,0.7648913904341225,-0.6441592666722685,8630.516,9106.127999999999,8161.523999999999,5911.716999999999,7472.435,61529.730000000476,58499.41000000041,34697.06999999984,20.51581592491971,20.899487322518006,-0.006100881841948791,-0.02973745652756761,297878.168,288350.90799999994,-6468.385000000009,-2.171486767032893,0,7095.870714285715,6927.227357142857,7158.415633333334,7043.900722222223,1230.1956234555867,1449.570447722439,48156.61857142885,44431.12066666678,-5.222988299747151,45.99000594920226,7.6137421341160065,5514.23
2019-05-13,5514.23,36174.040000000095,20.35671586716159,290594.60699999996,290,139,550,142,0,13,20,5,2,2019,133,0,0.0,1.0,0.49999999999999994,-0.8660254037844387,0.753697664392914,-0.6572212950663319,9732.695000000002,6207.091,6295.986999999998,8000.474,6925.990999999999,74102.2300000002,41481.17999999999,45772.030000000275,20.50971504307776,20.866577836548664,-0.15299917591617174,-0.7459839183275757,291409.783,290217.838,-815.1760000000359,-0.2797352894635098,0,7185.380285714286,7039.4538571428575,7285.7815666666675,7069.014722222221,1410.4320760639093,1503.127479285027,50385.5928571431,45744.62600000013,56.799618371955575,21.651479649830765,6.560125348416751,5305.369999999999
2019-05-14,5305.369999999999,33260.74999999991,20.367263537542424,293713.339,278,138,549,142,1,14,20,5,2,2019,134,0,0.7818314824680298,0.6234898018587336,0.49999999999999994,-0.8660254037844387,0.742280907086982,-0.6700888411055113,5514.23,6597.068000000001,6542.815999999999,8067.266,6439.87,36174.040000000095,44779.960000000254,48794.44000000031,20.35671586716159,20.872318052452652,0.010547670380834262,0.051814204460402295,290594.60699999996,291383.62,3118.732000000018,1.0732243217438713,0,7086.400142857144,6983.614071428571,7202.906766666667,7053.32848888889,1511.2371155932215,1530.6516198069899,49627.43000000026,45424.693000000116,-16.4139281268588,-31.646855328682605,6.269261144840025,5344.72
2019-05-15,5344.72,31272.359999999815,20.40398348447541,296326.23899999994,266,138,553,142,2,15,20,5,2,2019,135,0,0.9749279121818236,-0.22252093395631434,0.49999999999999994,-0.8660254037844387,0.7306444969184916,-0.6827580970759147,5305.369999999999,6445.395000000001,7102.184,6360.574999999999,6995.226999999999,33260.74999999991,45113.43000000032,38173.480000000076,20.367263537542424,20.879947572027806,0.03671994693298686,0.18028905486150348,293713.339,292580.903,2612.899999999965,0.8896088985594097,0,6901.871857142857,6895.225071428572,7110.843566666666,7040.7229333333335,1653.143133720888,1559.6551007778787,47981.828571428785,44906.90333333343,-17.68743420690279,-16.5897737232876,5.851075453905876,5364.743
2019-05-16,5364.743,30740.900000000038,20.230090290040735,299142.77199999994,274,137,553,142,3,16,20,5,2,2019,136,0,0.43388373911755823,-0.900968867902419,0.49999999999999994,-0.8660254037844387,0.7187918772884232,-0.6952253139408722,5344.72,6134.032000000001,5762.11,5862.376000000001,6415.996000000001,31272.359999999815,42369.42000000031,34866.019999999866,20.40398348447541,20.827272587901547,-0.173893194434676,-0.852251201668461,296326.23899999994,294550.75899999996,2816.532999999996,0.9504838348115355,0,6744.632571428571,6769.691928571429,7076.981733333333,7022.383966666667,1753.119826561776,1587.2888161024946,46004.53285714301,44676.86600000009,-12.867751586558413,-8.83013986138045,5.730171976551353,6035.638000000002
2019-05-17,6035.638000000002,37101.41000000007,20.46725530631013,299404.2249999999,303,139,557,143,4,17,20,5,2,2019,137,0,-0.433883739117558,-0.9009688679024191,0.49999999999999994,-0.8660254037844387,0.7067265555776158,-0.7074868024503348,5364.743,6550.865,5243.108,5660.758000000001,9160.762,30740.900000000038,43323.20000000016,33027.279999999904,20.230090290040735,20.783586038468524,0.2371650162693939,1.172337902941294,299142.77199999994,297118.928,261.4529999999795,0.0874007412086091,0,6634.7341428571435,6741.308571428571,7060.393966666667,7010.703377777778,1820.5902557959553,1602.9426341015155,44343.31571428582,44539.362000000096,-18.106341681594714,-5.229246683924667,6.1470568645767125,7681.143999999999
2019-05-18,7681.143999999999,46194.53000000058,20.401143241094154,302191.39499999996,310,139,552,144,5,18,20,5,2,2019,138,1,-0.9749279121818236,-0.2225209339563146,0.49999999999999994,-0.8660254037844387,0.6944521021088763,-0.719538934232584,6035.638000000002,8630.516,8202.359,6014.587000000001,9130.723000000002,37101.41000000007,61529.730000000476,35683.609999999826,20.46725530631013,20.51581592491971,-0.06611206521597524,-0.3230138297810388,299404.2249999999,297878.168,2787.170000000042,0.9309053671503944,0,6561.130285714286,6797.917857142857,7072.8899666666675,6975.979777777777,1834.9047540110291,1593.0862154943027,43454.48857142867,44675.166333333436,-30.066313532122507,0.34999909386962696,6.014016922479332,8134.953
2019-05-19,8134.953,46037.61000000052,20.509878177172688,297338.425,296,139,552,144,6,19,20,5,2,2019,139,1,-0.7818314824680299,0.6234898018587334,0.49999999999999994,-0.8660254037844387,0.6819721490904629,-0.7313781428679254,7681.143999999999,9732.695000000002,9106.127999999999,8702.322,6379.508999999999,46194.53000000058,74102.2300000002,67797.14000000052,20.401143241094154,20.50971504307776,0.1087349360785339,0.5329845234335124,302191.39499999996,291409.783,-4852.969999999972,-1.6059259397508563,0,6425.505714285714,6760.688214285715,7128.441866666667,6959.873344444445,1685.4558262196038,1583.9406815994184,41263.74571428582,45025.53033333346,-21.078961171597406,-11.734546250989112,5.659234908917177,5792.091
2019-05-20,5792.091,34278.97000000001,20.444054690242027,295641.758,279,140,553,144,0,20,21,5,2,2019,140,0,0.0,1.0,0.49999999999999994,-0.8660254037844387,0.6692903895412567,-0.7430009249440493,8134.953,5514.23,6207.091,11019.232000000002,5960.536000000002,46037.61000000052,36174.040000000095,73686.53000000007,20.509878177172688,20.35671586716159,-0.06582348693066109,-0.3209355334149281,297338.425,290594.60699999996,-1696.6670000000158,-0.5706181432823612,0,6197.256857142857,6691.318571428573,7109.529566666666,6979.378277777778,1201.706725065718,1567.8055181183402,37254.51428571444,44300.2126666668,47.52654495731954,-26.17495484258795,5.918237472443027,5517.201000000001
2019-05-21,5517.201000000001,33075.20000000006,20.453079108721543,298443.278,286,141,553,144,1,21,21,5,2,2019,141,0,0.7818314824680298,0.6234898018587336,0.49999999999999994,-0.8660254037844387,0.6564105761979381,-0.7544038410927472,5792.091,5305.369999999999,6597.068000000001,10480.916000000001,6138.362999999999,34278.97000000001,33260.74999999991,64475.540000000336,20.444054690242027,20.367263537542424,0.009024418479516072,0.044142018871742884,295641.758,293713.339,2801.5200000000186,0.9476063256260365,0,6236.951285714285,6661.675714285714,6935.291533333334,6977.506666666668,1179.773881513432,1399.7723291302061,36983.79000000014,42986.62733333346,9.174119806912646,-44.736786364855895,5.994923875349123,5651.352
2019-05-22,5651.352,33588.860000000015,20.384600148554725,303092.07800000004,283,142,555,144,2,22,21,5,2,2019,142,0,0.9749279121818236,-0.22252093395631434,0.49999999999999994,-0.8660254037844387,0.6433365204044917,-0.765583517007675,5517.201000000001,5344.72,6445.395000000001,7400.883000000002,5877.102000000001,33075.20000000006,31272.359999999815,44122.09000000019,20.453079108721543,20.40398348447541,-0.06847896016681787,-0.33481002934965065,298443.278,296326.23899999994,4648.800000000047,1.5576829309588427,0,6267.2128571428575,6584.542357142856,6769.834366666667,6970.6048666666675,1154.3385488352944,1251.7540839051458,36957.28285714302,41939.94933333345,3.2271288299480734,-25.452125104531447,5.943508739147733,5587.701999999999
2019-05-23,5587.701999999999,35721.08000000005,20.32941938982024,306996.322,295,142,555,144,3,23,21,5,2,2019,143,0,0.43388373911755823,-0.900968867902419,0.49999999999999994,-0.8660254037844387,0.6300720909843687,-0.7765366444428655,5651.352,5364.743,6134.032000000001,8208.195,6941.958,33588.860000000015,30740.900000000038,53163.61000000054,20.384600148554725,20.230090290040735,-0.05518075873448325,-0.2706982640441715,303092.07800000004,299142.77199999994,3904.243999999948,1.2881379235520458,0,6311.017428571429,6527.825000000002,6711.516666666666,6968.096533333333,1118.7675177397894,1262.052407698323,37288.211428571616,41588.841666666776,5.34245536086257,-31.14988130764437,6.392803338474396,5770.994999999999
2019-05-24,5770.994999999999,35349.29000000016,20.297168460530123,309130.681,284,143,555,144,4,24,21,5,2,2019,144,0,-0.433883739117558,-0.9009688679024191,0.49999999999999994,-0.8660254037844387,0.6166212130956382,-0.7872599821916922,5587.701999999999,6035.638000000002,6550.865,5854.732000000001,8749.196000000002,35721.08000000005,37101.41000000007,33117.19999999985,20.32941938982024,20.46725530631013,-0.03225092929011808,-0.15864166443566716,306996.322,299404.2249999999,2134.3589999999967,0.6952392739089548,0,6342.868714285714,6488.801428571429,6624.1669,6953.049244444444,1090.1447103273047,1245.468005555106,37999.665714285904,41007.4240000001,-7.421518653040529,-4.560926102168324,6.125337138569721,7726.905
2019-05-25,7726.905,45892.54000000042,20.24251578436453,308780.21700000006,302,144,556,144,5,25,21,5,2,2019,145,1,-0.9749279121818236,-0.2225209339563146,0.49999999999999994,-0.8660254037844387,0.6029878670694714,-0.7977503570459932,5770.994999999999,7681.143999999999,8630.516,5943.885000000001,8495.103,35349.29000000016,46194.53000000058,33583.54999999978,20.297168460530123,20.401143241094154,-0.054652676165591885,-0.26926256375055213,309130.681,302191.39499999996,-350.4639999999199,-0.11337082390729114,0,6305.062571428572,6433.096428571428,6621.375666666668,6919.958122222222,1107.033320708543,1247.3442758045226,37749.36285714306,41081.8270000001,-24.868027470907986,-2.908703650895031,5.93931722986117,7823.712
2019-05-26,7823.712,44056.29000000033,20.217092802572637,304724.504,294,142,556,144,6,26,21,5,2,2019,146,1,-0.7818314824680299,0.6234898018587334,0.49999999999999994,-0.8660254037844387,0.5891760872322963,-0.8080046647350754,7726.905,8134.953,9732.695000000002,6314.900000000001,6374.2779999999975,45892.54000000042,46037.61000000052,35881.699999999844,20.24251578436453,20.509878177172688,-0.025422981791894728,-0.12559200675803164,308780.21700000006,297338.425,-4055.713000000047,-1.3134627080076333,0,6311.599857142857,6368.552785714286,6680.809666666667,6911.422588888889,1116.607457125455,1256.3959679732932,37706.22142857161,41492.126666666794,-5.015984726648091,22.35989485185829,5.631123691669674,5531.9039999999995
2019-05-27,5531.9039999999995,35273.130000000085,20.23330282376173,308926.178,287,143,556,144,0,27,22,5,2,2019,147,0,0.0,1.0,0.49999999999999994,-0.8660254037844387,0.5751899607119775,-0.8180198708443174,7823.712,5792.091,5514.23,7968.468000000001,6062.573,44056.29000000033,34278.97000000001,42445.49000000008,20.217092802572637,20.444054690242027,0.016210021189092316,0.08017978325266223,304724.504,295641.758,4201.673999999999,1.378843494647217,0,6267.136857142857,6232.196857142858,6731.103400000001,6927.527411111112,1035.1248733264863,1271.35342074618,37423.17571428587,41764.61300000014,35.07577833290257,-1.8166101689810426,6.376309133347232,5799.035999999999
2019-05-28,5799.035999999999,33997.02000000008,20.238267942122235,313117.615,276,144,557,144,1,28,22,5,2,2019,148,0,0.7818314824680298,0.6234898018587336,0.49999999999999994,-0.8660254037844387,0.5610336262283677,-0.8277930117131022,5531.9039999999995,5517.201000000001,5305.369999999999,8161.523999999999,7859.805000000003,35273.130000000085,33075.20000000006,42737.280000000115,20.23330282376173,20.453079108721543,0.004965118360505727,0.024539336972087208,308926.178,298443.278,4191.436999999976,1.3567762457476091,0,6229.967285714286,6233.459285714286,6649.8846,6921.631088888888,1059.4124762360514,1267.4024390974046,37565.19857142874,41525.534333333475,0.2664938254016594,-32.21971778800136,5.862529565258791,5390.975000000002
2019-05-29,5390.975000000002,33625.76000000011,20.357201031432552,315904.80199999997,292,142,559,144,2,29,22,5,2,2019,149,0,0.9749279121818236,-0.22252093395631434,0.49999999999999994,-0.8660254037844387,0.5467112728685939,-0.8373211953118121,5799.035999999999,5651.352,5344.72,6295.986999999998,6454.99,33997.02000000008,33588.860000000015,36003.30999999976,20.238267942122235,20.384600148554725,0.11893308931031754,0.5876643675755482,313117.615,303092.07800000004,2787.1869999999763,0.8901405946132976,0,6270.229428571429,6268.721142857142,6571.135,6898.733655555556,1032.8316644668275,1243.40749854578,37696.88714285731,41234.19233333347,2.6132507760974595,-7.8931389153122336,6.237417164798593,6336.5289999999995
2019-05-30,6336.5289999999995,39819.97000000019,20.4328894962936,319651.627,303,144,559,144,3,30,22,5,2,2019,150,0,0.43388373911755823,-0.900968867902419,0.49999999999999994,-0.8660254037844387,0.5322271388474397,-0.8466016020976267,5390.975000000002,5587.701999999999,5364.743,6542.815999999999,7209.579,33625.76000000011,35721.08000000005,35575.239999999845,20.357201031432552,20.32941938982024,0.07568846486104874,0.3718019227897878,315904.80199999997,306996.322,3746.8250000000116,1.1860614261887705,0,6233.032714285714,6272.025071428571,6540.967933333334,6886.911266666668,1063.080538846392,1261.164946718519,37702.15857142875,41154.94066666682,-3.520713882021574,-17.60466747039802,6.284192812816006,7241.281999999999
2019-05-31,7241.281999999999,45784.0300000004,20.396778458251386,320150.358,319,144,559,144,4,31,22,5,2,2019,151,0,-0.433883739117558,-0.9009688679024191,0.49999999999999994,-0.8660254037844387,0.5175855102531889,-0.8556314858488706,6336.5289999999995,5770.994999999999,6035.638000000002,7102.184,9257.532999999998,39819.97000000019,35349.29000000016,40869.73999999997,20.4328894962936,20.297168460530123,-0.036111038042214716,-0.17672996297838853,319651.627,309130.681,498.73100000002887,0.1560232946976456,0,6340.008000000001,6341.438357142857,6534.0917,6877.210711111112,1024.2879771272167,1261.716770319801,38287.714285714486,41296.43166666684,9.799592617910788,-10.780557079343488,6.322641488068053,11710.66
2019-06-01,11710.66,97211.1399999991,20.375996534632772,317983.81200000003,335,144,559,144,5,1,22,6,2,2019,152,1,-0.9749279121818236,-0.2225209339563146,1.2246467991473532e-16,-1.0,0.5027907197793043,-0.8644081744776648,7241.281999999999,7726.905,7681.143999999999,5762.11,9582.359999999995,45784.0300000004,45892.54000000042,37514.349999999926,20.396778458251386,20.24251578436453,-0.020781923618613973,-0.1018882646646916,320150.358,308780.21700000006,-2166.545999999973,-0.6767276518241385,0,6550.049,6427.555785714286,6538.728300000001,6854.807922222223,1038.804893267917,1264.1296769467679,39778.39142857166,41460.24133333351,-6.284832025241678,25.670665780417234,8.301081237095014,10194.894999999999
2019-06-02,10194.894999999999,66085.12000000039,20.398008332932697,312488.48000000004,337,143,560,144,6,2,22,6,2,2019,153,1,-0.7818314824680299,0.6234898018587334,1.2246467991473532e-16,-1.0,0.4878471454423119,-0.8729290708206411,11710.66,7823.712,8134.953,5243.108,6622.329999999999,97211.1399999991,44056.29000000033,32989.66999999997,20.375996534632772,20.217092802572637,0.022011798299924834,0.10802808227078226,317983.81200000003,304724.504,-5495.331999999995,-1.728179798033239,0,7119.156857142857,6715.378357142858,6737.0133000000005,6878.4556999999995,2215.64224002948,1568.0970748980246,47109.620000000046,43450.13433333349,49.68163449779336,123.35340031141833,6.482177599671247,9818.946000000002
2019-06-03,9818.946000000002,66636.44000000041,20.389883072148937,308052.51699999993,352,143,559,144,0,3,23,6,2,2019,154,0,0.0,1.0,1.2246467991473532e-16,-1.0,0.47275920928627757,-0.881191653407483,10194.894999999999,5531.9039999999995,5792.091,8202.359,6684.160000000002,66085.12000000039,35273.130000000085,50860.92000000041,20.398008332932697,20.23330282376173,-0.008125260783760524,-0.03983359870797898,312488.48000000004,308926.178,-4435.963000000105,-1.419560490677962,0,7457.897285714286,6862.517071428571,6902.072866666666,6918.150866666667,2503.829561667344,1663.1583751300282,50256.59571428577,44553.31600000016,84.29269560715443,24.29223105206683,6.786516597606342,5543.277
2019-06-04,5543.277,32838.96000000003,20.429013844206928,303708.42199999996,287,123,558,144,1,4,23,6,2,2019,155,0,0.7818314824680298,0.6234898018587336,1.2246467991473532e-16,-1.0,0.4575313760742512,-0.8891934772070711,9818.946000000002,5799.035999999999,5517.201000000001,9106.127999999999,6365.044999999998,66636.44000000041,33997.02000000008,58499.41000000041,20.389883072148937,20.238267942122235,0.03913077205799098,0.19191268493069832,308052.51699999993,313117.615,-4344.094999999972,-1.4101800051190534,0,8070.331857142856,7150.149571428571,6955.959099999999,6952.981822222222,2478.3913804429408,1731.5238525379366,54737.06857142867,45079.16666666683,69.32031461780895,7.8278934800828965,5.924105903421393,6086.789
2019-06-05,6086.789,36287.400000000074,20.42231308752916,301264.293,299,130,560,144,2,5,23,6,2,2019,156,0,0.9749279121818236,-0.22252093395631434,1.2246467991473532e-16,-1.0,0.44216815196707204,-0.8969321743510065,5543.277,5390.975000000002,5651.352,6207.091,6230.989999999999,32838.96000000003,33625.76000000011,41481.17999999999,20.429013844206928,20.357201031432552,-0.006700756677766151,-0.0328001964699157,303708.42199999996,315904.80199999997,-2444.128999999957,-0.8047616802671206,0,8033.794857142857,7152.012142857144,6837.1974,6943.851066666667,2519.008393583845,1700.8758887687666,54571.63142857153,44223.81833333348,2.825129035100289,-10.694446077880931,5.961665502122725,7316.545999999999
2019-06-06,7316.545999999999,44049.67000000035,20.460758869750677,300951.703,287,144,559,144,3,6,23,6,2,2019,157,0,0.43388373911755823,-0.900968867902419,1.2246467991473532e-16,-1.0,0.42667408318992467,-0.9044054548343001,6086.789,6336.5289999999995,5587.701999999999,6597.068000000001,6560.403,36287.400000000074,39819.97000000019,44779.960000000254,20.42231308752916,20.4328894962936,0.0384457822215154,0.18825380874702302,301264.293,319651.627,-312.5900000000256,-0.10375939242159894,0,8133.196857142857,7183.114785714285,6833.187333333334,6942.248833333333,2408.6507090377113,1702.5536717782534,54951.86571428581,44050.69233333349,-3.941274473769469,-7.734936186803005,6.020555327609551,6961.014
2019-06-07,6961.014,44570.660000000345,20.491009371342326,296240.20199999993,309,144,560,144,4,7,23,6,2,2019,158,0,-0.433883739117558,-0.9009688679024191,1.2246467991473532e-16,-1.0,0.4110537546870351,-0.9116111071930239,7316.545999999999,7241.281999999999,5770.994999999999,6445.395000000001,10985.574,44049.67000000035,45784.0300000004,45113.43000000032,20.460758869750677,20.396778458251386,0.03025050159164877,0.14784643025323618,300951.703,320150.358,-4711.5010000000475,-1.5655339222320492,0,8273.199285714285,7306.603642857143,6857.169933333334,6950.650422222223,2313.413347647,1704.179542318683,55556.10857142868,44026.3493333335,1.039373967206361,13.515866754481268,6.402897623823246,7822.1669999999995
2019-06-08,7822.1669999999995,45714.1500000004,20.388825266217943,299312.90199999994,286,144,562,144,5,8,23,6,2,2019,159,1,-0.9749279121818236,-0.2225209339563146,1.2246467991473532e-16,-1.0,0.3953117887649151,-0.9185469991587165,6961.014,11710.66,7726.905,6134.032000000001,11189.103000000001,44570.660000000345,97211.1399999991,42369.42000000031,20.491009371342326,20.375996534632772,-0.10218410512438325,-0.4986777531188517,296240.20199999993,317983.81200000003,3072.7000000000116,1.0372326170639097,0,8233.161,7391.6050000000005,6874.357233333333,6905.933088888889,2336.5588441001705,1702.4826937931418,55382.7700000001,44008.257000000165,-40.55831182870991,13.4818664134781,5.84417975223495,8105.696000000001
2019-06-09,8105.696000000001,47811.43000000037,20.49266972298394,294571.78,293,143,561,144,6,9,23,6,2,2019,160,1,-0.7818314824680299,0.6234898018587334,1.2246467991473532e-16,-1.0,0.37945284372454435,-0.925211078289358,7822.1669999999995,10194.894999999999,7823.712,6550.865,7921.539000000002,45714.1500000004,66085.12000000039,43323.20000000016,20.388825266217943,20.398008332932697,0.10384445676599796,0.5093204508356687,299312.90199999994,312488.48000000004,-4741.121999999916,-1.5840018817497938,0,7677.661999999999,7398.409428571429,6930.6284,6868.522688888889,1764.1289725945162,1705.065889454202,48026.05714285744,44119.74800000016,-23.273687468090642,19.406627979663753,5.898497797104699,5607.029999999999
2019-06-10,5607.029999999999,36012.70999999993,20.534879130522615,299570.03800000006,289,128,558,144,0,10,24,6,2,2019,161,0,0.0,1.0,1.2246467991473532e-16,-1.0,0.36348161248290634,-0.9316013725767187,8105.696000000001,9818.946000000002,5531.9039999999995,8630.516,5701.61,47811.43000000037,66636.44000000041,61529.730000000476,20.49266972298394,20.389883072148937,0.042209407538674526,0.2059731997307006,294571.78,308052.51699999993,4998.258000000031,1.696787791417097,0,7379.205000000001,7418.551142857142,6982.456099999999,6870.568877777778,1408.079144000097,1716.7151998451186,45415.53000000028,44269.355666666845,-17.44841045057179,-6.080980557825265,6.422778190949564,6154.766
2019-06-11,6154.766,39042.66999999995,20.553331551844554,303562.61300000007,282,142,560,144,1,11,24,6,2,2019,162,0,0.7818314824680298,0.6234898018587336,1.2246467991473532e-16,-1.0,0.3474028211842774,-0.9377159910299093,5607.029999999999,5543.277,5799.035999999999,9732.695000000002,5980.024,36012.70999999993,32838.96000000003,74102.2300000002,20.534879130522615,20.429013844206928,0.018452421321939028,0.08985892346700855,299570.03800000006,303708.42199999996,3992.5750000000116,1.3327684659839083,0,6777.502714285714,7423.917285714286,6881.673233333333,6869.51798888889,1044.8341059482145,1705.3384857676167,41040.711428571645,43418.78833333348,1.150095872892493,-42.38974919074318,6.343485682477604,5782.759
2019-06-12,5782.759,35778.55999999999,20.53222675406965,301205.652,287,144,561,144,2,12,24,6,2,2019,163,0,0.9749279121818236,-0.22252093395631434,1.2246467991473532e-16,-1.0,0.3312212278016865,-0.9435531242349544,6154.766,6086.789,5390.975000000002,5514.23,6042.486000000002,39042.66999999995,36287.400000000074,36174.040000000095,20.553331551844554,20.42231308752916,-0.02110479777490326,-0.10268309895000557,303562.61300000007,301264.293,-2356.9610000000685,-0.776433229608571,0,6864.858285714286,7449.326571428572,6762.408933333333,6871.459566666667,945.2637007923273,1622.158534222715,41926.95571428592,42250.136333333474,1.1167957358140699,11.616055188122369,6.187108956122845,6180.828
2019-06-13,6180.828,38122.419999999845,20.5445845661378,302940.766,292,144,559,144,3,13,24,6,2,2019,164,0,0.43388373911755823,-0.900968867902419,1.2246467991473532e-16,-1.0,0.31494162072895193,-0.9491110448902284,5782.759,7316.545999999999,6336.5289999999995,5305.369999999999,6286.5419999999995,35778.55999999999,44049.67000000035,33260.74999999991,20.53222675406965,20.460758869750677,0.012357812068149343,0.06018739329235163,301205.652,300951.703,1735.1140000000014,0.5760562554118345,0,6821.425428571429,7477.311142857143,6771.3598999999995,6868.57371111111,992.764065914616,1615.7619185166639,41854.26428571448,42236.9536666668,-20.963266000104415,8.998222555637046,6.167850003268145,6504.5019999999995
2019-06-14,6504.5019999999995,41657.1200000002,20.53131018765771,304293.993,316,144,560,144,4,14,24,6,2,2019,165,0,-0.433883739117558,-0.9009688679024191,1.2246467991473532e-16,-1.0,0.2985688173637202,-0.9543881083175908,6180.828,6961.014,7241.281999999999,5344.72,8661.879,38122.419999999845,44570.660000000345,31272.359999999815,20.5445845661378,20.491009371342326,-0.013274378480090832,-0.06461254272315664,302940.766,296240.20199999993,1353.2270000000135,0.44669689651475086,0,6659.18,7466.189642857143,6800.541833333334,6867.399111111112,991.1641787163036,1596.158802093912,41007.51428571441,42399.00933333347,-11.207936085173793,15.643625858791482,6.4043519396258475,8244.101999999999
2019-06-15,8244.101999999999,50480.99,20.44571009897499,304987.03300000005,305,144,562,144,5,15,24,6,2,2019,166,1,-0.9749279121818236,-0.2225209339563146,1.2246467991473532e-16,-1.0,0.2821076626819194,-0.9593827529490743,6504.5019999999995,7822.1669999999995,11710.66,5364.743,8868.992000000002,41657.1200000002,45714.1500000004,30740.900000000038,20.53131018765771,20.388825266217943,-0.08560008868272106,-0.4169246282888421,304293.993,299312.90199999994,693.0400000000373,0.2277534279160211,0,6593.963999999999,7413.5625,6839.201233333334,6843.4282555555565,982.9791629326112,1573.5677737594456,40591.294285714386,42745.16800000015,-16.84526806957714,21.245360681769824,6.123285471237499,8694.770999999999
2019-06-16,8694.770999999999,50762.32000000017,20.494166666669763,299323.553,313,143,559,144,6,16,24,6,2,2019,167,1,-0.7818314824680299,0.6234898018587334,1.2246467991473532e-16,-1.0,0.26556302780405594,-0.9640935007889755,8244.101999999999,8105.696000000001,10194.894999999999,6035.638000000002,6265.854,50480.99,47811.43000000037,37101.41000000007,20.44571009897499,20.49266972298394,0.04845656769477458,0.23700114821252338,304987.03300000005,294571.78,-5663.48000000004,-1.8569576366218947,0,6654.240428571429,7165.951214285714,6935.179866666666,6836.485033333334,1079.0835836875583,1568.3366189566782,41272.271428571476,43403.17100000014,1.7075153077539313,36.590398562670536,5.838258419917002,10845.129
2019-06-17,10845.129,129826.13999999988,20.515583381870776,295737.63,289,142,559,144,0,17,25,6,2,2019,168,0,0.0,1.0,1.2246467991473532e-16,-1.0,0.24893980855376657,-0.9685189578512204,8694.770999999999,5607.029999999999,9818.946000000002,7681.143999999999,5946.1500000000015,50762.32000000017,36012.70999999993,46194.53000000058,20.494166666669763,20.534879130522615,0.021416715201013403,0.10450151767255804,299323.553,299570.03800000006,-3585.92300000001,-1.1980089652350243,0,6738.393999999999,7058.7995,7023.817633333333,6863.473000000001,1224.3363682364275,1590.7274256277344,41693.82714285715,43858.53466666683,55.069100753875055,13.196302529935638,11.970917081760842,7836.211
2019-06-18,7836.211,69954.75999999997,20.484122122610213,294516.304,292,143,562,144,1,18,25,6,2,2019,169,0,0.7818314824680298,0.6234898018587336,1.2246467991473532e-16,-1.0,0.23224292400907015,-0.9726578145718654,10845.129,6154.766,5543.277,8134.953,5918.713,129826.13999999988,39042.66999999995,46037.61000000052,20.515583381870776,20.553331551844554,-0.03146125926056342,-0.1533529838023769,295737.63,303562.61300000007,-1221.326000000001,-0.4129761910920842,0,7486.693857142856,7132.098285714285,7129.2838,6917.9061,1855.6048601398209,1734.22593063425,55095.745714285724,46646.25500000013,76.20700770752295,33.315201698153636,8.927115413303696,5498.248999999999
2019-06-19,5498.248999999999,35029.67999999984,20.484686542486255,297890.962,299,137,559,144,2,19,25,6,2,2019,170,0,0.9749279121818236,-0.22252093395631434,1.2246467991473532e-16,-1.0,0.21547731504673012,-0.976508846196619,7836.211,5782.759,6086.789,5792.091,5512.674999999999,69954.75999999997,35778.55999999999,34278.97000000001,20.484122122610213,20.53222675406965,0.0005644198760421659,0.0027554018310560827,294516.304,301205.652,3374.657999999996,1.145830622674117,0,7726.900285714286,7295.879285714284,7119.325733333333,6939.211633333333,1760.8640350727321,1729.1023025672914,59511.75857142859,47443.49333333344,35.5099010697143,35.29157259442229,6.371061041433345,6454.762999999999
2019-06-20,6454.762999999999,40102.509999999966,20.456527562114868,304823.88800000004,291,144,559,144,3,20,25,6,2,2019,171,0,0.43388373911755823,-0.900968867902419,1.2246467991473532e-16,-1.0,0.19864794288017112,-0.9800709131432666,5498.248999999999,6180.828,7316.545999999999,5517.201000000001,6074.090999999999,35029.67999999984,38122.419999999845,33075.20000000006,20.484686542486255,20.5445845661378,-0.028158980371387088,-0.13746356485848085,297890.962,302940.766,6932.926000000036,2.3273368058746398,0,7686.255999999999,7253.840714285715,7109.531,6939.051344444445,1815.6491221619297,1737.6907788441324,59404.77571428571,47468.5170000001,-11.043488024581844,-0.3435075140456554,6.212855530094594,6917.865
2019-06-21,6917.865,41930.18000000014,20.464718142604028,302115.2470000001,303,142,558,144,4,21,25,6,2,2019,172,0,-0.433883739117558,-0.9009688679024191,1.2246467991473532e-16,-1.0,0.18175978759137534,-0.9833429613388902,6454.762999999999,6504.5019999999995,6961.014,5651.352,7996.088,40102.509999999966,41657.1200000002,33588.860000000015,20.456527562114868,20.53131018765771,0.008190580489159771,0.04003895805038086,304823.88800000004,304293.993,-2708.640999999945,-0.8885921040413816,0,7725.38957142857,7192.284785714285,7140.783066666667,6943.281033333334,1780.4040692971937,1716.365582775114,59687.64571428572,47702.76066666677,-0.7646857514995075,14.216261878573466,6.061144587239002,8779.662
2019-06-22,8779.662,52165.790000000314,20.422065933012888,303301.33,310,142,558,144,5,22,25,6,2,2019,173,1,-0.9749279121818236,-0.2225209339563146,1.2246467991473532e-16,-1.0,0.16481784665719793,-0.9863240225317866,6917.865,8244.101999999999,7822.1669999999995,5587.701999999999,8624.437000000002,41930.18000000014,50480.99,35721.08000000005,20.464718142604028,20.44571009897499,-0.04265220959113947,-0.20841826060797236,302115.2470000001,304987.03300000005,1186.082999999926,0.3925928968424177,0,7784.441428571428,7189.202714285714,7183.000166666667,6931.300777777778,1739.5474276560194,1693.896066656902,59726.654285714285,47980.80466666677,-16.087100814618736,23.80518860884136,5.941662674485682,8909.865999999998
2019-06-23,8909.865999999998,51242.4700000001,20.501939684386926,297182.94200000004,305,141,559,144,6,23,25,6,2,2019,174,1,-0.7818314824680299,0.6234898018587334,1.2246467991473532e-16,-1.0,0.14782713347053048,-0.9890132145779883,8779.662,8694.770999999999,8105.696000000001,5770.994999999999,5883.661,52165.790000000314,50762.32000000017,35349.29000000016,20.422065933012888,20.494166666669763,0.07987375137403774,0.3911149422200199,303301.33,299323.553,-6118.387999999977,-2.0172638214280094,0,7860.949999999999,7257.595214285714,7289.398833333332,6933.025500000001,1774.5587589004738,1690.48009030526,59967.34000000004,48528.96166666678,0.976345437964973,52.13428533554442,5.751205461451397,6966.251999999999
2019-06-24,6966.251999999999,43557.17000000022,21.177118463699834,296715.31200000003,294,144,560,144,0,24,26,6,2,2019,175,0,0.0,1.0,1.2246467991473532e-16,-1.0,0.13079267585675922,-0.9914097417023038,8909.865999999998,10845.129,5607.029999999999,7726.905,5914.111,51242.4700000001,129826.13999999988,45892.54000000042,20.501939684386926,20.515583381870776,0.6751787793129083,3.29324341846096,297182.94200000004,295737.63,-467.63000000000466,-0.15735425352912907,0,7891.677857142857,7315.035928571428,7394.027866666666,6966.6500000000015,1793.1680828134506,1690.3979508460488,60035.93285714289,49058.73433333345,-17.8445364734712,15.309635617365537,6.252597523029633,6167.849000000001
2019-06-25,6167.849000000001,38888.81000000006,21.696293211971888,301407.344,279,141,556,144,1,25,26,6,2,2019,176,0,0.7818314824680298,0.6234898018587336,1.2246467991473532e-16,-1.0,0.11371951458594969,-0.9935128947338007,6966.251999999999,7836.211,6154.766,7823.712,5376.491000000001,43557.17000000022,69954.75999999997,44056.29000000033,21.177118463699834,20.484122122610213,0.5191747482720537,2.4515835294682917,296715.31200000003,294516.304,4692.031999999948,1.5813245256449548,0,7337.55257142857,7412.123214285714,7368.672766666667,6978.340455555556,1243.4405345166278,1690.9374089421221,47711.79428571437,48980.888666666775,-11.101781205227905,-10.959759254941922,6.305084641339316,6724.231000000001
2019-06-26,6724.231000000001,42709.5900000002,21.75022254616463,302856.23000000004,299,144,558,144,2,26,26,6,2,2019,177,0,0.9749279121818236,-0.22252093395631434,1.2246467991473532e-16,-1.0,0.0966127018812031,-0.9953220513156602,6167.849000000001,5498.248999999999,5782.759,5531.9039999999995,5272.564,38888.81000000006,35029.67999999984,35273.130000000085,21.696293211971888,20.484686542486255,0.05392933419274115,0.2485647371458976,301407.344,297890.962,1448.8860000000568,0.4807069332723548,0,7099.215142857142,7413.057714285715,7313.477333333332,6987.133322222222,1290.9156495097511,1702.5572170924129,43273.801428571525,48808.639333333434,12.178422621456436,11.49595148433526,6.351594702799502,6889.006000000002
2019-06-27,6889.006000000002,47069.230000000316,21.719763328110044,305217.386,295,142,557,144,3,27,26,6,2,2019,178,0,0.43388373911755823,-0.900968867902419,1.2246467991473532e-16,-1.0,0.07947729992362097,-0.9968366760893436,6724.231000000001,6454.762999999999,6180.828,5799.035999999999,6024.441999999999,42709.5900000002,40102.509999999966,33997.02000000008,21.75022254616463,20.456527562114868,-0.030459218054584625,-0.14004094896010946,302856.23000000004,304823.88800000004,2361.155999999959,0.7796293310525455,0,7274.355428571428,7480.305714285714,7353.221566666666,7003.262955555555,1107.6687955607463,1673.1979583145876,44370.93142857157,49056.52133333343,4.174715632471738,15.954289644002928,6.832514008552221,7478.559000000002
2019-06-28,7478.559000000002,52780.04000000051,21.718064642702906,304184.29099999997,308,144,559,144,4,28,26,6,2,2019,179,0,-0.433883739117558,-0.9009688679024191,1.2246467991473532e-16,-1.0,0.062318379354325076,-0.998056320853012,6889.006000000002,6917.865,6504.5019999999995,5390.975000000002,8124.53,47069.230000000316,41930.18000000014,33625.76000000011,21.719763328110044,20.464718142604028,-0.0016986854071383561,-0.007820920428446345,305217.386,302115.2470000001,-1033.0950000000303,-0.3384784246858173,0,7336.390142857143,7530.889857142857,7389.5539,7012.8692222222235,1065.4737019003264,1649.9587558781723,45366.17714285734,49492.26166666678,-0.41716627890248875,27.787756389150374,7.057514689661537,8841.164000000002
2019-06-29,8841.164000000002,61147.89000000063,21.364225386338322,302646.0069999999,311,144,560,144,5,29,26,6,2,2019,180,1,-0.9749279121818236,-0.2225209339563146,1.2246467991473532e-16,-1.0,0.04514101777397193,-0.9989806246941579,7478.559000000002,8779.662,8244.101999999999,6336.5289999999995,8496.231000000002,52780.04000000051,52165.790000000314,39819.97000000019,21.718064642702906,20.422065933012888,-0.3538392563645836,-1.629239355282381,304184.29099999997,303301.33,-1538.2840000000433,-0.5057079032395014,0,7416.489285714286,7600.465357142857,7459.140033333332,7005.691766666668,1049.7255860922012,1606.204461333318,46916.157142857395,50130.737666666784,-14.819511275035396,18.02295862608697,6.916271432132762,9056.567
2019-06-30,9056.567,55307.280000000566,21.352513288148867,294928.428,313,143,560,144,6,30,26,6,2,2019,181,1,-0.7818314824680299,0.6234898018587334,1.2246467991473532e-16,-1.0,0.02795029824021032,-0.999609314096404,8841.164000000002,8909.865999999998,8694.770999999999,7241.281999999999,5981.82,61147.89000000063,51242.4700000001,45784.0300000004,21.364225386338322,20.501939684386926,-0.011712098189455844,-0.05482107578281459,302646.0069999999,297182.94200000004,-7717.578999999911,-2.550034965437331,0,7425.275285714286,7643.112642857143,7542.627866666667,7009.524355555556,1063.2074642765087,1610.927324924278,48199.31428571458,50841.668333333466,-0.7710778141893009,22.093905471434525,6.106870296437996,6304.406
2019-07-01,6304.406,43675.030000000224,21.335406246962542,293452.519,281,137,558,144,0,1,27,7,3,2019,182,0,0.0,1.0,-0.4999999999999997,-0.8660254037844388,0.01075130776352193,-0.9999422030204416,9056.567,6966.251999999999,10845.129,11710.66,5770.771000000001,55307.280000000566,43557.17000000022,97211.1399999991,21.352513288148867,21.177118463699834,-0.01710704118632478,-0.08011722533768227,294928.428,296715.31200000003,-1475.9090000000433,-0.5004295482835053,0,7446.232571428572,7668.955214285715,7603.137366666666,7043.688211111111,1098.2174409728698,1633.1572861708642,48780.0014285718,51159.11000000014,30.006307552468687,-22.663906218778454,6.927699453366459,6897.375000000001
2019-07-02,6897.375000000001,46224.9700000003,21.274105273365155,298286.425,300,144,560,144,1,2,27,7,3,2019,183,0,0.7818314824680298,0.6234898018587336,-0.4999999999999997,-0.8660254037844388,-0.00645086419810515,-0.9999791929590823,6304.406,6167.849000000001,7836.211,10194.894999999999,5744.008,43675.030000000224,38888.81000000006,66085.12000000039,21.335406246962542,21.696293211971888,-0.06130097359738684,-0.2873203954394545,293452.519,301407.344,4833.906000000017,1.647253196691768,0,7351.683142857144,7344.617857142858,7422.9289,7049.617488888889,1172.4119508596457,1452.579004385723,48796.83857142894,49374.57300000018,2.2140133456574387,-38.16114830020318,6.70182062016351,6842.544999999998
2019-07-03,6842.544999999998,45153.790000000285,21.139915122711727,300106.95099999994,291,144,561,144,2,3,27,7,3,2019,184,0,0.9749279121818236,-0.22252093395631434,-0.4999999999999997,-0.8660254037844388,-0.023651127245231586,-0.9997202729664083,6897.375000000001,6724.231000000001,5498.248999999999,9818.946000000002,5699.1230000000005,46224.9700000003,42709.5900000002,66636.44000000041,21.274105273365155,21.75022254616463,-0.13419015065342776,-0.6307675407690669,298286.425,302856.23000000004,1820.5259999999544,0.6103281434949493,0,7455.901142857144,7277.558142857144,7313.011566666667,7062.432677777778,1078.2857974052408,1357.2226127053973,49844.86142857183,48712.56800000018,2.574926411659567,-29.75442578052675,6.598975965813933,6871.698000000001
2019-07-04,6871.698000000001,46611.79000000029,21.027694321876947,303575.617,303,144,559,144,3,4,27,7,3,2019,185,0,0.43388373911755823,-0.900968867902419,-0.4999999999999997,-0.8660254037844388,-0.04084439154329611,-0.9991655196610109,6842.544999999998,6889.006000000002,6454.762999999999,5543.277,6390.111000000001,45153.790000000285,47069.230000000316,32838.96000000003,21.139915122711727,21.719763328110044,-0.11222080083478048,-0.5308479252795851,300106.95099999994,305217.386,3468.6660000000848,1.1558099499001893,0,7472.803142857143,7373.579285714286,7213.7982,7075.137366666667,1065.760009110802,1273.9549609744718,50194.03285714327,47996.47966666684,-0.6744224057868996,23.43862664629601,6.783154614769201,8243.886
2019-07-05,8243.886,55223.26000000055,20.796946962394845,307024.05600000004,311,144,560,144,4,5,27,7,3,2019,186,0,-0.433883739117558,-0.9009688679024191,-0.4999999999999997,-0.8660254037844388,-0.05802556932878035,-0.9983150972033183,6871.698000000001,7478.559000000002,6917.865,6086.789,8008.329000000002,46611.79000000029,52780.04000000051,36287.400000000074,21.027694321876947,21.718064642702906,-0.2307473594821019,-1.097349789995926,303575.617,304184.29099999997,3448.439000000013,1.1359407036962432,0,7470.3305714285725,7403.360357142858,7258.0788999999995,7080.488333333334,1067.359036408243,1236.4220361182956,50128.68428571469,48455.57400000018,-8.114678242158693,12.895288468189081,6.698692825204102,10136.193000000001
2019-07-06,10136.193000000001,64766.130000000616,20.536426497632235,303130.32600000006,323,144,561,144,5,6,27,7,3,2019,187,1,-0.9749279121818236,-0.2225209339563146,-0.4999999999999997,-0.8660254037844388,-0.07518957641475855,-0.9971692572470178,8243.886,8841.164000000002,8779.662,7316.545999999999,8489.029999999999,55223.26000000055,61147.89000000063,44049.67000000035,20.796946962394845,21.364225386338322,-0.26052046476261026,-1.2526861045214224,307024.05600000004,302646.0069999999,-3893.7299999999814,-1.2682165856085168,0,7579.6630000000005,7498.076142857143,7329.982133333333,7083.105633333334,1106.8105160089733,1228.6555232591768,50477.71571428613,49086.76933333353,-6.755648916816857,12.674559826453645,6.389591240024791,9908.306000000002
2019-07-07,9908.306000000002,59034.990000000624,20.557846521381972,295516.225,311,143,561,144,6,7,27,7,3,2019,188,1,-0.7818314824680299,0.6234898018587334,-0.4999999999999997,-0.8660254037844388,-0.09233133369539122,-0.9957283388645872,10136.193000000001,9056.567,8909.865999999998,6961.014,5939.084000000001,64766.130000000616,55307.280000000566,44570.660000000345,20.536426497632235,21.352513288148867,0.021420023749737283,0.10430258522439101,303130.32600000006,294928.428,-7614.101000000082,-2.5118242376053397,0,7764.6671428571435,7594.971214285715,7423.970366666666,7101.407444444443,1417.453835101704,1331.1631251703905,50994.60714285755,49777.3180000002,11.92091882056415,45.61374248062137,5.958131490892652,7746.17
2019-07-08,7746.17,51799.57000000049,20.952136002731066,295993.953,305,144,560,144,0,8,28,7,3,2019,189,0,0.0,1.0,-0.4999999999999997,-0.8660254037844388,-0.10944576864891556,-0.993992768446958,9908.306000000002,6304.406,6966.251999999999,7822.1669999999995,6046.473000000001,59034.990000000624,43675.030000000224,45714.1500000004,20.557846521381972,21.335406246962542,0.3942894813490945,1.9179512841434956,295516.225,293452.519,477.7280000000028,0.16165880570516994,0,7886.344142857143,7666.288357142858,7522.213433333333,7145.509911111112,1574.674437808823,1402.6564286204618,51527.13714285756,50259.46233333355,57.16478285186586,26.669578903135193,6.6871202155388385,7547.098999999999
2019-07-09,7547.098999999999,52445.7200000005,21.203936900533904,297426.91,307,143,559,144,1,9,28,7,3,2019,190,0,0.7818314824680298,0.6234898018587336,-0.4999999999999997,-0.8660254037844388,-0.12652781683868314,-0.9919630595773397,7746.17,6897.375000000001,6167.849000000001,8105.696000000001,5744.531,51799.57000000049,46224.9700000003,47811.43000000037,20.952136002731066,21.274105273365155,0.25180089780283765,1.2017910621142205,295993.953,298286.425,1432.9569999999949,0.48411698464664077,0,8092.31042857143,7721.996785714286,7519.680200000001,7164.395433333334,1419.9626307919796,1402.1645647087612,52687.78571428616,50462.309666666886,12.306058464270814,-4.435473523803517,6.949123100147554,7548.999000000001
2019-07-10,7548.999000000001,51208.300000000476,21.16614272501909,297998.182,292,144,560,144,2,10,28,7,3,2019,191,0,0.9749279121818236,-0.22252093395631434,-0.4999999999999997,-0.8660254037844388,-0.1435724234118113,-0.9896398128792412,7547.098999999999,6842.544999999998,6724.231000000001,5607.029999999999,5970.712,52445.7200000005,45153.790000000285,36012.70999999993,21.203936900533904,21.139915122711727,-0.03779417551481501,-0.17824131288498304,297426.91,300106.95099999994,571.2719999999972,0.19207138990886777,0,8185.128142857144,7820.514642857143,7501.0603,7184.423966666667,1348.2607415894026,1397.8164595328292,53576.46428571477,50616.78600000022,10.296665933508676,34.60065310868679,6.783455660810191,7389.536000000001
2019-07-11,7389.536000000001,51536.66000000045,21.284027919649063,298758.07499999995,292,144,560,144,3,11,28,7,3,2019,192,0,0.43388373911755823,-0.900968867902419,-0.4999999999999997,-0.8660254037844388,-0.16057454459499376,-0.9870237158387383,7548.999000000001,6871.698000000001,6889.006000000002,6154.766,5911.716999999999,51208.300000000476,46611.79000000029,39042.66999999995,21.16614272501909,21.027694321876947,0.11788519462997371,0.5569517136942929,297998.182,303575.617,759.8929999999818,0.25499920667300646,0,8286.050142857142,7879.426642857143,7565.792600000001,7201.960488888889,1254.1714532037502,1351.2711002330584,54441.3942857148,51123.30566666691,9.856384841126594,22.652900207741467,6.974275516081177,7355.913
2019-07-12,7355.913,46785.16000000038,21.24485343444973,298723.537,301,143,562,144,4,12,28,7,3,2019,193,0,-0.433883739117558,-0.9009688679024191,-0.4999999999999997,-0.8660254037844388,-0.17752914918703497,-0.984115542601034,7389.536000000001,8243.886,7478.559000000002,5782.759,8000.474,51536.66000000045,55223.26000000055,35778.55999999999,21.284027919649063,20.796946962394845,-0.03917448519933231,-0.18405578750048093,298758.07499999995,307024.05600000004,-34.53799999994226,-0.011560524347314215,0,8360.027,7915.178785714286,7606.9516,7218.380700000001,1169.2386269688773,1325.3668643466326,55144.94714285767,51539.77200000025,-10.36343782531684,27.785646955026156,6.360211166173443,9424.732
2019-07-13,9424.732,58435.97000000028,21.088297369059386,297575.40599999996,306,144,561,144,5,13,28,7,3,2019,194,1,-0.9749279121818236,-0.2225209339563146,-0.4999999999999997,-0.8660254037844388,-0.19443122004766195,-0.9809161537413774,7355.913,10136.193000000001,8841.164000000002,6180.828,8067.266,46785.16000000038,64766.130000000616,38122.419999999845,21.24485343444973,20.536426497632235,-0.15655606539034395,-0.7369128992741341,298723.537,303130.32600000006,-1148.1310000000522,-0.3843456767854393,0,8233.173714285715,7906.4183571428575,7659.390066666668,7211.218911111112,1230.5031288877874,1281.0848094531575,53939.5042857148,51906.65866666694,-27.429233046371564,19.011773179904036,6.200279222793845,9079.053000000002
2019-07-14,9079.053000000002,55412.83000000027,21.09556880689603,291324.495,302,141,561,144,6,14,28,7,3,2019,195,1,-0.7818314824680299,0.6234898018587334,-0.4999999999999997,-0.8660254037844388,-0.2112757555821793,-0.9774264960104055,9424.732,9908.306000000002,9056.567,6504.5019999999995,6360.574999999999,58435.97000000028,59034.990000000624,41657.1200000002,21.088297369059386,20.557846521381972,0.007271437836642747,0.034480914743318034,297575.40599999996,295516.225,-6250.910999999964,-2.100614121316183,0,8131.5364285714295,7948.101785714286,7767.5202,7226.301866666666,1065.4299196989355,1288.8606698981137,53035.19571428617,52583.77700000028,-4.880491175787286,44.8955200567238,6.103371133531246,7915.988
2019-07-15,7915.988,55529.61000000046,21.032048321889295,288976.29000000004,299,144,561,144,0,15,29,7,3,2019,196,0,0.0,1.0,-0.4999999999999997,-0.8660254037844388,-0.2280577712215198,-0.9736476020539838,9079.053000000002,7746.17,6304.406,8244.101999999999,5862.376000000001,55412.83000000027,51799.57000000049,50480.99,21.09556880689603,20.952136002731066,-0.0635204850067339,-0.30110818811374923,291324.495,295993.953,-2348.204999999958,-0.8060444762806361,0,8013.071714285716,7949.707928571429,7853.338566666667,7256.507177777778,861.5379471425675,1287.575274212263,52517.744285714696,53042.30066666695,17.206993907957113,10.127858680060035,7.014867885095386,7488.921000000001
2019-07-16,7488.921000000001,50240.71000000047,20.89837957770836,288557.458,299,143,559,144,1,16,29,7,3,2019,197,0,0.7818314824680298,0.6234898018587336,-0.4999999999999997,-0.8660254037844388,-0.24477230089725957,-0.9695805901076308,7915.988,7547.098999999999,6897.375000000001,8694.770999999999,5660.758000000001,55529.61000000046,52445.7200000005,50762.32000000017,21.032048321889295,21.203936900533904,-0.13366874418093388,-0.6355479130476176,288976.29000000004,297426.91,-418.8320000000531,-0.14493645828176874,0,8037.331428571429,8064.820928571428,7842.401433333334,7279.325088888889,855.1369083885597,1285.533470107345,53050.60714285755,53210.58800000031,4.887825110019109,-8.956912148692572,6.70867138269992,7198.539000000001
2019-07-17,7198.539000000001,46741.040000000525,20.987214428860888,288030.666,301,144,559,144,2,17,29,7,3,2019,198,0,0.9749279121818236,-0.22252093395631434,-0.4999999999999997,-0.8660254037844388,-0.2614143985111562,-0.965226663665613,7488.921000000001,7548.999000000001,6842.544999999998,10845.129,6014.587000000001,50240.71000000047,51208.300000000476,129826.13999999988,20.89837957770836,21.16614272501909,0.08883485115252654,0.42508009208179875,288557.458,297998.182,-526.7919999999576,-0.1825605214473291,0,8029.020285714287,8107.074214285714,7802.206433333335,7299.638011111112,860.9585192295635,1276.7852704464412,52735.60571428611,53193.201000000314,-0.7958406140999557,-30.946685834718973,6.4931286751381805,6921.13
2019-07-18,6921.13,43219.38000000021,20.90518136488377,289059.752,295,144,559,144,3,18,29,7,3,2019,199,0,0.43388373911755823,-0.900968867902419,-0.4999999999999997,-0.8660254037844388,-0.2779791393987801,-0.9605871111248129,7198.539000000001,7389.536000000001,6871.698000000001,7836.211,8702.322,46741.040000000525,51536.66000000045,69954.75999999997,20.987214428860888,21.284027919649063,-0.08203306397711785,-0.39087161497863593,288030.666,298758.07499999995,1029.085999999952,0.3572834845300646,0,7978.954571428571,8132.502357142858,7680.653433333334,7312.793033333333,902.7024363873603,1143.7539650899253,52097.425714286124,50423.697666667,-2.5846954396054134,-8.137504209623753,6.244555441091297,7283.983
2019-07-19,7283.983,47887.86000000049,20.90890786319236,288151.096,304,144,560,144,4,19,29,7,3,2019,200,0,-0.433883739117558,-0.9009688679024191,-0.4999999999999997,-0.8660254037844388,-0.2944616217868012,-0.9556633054034704,6921.13,7355.913,8243.886,5498.248999999999,11019.232000000002,43219.38000000021,46785.16000000038,35029.67999999984,20.90518136488377,21.24485343444973,0.003726498308591175,0.017825716235358256,289059.752,298723.537,-908.655999999959,-0.314348847846503,0,7912.039428571429,8136.033214285714,7650.150733333334,7293.002011111111,968.6300677697732,1151.6373066372964,50909.24285714323,49532.51833333367,-5.910659900409365,25.87880250603422,6.574405788701111,8764.474999999999
2019-07-20,8764.474999999999,50593.10000000045,20.746276875185437,289983.2860000001,310,144,559,144,5,20,29,7,3,2019,201,1,-0.9749279121818236,-0.2225209339563146,-0.4999999999999997,-0.8660254037844388,-0.3108569682435036,-0.9504567035349151,7283.983,9424.732,10136.193000000001,6454.762999999999,10480.916000000001,47887.86000000049,58435.97000000028,40102.509999999966,20.90890786319236,21.088297369059386,-0.16263098800692433,-0.7778071866355908,288151.096,297575.40599999996,1832.1900000000605,0.6358434951085733,0,7901.763714285715,8067.468714285715,7709.6752,7251.499244444445,975.8675106379081,1080.5313024264444,51066.771428571825,49961.1243333337,-22.714163118908843,12.846637436572053,5.772519175421284,8849.195
2019-07-21,8849.195,52088.40000000051,20.855644583928914,283909.5960000001,305,143,561,144,6,21,29,7,3,2019,202,1,-0.7818314824680299,0.6234898018587334,-0.4999999999999997,-0.8660254037844388,-0.3271603271220951,-0.9449688462364056,8764.474999999999,9079.053000000002,9908.306000000002,6917.865,7400.883000000002,50593.10000000045,55412.83000000027,41930.18000000014,20.746276875185437,21.09556880689603,0.10936770874347701,0.5271678836711728,289983.2860000001,291324.495,-6073.690000000002,-2.0944965772958377,0,7807.441285714286,7969.488857142858,7786.665599999999,7232.427677777779,824.2638846669752,1070.2700482263826,49946.36142857184,50310.81066666705,-3.4648767883611113,26.69335120011736,5.886230329425503,7245.139000000001
2019-07-22,7245.139000000001,47233.360000000524,20.821089308550306,282764.93700000003,300,144,558,144,0,22,30,7,3,2019,203,0,0.0,1.0,-0.4999999999999997,-0.8660254037844388,-0.34336687399638804,-0.939201357453208,8849.195,7915.988,7746.17,8779.662,8208.195,52088.40000000051,55529.61000000046,52165.790000000314,20.855644583928914,21.032048321889295,-0.03455527537860803,-0.1656878800343379,283909.5960000001,288976.29000000004,-1144.6590000000433,-0.40317728464523017,0,7774.604428571429,7893.838071428572,7851.043266666667,7248.520033333334,767.8077389998134,1074.2869492754849,49471.4428571433,50649.41800000039,11.788888512716282,0.7919780966510949,6.5193172967420665,6675.441000000001
2019-07-23,6675.441000000001,40469.89000000021,20.75618020055354,286600.48600000003,287,143,561,144,1,23,30,7,3,2019,204,0,0.7818314824680298,0.6234898018587336,-0.4999999999999997,-0.8660254037844388,-0.3594718130884232,-0.9331559438780432,7245.139000000001,7488.921000000001,7547.098999999999,8909.865999999998,5854.732000000001,47233.360000000524,50240.71000000047,51242.4700000001,20.821089308550306,20.89837957770836,-0.06490910799676541,-0.3117469361706743,282764.93700000003,288557.458,3835.548999999999,1.356444345856077,0,7678.768857142858,7858.050142857143,7799.8925,7237.8194111111125,788.7992428297971,1065.0396824835454,48286.26428571475,50485.003666667064,-3.2552353002522008,-18.684085709033084,6.062504334919627,6783.345
2019-07-24,6783.345,41850.0000000002,20.800557657350815,289759.99100000004,281,144,558,144,2,24,30,7,3,2019,205,0,0.9749279121818236,-0.22252093395631434,-0.4999999999999997,-0.8660254037844388,-0.3754703786876202,-0.9268343944460494,6675.441000000001,7198.539000000001,7548.999000000001,6966.251999999999,5943.885000000001,40469.89000000021,46741.040000000525,43557.17000000022,20.75618020055354,20.987214428860888,0.04437745679727456,0.2138035822029097,286600.48600000003,288030.666,3159.5050000000047,1.1024074118283262,0,7562.557428571429,7795.7888571428575,7725.411666666668,7246.9384,876.4810684470043,1062.8670465692783,46890.43285714328,50125.91766666706,-7.266724539521144,-4.174569050904244,6.169522558560739,6956.463000000001
2019-07-25,6956.463000000001,43783.130000000325,20.844185076095307,294582.464,303,143,561,144,3,25,30,7,3,2019,206,0,0.43388373911755823,-0.900968867902419,-0.4999999999999997,-0.8660254037844388,-0.3913578365610259,-0.9202385798054075,6783.345,6921.13,7389.536000000001,6167.849000000001,6314.900000000001,41850.0000000002,43219.38000000021,38888.81000000006,20.800557657350815,20.90518136488377,0.043627418744492275,0.20974158223625589,289759.99100000004,289059.752,4822.47299999994,1.6642991267900542,0,7503.244,7741.099285714286,7719.314766666666,7256.265733333333,918.2728709298318,1067.8847193540555,46191.71285714323,50069.0120000004,-1.9907876314994786,9.979102925509348,6.293878081433096,7162.886
2019-07-26,7162.886,43264.750000000335,20.80660822160319,295499.17400000006,284,144,559,144,4,26,30,7,3,2019,207,0,-0.433883739117558,-0.9009688679024191,-0.4999999999999997,-0.8660254037844388,-0.4071294853542516,-0.9133704517637858,6956.463000000001,7283.983,7355.913,6724.231000000001,7968.468000000001,43783.130000000325,47887.86000000049,42709.5900000002,20.844185076095307,20.90890786319236,-0.037576854492115785,-0.18027499926207224,294582.464,288151.096,916.7100000000792,0.31118960292221576,0,7508.291571428571,7710.165500000001,7745.601900000001,7263.39421111111,914.6296882744412,1037.6552120288438,46272.24857142896,50232.15600000041,-4.4964410268392925,3.4536588644857673,6.040128238813285,8445.357000000002
2019-07-27,8445.357000000002,49016.10000000031,20.70845549099382,296075.1670000001,294,143,560,144,5,27,30,7,3,2019,208,1,-0.9749279121818236,-0.2225209339563146,-0.4999999999999997,-0.8660254037844388,-0.4227806579826773,-0.9062320427107697,7162.886,8764.474999999999,9424.732,6889.006000000002,8161.523999999999,43264.750000000335,50593.10000000045,47069.230000000316,20.80660822160319,20.746276875185437,-0.09815273060937102,-0.4717382552888197,295499.17400000006,289983.2860000001,575.9930000000168,0.194922033859904,0,7490.992,7696.3778571428575,7760.223733333334,7254.4433,920.7044899961381,1025.7893041191674,45611.80428571466,50250.66133333375,-18.273644456741543,3.9756098339876345,5.803910953675529,9123.288999999999
2019-07-28,9123.288999999999,52225.49000000036,20.734003938949403,289821.26200000005,300,142,562,144,6,28,30,7,3,2019,209,1,-0.7818314824680299,0.6234898018587334,-0.4999999999999997,-0.8660254037844388,-0.4383067230125192,-0.898825465016444,8445.357000000002,8849.195,9079.053000000002,7478.559000000002,6295.986999999998,49016.10000000031,52088.40000000051,52780.04000000051,20.70845549099382,20.855644583928914,0.02554844795558253,0.123372059141222,296075.1670000001,283909.5960000001,-6253.905000000028,-2.112269348141591,0,7445.403714285714,7626.422500000001,7812.1021,7257.597,852.5145264421916,1019.5454278372617,45386.51857142891,50315.55700000041,-4.563556346085694,12.927597415491402,5.724414736834531,7006.117
2019-07-29,7006.117,48697.8500000004,20.966725917151187,290575.197,285,144,562,144,0,29,31,7,3,2019,210,0,0.0,1.0,-0.4999999999999997,-0.8660254037844388,-0.45370308603134424,-0.8911529104063088,9123.288999999999,7245.139000000001,7915.988,8841.164000000002,6542.815999999999,52225.49000000036,47233.360000000524,61147.89000000063,20.734003938949403,20.821089308550306,0.2327219782017842,1.122416967253534,289821.26200000005,282764.93700000003,753.9349999999395,0.26013791907370115,0,7484.56,7629.582214285714,7866.926433333335,7289.011466666667,930.4678627767767,1044.8973281471528,45406.10285714319,50297.07200000041,25.922898097607206,3.191039098471607,6.950761741489672,7178.255000000001
2019-07-30,7178.255000000001,45390.13000000033,20.99618263621392,292300.231,295,144,562,144,1,30,31,7,3,2019,211,0,0.7818314824680298,0.6234898018587336,-0.4999999999999997,-0.8660254037844388,-0.46896519100763184,-0.8832166493127127,7006.117,6675.441000000001,7488.921000000001,9056.567,7102.184,48697.8500000004,40469.89000000021,55307.280000000566,20.966725917151187,20.75618020055354,0.029456719062732617,0.14049269866515712,290575.197,286600.48600000003,1725.0340000000433,0.5936618189748808,0,7450.414,7564.591428571429,7805.7582,7294.159255555555,944.9908558427337,1039.5972334455264,45615.31571428602,49882.07066666707,4.953620292651817,-22.640477346438214,6.323281911829592,7123.899000000001
2019-07-31,7123.899000000001,47408.37000000053,21.032709904727213,290499.011,296,144,562,144,2,31,31,7,3,2019,212,0,0.9749279121818236,-0.22252093395631434,-0.4999999999999997,-0.8660254037844388,-0.48408852163897587,-0.8750190302029955,7178.255000000001,6783.345,7198.539000000001,6304.406,5762.11,45390.13000000033,41850.0000000002,43675.030000000224,20.99618263621392,20.800557657350815,0.03652726851329291,0.1739709981865522,292300.231,289759.99100000004,-1801.2200000000303,-0.6162225715107389,0,7522.244571428571,7542.401,7743.147800000002,7295.004488888889,894.0000241767348,1018.0059205174396,46318.20714285747,49551.499000000396,5.821759028915687,13.860925200566095,6.654834662872188,7051.423000000001
2019-08-01,7051.423000000001,47202.13000000025,20.85979568559711,295419.58100000006,287,142,562,144,3,1,31,8,3,2019,213,0,0.43388373911755823,-0.900968867902419,-0.8660254037844385,-0.5000000000000004,-0.4990686026885319,-0.8665624788845385,7123.899000000001,6956.463000000001,6921.13,6897.375000000001,5243.108,47408.37000000053,43783.130000000325,46224.9700000003,21.032709904727213,20.844185076095307,-0.17291421913010296,-0.8221204966614387,290499.011,294582.464,4920.570000000065,1.6938336495748225,0,7570.895142857144,7537.069571428571,7770.464233333334,7310.135477777779,855.5266146537231,988.639801485908,47112.26000000037,49675.94366666707,2.4069128233701607,3.284205947914972,6.69398644784184,8304.14
2019-08-02,8304.14,55320.90000000029,20.938008366144974,303479.09500000003,312,144,565,144,4,2,31,8,3,2019,214,0,-0.433883739117558,-0.9009688679024191,-0.8660254037844385,-0.5000000000000004,-0.5139010013093103,-0.8578494977869301,7051.423000000001,7162.886,7283.983,6842.544999999998,8202.359,47202.13000000025,43264.750000000335,45153.790000000285,20.85979568559711,20.80660822160319,0.07821268054786401,0.37494461463909196,295419.58100000006,295499.17400000006,8059.5139999999665,2.7281583613105065,0,7584.460857142857,7546.376214285715,7775.599166666667,7330.227866666667,844.8462364127926,984.3393638767554,47600.68857142894,49708.51566666707,-1.5561185812534184,3.0526361171172787,6.6618457781299805,9925.563000000002
2019-08-03,9925.563000000002,66380.99000000018,20.850408936380088,309571.15,320,144,566,144,5,3,31,8,3,2019,215,1,-0.9749279121818236,-0.2225209339563146,-0.8660254037844385,-0.5000000000000004,-0.5285813283559292,-0.8488826652214553,8304.14,8445.357000000002,8764.474999999999,6871.698000000001,9106.127999999999,55320.90000000029,49016.10000000031,46611.79000000029,20.938008366144974,20.70845549099382,-0.08759942976488588,-0.4183751779683445,303479.09500000003,296075.1670000001,6092.054999999993,2.007405155864193,0,7747.497142857143,7619.244571428571,7824.319000000001,7331.358766666666,859.916456635679,972.6670087038748,49322.99571428607,50047.41933333373,-1.6721258793441454,20.84553191947606,6.687881584147939,9528.512
2019-08-04,9528.512,66250.19000000037,20.863070450101024,303928.605,317,142,564,144,6,4,31,8,3,2019,216,1,-0.7818314824680299,0.6234898018587334,-0.8660254037844385,-0.5000000000000004,-0.5431052396834317,-0.8396646346181327,9925.563000000002,9123.288999999999,8849.195,8243.886,6207.091,66380.99000000018,52225.49000000036,55223.26000000055,20.850408936380088,20.734003938949403,0.012661513720935602,0.06072549348825296,309571.15,289821.26200000005,-5642.545000000042,-1.8226973023810655,0,7958.955142857144,7702.179428571429,7926.114500000001,7340.463600000001,1181.8558126839603,1027.7733221184726,51803.69428571463,50706.39266666707,8.793692713230977,20.399081210002194,6.95283691724378,7685.904
2019-08-05,7685.904,57009.83000000029,20.825801183319193,308774.305,326,141,565,144,0,5,32,8,3,2019,217,0,0.0,1.0,-0.8660254037844385,-0.5000000000000004,-0.5574684374327892,-0.8301981337405212,9528.512,7006.117,7245.139000000001,10136.193000000001,6597.068000000001,66250.19000000037,48697.8500000004,64766.130000000616,20.863070450101024,20.966725917151187,-0.03726926678183062,-0.17863749667609524,303928.605,290575.197,4845.700000000012,1.5943547005060652,0,8016.844142857143,7750.702071428573,7968.9353666666675,7377.368277777778,1255.9907387209769,1067.4641602838756,53807.2228571432,51073.957000000395,36.00275302282277,-5.9951601158344205,7.4174527810912405,7320.472000000001
2019-08-06,7320.472000000001,49850.530000000304,20.70239951160237,319166.56499999994,310,144,564,144,1,6,32,8,3,2019,218,0,0.7818314824680298,0.6234898018587336,-0.8660254037844385,-0.5000000000000004,-0.5716666713027052,-0.8204859638785327,7685.904,7178.255000000001,6675.441000000001,9908.306000000002,6445.395000000001,57009.83000000029,45390.13000000033,59034.990000000624,20.825801183319193,20.99618263621392,-0.12340167171682381,-0.5925422538637536,308774.305,292300.231,10392.259999999951,3.365649223953383,0,8113.956571428572,7782.185285714287,7887.259066666667,7389.4664555555555,1189.3284287699266,986.5978259874407,54994.648571428894,50815.41366666705,7.0720390958526735,-22.429686769867637,6.80974259583266,7318.017000000001
2019-08-07,7318.017000000001,48737.97000000026,20.698560905412883,325286.72399999993,305,144,568,144,2,7,32,8,3,2019,219,0,0.9749279121818236,-0.22252093395631434,-0.8660254037844385,-0.5000000000000004,-0.5856957398073508,-0.8105309990194823,7320.472000000001,7123.899000000001,6783.345,7746.17,6134.032000000001,49850.530000000304,47408.37000000053,51799.57000000049,20.70239951160237,21.032709904727213,-0.003838606189486171,-0.018541841912261804,319166.56499999994,290499.011,6120.158999999985,1.9175439006275565,0,8134.273285714286,7828.258928571429,7800.997933333334,7399.189533333334,1171.765307918482,914.278879500825,55631.8485714289,50509.26500000037,2.759345689769035,-5.49559330611127,6.659996827009319,7916.866999999999
2019-08-08,7916.866999999999,55192.640000000254,20.756751750294605,332736.26999999996,313,144,573,144,3,8,32,8,3,2019,220,0,0.43388373911755823,-0.900968867902419,-0.8660254037844385,-0.5000000000000004,-0.5995514915196489,-0.8003361849976323,7318.017000000001,7051.423000000001,6956.463000000001,7547.098999999999,6550.865,48737.97000000026,47202.13000000025,52445.7200000005,20.698560905412883,20.85979568559711,0.05819084488172166,0.28113473756769325,325286.72399999993,295419.58100000006,7449.546000000031,2.2901475683957004,0,8162.004428571429,7866.449785714286,7786.726166666666,7412.3449222222225,1145.8794754680832,918.4962259512415,55821.79142857172,50407.211666667026,3.780712063366501,-3.035364979311899,6.9715254784500305,9073.976
2019-08-09,9073.976,66262.8500000004,20.73402123327806,338568.3730000001,326,144,573,144,4,9,32,8,3,2019,221,0,-0.433883739117558,-0.9009688679024191,-0.8660254037844385,-0.5000000000000004,-0.6132298262997502,-0.7899045386224707,7916.866999999999,8304.14,7162.886,7548.999000000001,8630.516,55192.640000000254,55320.90000000029,51208.300000000476,20.756751750294605,20.938008366144974,-0.022730517016544383,-0.10950902766480196,332736.26999999996,303479.09500000003,5832.103000000119,1.7527704448932244,0,8285.639285714286,7935.050071428572,7799.051766666667,7427.522722222223,1048.6452242367911,917.650336091731,56963.29285714315,50498.775666667025,-4.663613571062147,4.873069926224637,7.302515457391599,12164.298
2019-08-10,12164.298,80927.63999999977,20.58282323548069,337367.216,339,144,573,144,5,10,32,8,3,2019,222,1,-0.9749279121818236,-0.2225209339563146,-0.8660254037844385,-0.5000000000000004,-0.6267266965083301,-0.7792391467859886,9073.976,9925.563000000002,8445.357000000002,7389.536000000001,9732.695000000002,66262.8500000004,66380.99000000018,51536.66000000045,20.73402123327806,20.850408936380088,-0.15119799779737164,-0.7292265986238076,338568.3730000001,309571.15,-1201.1570000000647,-0.35477531151442326,0,8395.615857142857,8071.5565,7849.884333333333,7432.450055555556,1090.4440542509287,945.1467494184936,58526.42857142887,51000.594000000354,-8.579734973220171,22.794935974329096,6.652882065204237,6683.771999999999
2019-08-11,6683.771999999999,37675.959999999955,20.716308969135074,332763.406,261,116,574,144,6,11,32,8,3,2019,223,1,-0.7818314824680299,0.6234898018587334,-0.8660254037844385,-0.5000000000000004,-0.6400381082043503,-0.7683431655492202,12164.298,9528.512,9123.288999999999,7355.913,5514.23,80927.63999999977,66250.19000000037,46785.16000000038,20.58282323548069,20.863070450101024,0.13348573365438554,0.6485297576878701,337367.216,303928.605,-4603.809999999998,-1.3646287432979254,0,8715.435142857143,8337.195142857143,8009.043066666667,7459.467866666667,1745.5011514393811,1225.421371404942,60604.521428571665,51980.29333333367,27.662094564187985,65.36761650117397,5.6369307630481655,7885.276000000001
2019-08-12,7885.276000000001,51001.63000000026,20.868490127761383,328168.194,314,130,573,144,0,12,33,8,3,2019,224,0,0.0,1.0,-0.8660254037844385,-0.5000000000000004,-0.65316012232693,-0.7572198192083127,6683.771999999999,7685.904,7006.117,9424.732,5305.369999999999,37675.959999999955,57009.83000000029,58435.97000000028,20.716308969135074,20.825801183319193,0.1521811586263091,0.7345959111395837,332763.406,308774.305,-4595.2119999999995,-1.3809246801614958,0,8309.043714285714,8162.94392857143,7986.638366666667,7472.462777777777,1852.5265997175218,1243.7814142430973,56522.48857142875,51676.653333333656,-13.03857034904419,-29.082630678516917,6.4679574944491804,7878.777
2019-08-13,7878.777,49403.21000000032,20.879967044686502,324867.705,311,139,573,144,1,13,33,8,3,2019,225,0,0.7818314824680298,0.6234898018587336,-0.8660254037844385,-0.5000000000000004,-0.666088855860977,-0.7458723993404063,7885.276000000001,7320.472000000001,7178.255000000001,9079.053000000002,5344.72,51001.63000000026,49850.530000000304,55412.83000000027,20.868490127761383,20.70239951160237,0.011476916925118985,0.054996393389530496,328168.194,319166.56499999994,-3300.4890000000014,-1.0057309210166787,0,8337.525428571429,8225.741,7935.323166666668,7501.1284,1842.8567647259001,1213.7990733670058,55664.17428571446,51428.84200000032,7.715404143339391,-13.148695133732568,6.270416081074552,8038.376
2019-08-14,8038.376,54860.73000000045,20.888473689313955,321652.64,321,141,574,144,2,14,33,8,3,2019,226,0,0.9749279121818236,-0.22252093395631434,-0.8660254037844385,-0.5000000000000004,-0.6788204829862355,-0.734304263829602,7878.777,7318.017000000001,7123.899000000001,7915.988,5364.743,49403.21000000032,48737.97000000026,55529.61000000046,20.879967044686502,20.698560905412883,0.008506644627452431,0.04074069949079344,324867.705,325286.72399999993,-3215.0650000000023,-0.9896536191555274,0,8417.283285714286,8275.778285714287,7895.3139666666675,7529.284588888889,1803.1569337087565,1194.4266403976987,55600.27142857161,51228.52133333366,7.662731584252937,-0.4700739819211479,6.824852432879533,7485.545999999999
2019-08-15,7485.545999999999,53772.37000000051,20.712789685038448,322008.74,295,142,573,144,3,15,33,8,3,2019,227,0,0.43388373911755823,-0.900968867902419,-0.8660254037844385,-0.5000000000000004,-0.6913512362094071,-0.722518835873311,8038.376,7916.866999999999,7051.423000000001,7488.921000000001,6035.638000000002,54860.73000000045,55192.640000000254,50240.71000000047,20.888473689313955,20.756751750294605,-0.17568400427550657,-0.8410571633358846,321652.64,332736.26999999996,356.0999999999767,0.11070949083457754,0,8520.191714285715,8341.098071428572,7899.393566666667,7558.991622222222,1749.7286893046114,1194.7086647481176,56474.951428571636,51206.22533333365,1.5348116875021511,7.336904742352054,7.1834933617401475,13572.173999999999
2019-08-16,13572.173999999999,157633.65000000034,20.64462010930306,316914.511,308,144,573,144,4,16,33,8,3,2019,228,0,-0.433883739117558,-0.9009688679024191,-0.8660254037844385,-0.5000000000000004,-0.7036774074790128,-0.7105196029692745,7485.545999999999,9073.976,8304.14,7198.539000000001,7681.143999999999,53772.37000000051,66262.8500000004,46741.040000000525,20.712789685038448,20.73402123327806,-0.06816957573538929,-0.32911827316351544,322008.74,338568.3730000001,-5094.228999999992,-1.5820157552245295,0,8458.574428571428,8372.106857142859,7899.281066666666,7575.101711111112,1781.8163546871715,1194.7488080513738,56272.055714285954,51323.94733333365,-17.50533613930653,3.9870173656070858,11.614473112413704,14214.633000000002
2019-08-17,14214.633000000002,155793.7800000004,20.471451426927047,314669.1869999999,325,143,573,144,5,17,33,8,3,2019,229,1,-0.9749279121818236,-0.2225209339563146,-0.8660254037844385,-0.5000000000000004,-0.7157953492826642,-0.6983101158835584,13572.173999999999,12164.298,9925.563000000002,6921.13,8134.953,157633.65000000034,80927.63999999977,43219.38000000021,20.64462010930306,20.58282323548069,-0.17316868237601213,-0.8388077933096834,316914.511,337367.216,-2245.3240000000806,-0.7084951689069487,0,9101.174142857142,8748.395,8111.735566666667,7640.5576,2643.5095947175123,1572.7406791070443,69325.02714285739,55020.36766666698,11.573836813271084,96.0976603531504,10.960098653268107,9213.438
2019-08-18,9213.438,60011.9900000005,20.514696111194684,309362.88599999994,324,143,574,144,6,18,33,8,3,2019,230,1,-0.7818314824680299,0.6234898018587334,-0.8660254037844385,-0.5000000000000004,-0.7277014757264236,-0.6858939875998223,14214.633000000002,6683.771999999999,9528.512,7283.983,5792.091,155793.7800000004,37675.959999999955,47887.86000000049,20.471451426927047,20.716308969135074,0.04324468426763772,0.2112438603681808,314669.1869999999,332763.406,-5306.300999999978,-1.686310963774149,0,9394.079142857143,9054.757142857143,8354.852333333334,7708.1096,3111.619037588559,1909.9244132651415,80020.19000000032,58772.84766666699,112.67381652156901,95.14917868424462,6.51352839189893,7259.799
2019-08-19,7259.799,49489.090000000535,20.419830664728842,309511.17600000004,285,143,574,144,0,19,34,8,3,2019,231,0,0.0,1.0,-0.8660254037844385,-0.5000000000000004,-0.7393922635959241,-0.673274892250183,9213.438,7885.276000000001,7685.904,8764.474999999999,5517.201000000001,60011.9900000005,51001.63000000026,50593.10000000045,20.514696111194684,20.868490127761383,-0.0948654464658425,-0.4624267693347662,309362.88599999994,328168.194,148.29000000009546,0.04793399813321352,0,9755.460000000001,9032.251857142857,8419.167500000001,7746.124566666666,2882.872750024602,1905.1006097536708,83211.05142857182,59176.98533333365,16.843570218721567,5.122531583466227,6.816867794824696,24078.777
2019-08-20,24078.777,551262.1889999965,20.349798719568565,296577.998,305,143,578,144,1,20,34,8,3,2019,232,0,0.7818314824680298,0.6234898018587336,-0.8660254037844385,-0.5000000000000004,-0.7508642533989489,-0.6604565640279754,7259.799,7878.777,7320.472000000001,8849.195,5651.352,49489.090000000535,49403.21000000032,52088.40000000051,20.419830664728842,20.879967044686502,-0.07003194516027733,-0.3429604599084333,309511.17600000004,324867.705,-12933.178000000014,-4.178581906845268,0,9666.106142857143,9001.815785714285,8369.011633333334,7765.486766666667,2959.182843499404,1915.4748343123513,82994.97428571472,59140.18500000032,-7.856270078465225,-17.960910568701443,22.89411081800361,15210.278
2019-08-21,15210.278,287288.06000000046,20.21333901690769,289659.981,289,143,576,144,2,21,34,8,3,2019,233,0,0.9749279121818236,-0.22252093395631434,-0.8660254037844385,-0.5000000000000004,-0.7621140503891487,-0.6474427960827475,24078.777,8038.376,7318.017000000001,7245.139000000001,5587.701999999999,551262.1889999965,54860.73000000045,47233.360000000524,20.349798719568565,20.888473689313955,-0.1364597026608756,-0.6705702820031071,296577.998,321652.64,-6918.016999999993,-2.332613021415025,0,11980.391857142857,10198.83757142857,8876.664366666666,7970.235933333334,6049.513559060864,3450.322744853286,154689.11414285703,75779.31130000019,199.54778179074975,232.34389291910063,18.88775865898049,7521.795
2019-08-22,7521.795,55716.77000000036,20.132167439593026,290006.338,307,143,577,144,3,22,34,8,3,2019,234,0,0.43388373911755823,-0.900968867902419,-0.8660254037844385,-0.5000000000000004,-0.7731383255706026,-0.6342374393978054,15210.278,7485.545999999999,7916.866999999999,6675.441000000001,5770.994999999999,287288.06000000046,53772.37000000051,40469.89000000021,20.21333901690769,20.712789685038448,-0.08117157731466307,-0.4015743131145534,289659.981,322008.74,346.35699999995995,0.11957364590173053,0,13004.949285714285,10762.5705,9142.169,8077.153444444444,5875.433825320704,3622.606651486965,187893.01842857132,83781.13463333351,103.1953046578032,127.85427958991771,7.407376829599897,7915.700999999999
2019-08-23,7915.700999999999,51719.990000000456,20.054919098600102,289075.93000000005,313,143,575,144,4,23,34,8,3,2019,235,0,-0.433883739117558,-0.9009688679024191,-0.8660254037844385,-0.5000000000000004,-0.7839338166829201,-0.620844401650647,7521.795,13572.173999999999,9073.976,6783.345,7726.905,55716.77000000036,157633.65000000034,41850.0000000002,20.132167439593026,20.64462010930306,-0.07724834099292366,-0.38370603276924287,290006.338,316914.511,-930.4079999999376,-0.32082333317830375,0,13010.127714285714,10734.351071428571,9170.3808,8096.606777777778,5869.771664952453,3605.9915528361535,188170.78985714275,84289.36396666686,-44.57929142376159,10.886222063008734,6.533848360366373,9208.94
2019-08-24,9208.94,58111.63000000048,19.963413794777882,291068.714,311,144,576,144,5,24,34,8,3,2019,236,1,-0.9749279121818236,-0.2225209339563146,-0.8660254037844385,-0.5000000000000004,-0.7944973291665992,-0.6072676460566135,7915.700999999999,14214.633000000002,12164.298,6956.463000000001,7823.712,51719.990000000456,155793.7800000004,43783.130000000325,20.054919098600102,20.471451426927047,-0.09150530382222044,-0.45627361233587727,289075.93000000005,314669.1869999999,1992.783999999927,0.6893635177442572,0,12202.06014285714,10651.617142857143,9208.125999999998,8098.704511111112,6161.598703692269,3586.015067092413,173040.2669999999,84618.36363333353,-44.31301180973158,13.789162682242376,6.3103495081953485,9258.406
2019-08-25,9258.406,55978.95000000031,20.083258069258953,284309.878,313,143,577,144,6,25,34,8,3,2019,237,1,-0.7818314824680299,0.6234898018587334,-0.8660254037844385,-0.5000000000000004,-0.8048257371083452,-0.593511190196115,9208.94,9213.438,6683.771999999999,7162.886,5531.9039999999995,58111.63000000048,60011.9900000005,43264.750000000335,19.963413794777882,20.514696111194684,0.11984427448107127,0.6003195431055016,291068.714,309362.88599999994,-6758.835999999952,-2.322075741881332,0,11486.96114285714,10440.520142857144,9283.208566666666,8114.095933333333,6179.543458564386,3560.736607363366,159085.67414285705,85095.9803000002,-0.0488199953155336,28.564659552029724,6.046283777142664,7498.676999999999
2019-08-26,7498.676999999999,50298.70000000044,20.261691598413993,283459.50800000003,315,144,580,144,0,26,35,8,3,2019,238,0,0.0,1.0,-0.8660254037844385,-0.5000000000000004,-0.8149159841660791,-0.5795791048257612,9258.406,7259.799,7885.276000000001,8445.357000000002,5799.035999999999,55978.95000000031,49489.090000000535,49016.10000000031,20.083258069258953,20.419830664728842,0.17843352915503985,0.8884690349528722,284309.878,309511.17600000004,-850.3699999999953,-0.29909970275461034,0,11493.385142857142,10624.422571428571,9353.059233333333,8155.5015111111115,6176.808855265684,3538.1905775804516,158509.52557142844,85519.78696666687,27.529784226808495,9.62717147421949,6.707676567479897,6979.249
2019-08-27,6979.249,46173.290000000605,20.284347398449007,286671.346,311,144,578,144,1,27,35,8,3,2019,239,0,0.7818314824680298,0.6234898018587336,-0.8660254037844385,-0.5000000000000004,-0.8247650844733614,-0.5654755126737576,7498.676999999999,24078.777,7878.777,9123.288999999999,5390.975000000002,50298.70000000044,551262.1889999965,52225.49000000036,20.261691598413993,20.349798719568565,0.02265580003501455,0.11181593562892825,283459.50800000003,296577.998,3211.837999999989,1.133085294143666,0,11527.510571428571,10596.808357142856,9321.503233333333,8174.3864111111125,6150.123244163788,3550.76446855738,158625.18414285703,85562.54030000021,-68.85773309832139,-17.807306115152116,6.615796341411605,7299.605
2019-08-28,7299.605,45985.54000000053,21.118118890098927,289061.347,290,144,580,144,2,28,35,8,3,2019,240,0,0.9749279121818236,-0.22252093395631434,-0.8660254037844385,-0.5000000000000004,-0.8343701235229538,-0.5512045872199277,6979.249,15210.278,8038.376,7006.117,6336.5289999999995,46173.290000000605,287288.06000000046,48697.8500000004,20.284347398449007,20.21333901690769,0.8337714916499195,4.110418123255332,286671.346,289659.981,2390.0009999999893,0.8337076702461881,0,9084.720857142856,10532.556357142856,9250.035233333332,8192.0339,2838.013940358971,3576.376305050482,86469.6271428576,85360.8003000002,-54.11491492791913,-0.3834934529354904,6.2997299168928365,6964.42
2019-08-29,6964.42,45132.63000000031,21.875962052911078,294020.759,287,142,579,144,3,29,35,8,3,2019,241,0,0.43388373911755823,-0.900968867902419,-0.8660254037844385,-0.5000000000000004,-0.8437282590292712,-0.5367705514607103,7299.605,7521.795,7485.545999999999,7178.255000000001,7241.281999999999,45985.54000000053,55716.77000000036,45390.13000000033,21.118118890098927,20.132167439593026,0.7578431628121507,3.5885921788586,289061.347,290006.338,4959.412000000011,1.7156953191669762,0,7954.624714285715,10479.786999999998,9259.818166666668,8202.734744444444,917.4517264631719,3570.423014965895,51997.83857142903,85270.38996666689,-2.953949157082857,1.6905222787432117,6.480457812710938,7892.1990000000005
2019-08-30,7892.1990000000005,53183.13000000044,21.970350331063553,292799.6040000001,305,142,579,144,4,30,35,8,3,2019,242,0,-0.433883739117558,-0.9009688679024191,-0.8660254037844385,-0.5000000000000004,-0.8528367217694595,-0.522177676659508,6964.42,7915.700999999999,13572.173999999999,7123.899000000001,11710.66,45132.63000000031,51719.990000000456,47408.37000000053,21.875962052911078,20.054919098600102,0.09438827815247564,0.4314702956797057,294020.759,289075.93000000005,-1221.1549999999115,-0.4153295176004601,0,7874.999714285715,10442.563714285714,9252.690333333334,8199.6585,983.1148502414419,3574.932446984712,50485.818571429016,85261.80663333354,-12.017646952556687,-2.2386476843649965,6.738696021223038,8781.703000000001
2019-08-31,8781.703000000001,55503.68000000022,21.65528250110571,291474.21,312,144,580,144,5,31,35,8,3,2019,243,1,-0.9749279121818236,-0.2225209339563146,-0.8660254037844385,-0.5000000000000004,-0.8616928164028522,-0.5074302810827518,7892.1990000000005,9208.94,14214.633000000002,7051.423000000001,10194.894999999999,53183.13000000044,58111.63000000048,47202.13000000025,21.970350331063553,19.963413794777882,-0.31506782995784377,-1.4340591989212572,292799.6040000001,291068.714,-1325.3940000000875,-0.4526624974534074,0,7871.642285714285,10036.851214285713,9278.300333333334,8157.231155555557,982.9928083049502,3561.884555326929,50694.83857142902,85454.29863333356,-14.298507754421246,11.923494023830363,6.320377721724387,8880.800000000001
2019-09-01,8880.800000000001,55893.85000000027,21.711533897050934,283732.371,317,143,576,144,6,1,35,9,3,2019,244,1,-0.7818314824680299,0.6234898018587334,-1.0,-1.8369701987210297e-16,-0.8702939222685674,-0.49253272872205434,8781.703000000001,9258.406,9213.438,8304.14,9818.946000000002,55503.68000000022,55978.95000000031,55320.90000000029,21.65528250110571,20.083258069258953,0.05625139594522466,0.25975831043696834,291474.21,284309.878,-7741.839000000036,-2.6560974296834137,0,7810.608428571429,9648.784785714286,9335.976333333332,8141.529022222223,895.4904216967551,3538.51447792129,50322.27428571469,85731.01696666688,-5.148866878380571,5.750902561854713,6.293785469777527,7142.587000000001
2019-09-02,7142.587000000001,49363.89000000021,21.83229078613979,280234.701,306,144,578,144,0,2,36,9,3,2019,245,0,0.0,1.0,-1.0,-1.8369701987210297e-16,-0.8786374941610001,-0.4774894280028391,8880.800000000001,7498.676999999999,7259.799,9925.563000000002,5543.277,55893.85000000027,50298.70000000044,66380.99000000018,21.711533897050934,20.261691598413993,0.12075688908885596,0.5561877371789853,283732.371,283459.50800000003,-3497.6699999999837,-1.2327356190175367,0,7756.6647142857155,9625.024928571427,9355.198333333334,8131.1051777777775,800.0251343603211,3534.279770166412,50310.11714285754,85750.11530000021,18.431557993496753,-10.525982254104886,6.9112059818102605,7044.7
2019-09-03,7044.7,47975.66000000027,22.01669511711283,280985.937,299,144,579,144,1,3,36,9,3,2019,246,0,0.7818314824680298,0.6234898018587336,-1.0,-1.8369701987210297e-16,-0.886721063082993,-0.46230483047981086,7142.587000000001,6979.249,24078.777,9528.512,6086.789,49363.89000000021,46173.290000000605,66250.19000000037,21.83229078613979,20.284347398449007,0.1844043309730381,0.844640320978626,280234.701,286671.346,751.2359999999753,0.26807386712610415,0,7705.794714285715,9616.652642857141,9262.432466666667,8148.875288888889,829.9257771842701,3555.253709358334,50176.57285714323,85182.87863333354,2.3403377641348166,-25.039848824244533,6.810177864210012,6730.535
2019-09-04,6730.535,46207.450000000186,22.040299172819815,284087.73600000003,291,143,577,144,2,4,36,9,3,2019,247,0,0.9749279121818236,-0.22252093395631434,-1.0,-1.8369701987210297e-16,-0.8945422369764496,-0.4469834295196741,7044.7,7299.605,15210.278,7685.904,7316.545999999999,47975.66000000027,45985.54000000053,57009.83000000029,22.01669511711283,21.118118890098927,0.023604055706986315,0.10720980411196995,280985.937,289061.347,3101.7990000000573,1.1038983064835937,0,7715.144857142857,8399.932857142858,9179.638733333333,8159.518744444445,820.6934409305868,3577.6939890851777,50434.054285714614,84573.72763333355,-3.4920382678240776,-8.342597045188185,6.865345771175722,6614.576
2019-09-05,6614.576,44644.71000000042,22.05718322383348,288883.12600000005,303,143,579,144,3,5,36,9,3,2019,248,0,0.43388373911755823,-0.900968867902419,-1.0,-1.8369701987210297e-16,-0.9020987014301837,-0.43152975897147144,6730.535,6964.42,7521.795,7320.472000000001,6961.014,46207.450000000186,45132.63000000031,49850.530000000304,22.040299172819815,21.875962052911078,0.016884051013665413,0.07660536221072213,284087.73600000003,294020.759,4795.390000000014,1.687996133701461,0,7633.849142857143,7794.236928571429,9147.793099999999,8153.007511111111,893.6578940604085,3595.655306533816,50465.75571428599,84213.6483000002,-3.3582839633451202,-8.05872899998799,6.74944395528911,7271.135000000001
2019-09-06,7271.135000000001,46657.470000000496,22.11952146272057,290398.395,294,144,584,144,4,6,36,9,3,2019,249,0,-0.433883739117558,-0.9009688679024191,-1.0,-1.8369701987210297e-16,-0.9093882203647925,-0.4159483918249421,6614.576,7892.1990000000005,7915.700999999999,7318.017000000001,7822.1669999999995,44644.71000000042,53183.13000000044,48737.97000000026,22.05718322383348,21.970350331063553,0.062338238887090114,0.28262103213492684,288883.12600000005,292799.6040000001,1515.2689999999711,0.5245266558075015,0,7583.8714285714295,7729.435571428571,9124.263233333333,8149.1582,945.6077894371917,3610.3054233832545,50396.05285714315,84040.12096666687,-16.18842859892408,-9.612453756256656,6.416807004683655,9272.608
2019-09-07,9272.608,65008.25000000024,21.838964707037338,292739.776,316,143,583,144,5,7,36,9,3,2019,250,1,-0.9749279121818236,-0.2225209339563146,-1.0,-1.8369701987210297e-16,-0.9164086366943458,-0.4002439388573056,7271.135000000001,8781.703000000001,9208.94,7916.866999999999,8105.696000000001,46657.470000000496,55503.68000000022,55192.640000000254,22.11952146272057,21.65528250110571,-0.28055675568323224,-1.2683672029527053,290398.395,291474.21,2341.380999999994,0.8062651310452297,0,7495.148000000001,7683.395142857144,9122.700499999999,8143.035622222223,940.9817394328139,3611.1242770413637,49463.815714286015,83970.7709666669,-17.20131049751967,-8.156408336782697,7.0107838053760325,9709.196
2019-09-08,9709.196,62698.870000000265,21.563723409484883,286726.425,321,143,584,144,6,8,36,9,3,2019,251,1,-0.7818314824680299,0.6234898018587334,-1.0,-1.8369701987210297e-16,-0.9231578729647039,-0.38442104726885545,9272.608,8880.800000000001,9258.406,9073.976,5607.029999999999,65008.25000000024,55893.85000000027,66262.8500000004,21.838964707037338,21.711533897050934,-0.27524129755245497,-1.2603220951392529,292739.776,283732.371,-6013.351000000024,-2.0541626020783808,0,7565.277285714286,7687.942857142858,9167.891866666667,8156.001311111111,1063.2021813251595,3603.9896849286242,50821.611428571734,84297.9579666669,4.411854787856939,2.189029373672573,6.4576788850488,7647.187
2019-09-09,7647.187,53667.370000000374,21.504717501604002,284769.31,308,142,583,144,0,9,37,9,3,2019,252,0,0.0,1.0,-1.0,-1.8369701987210297e-16,-0.9296339319682695,-0.3684843993077793,9709.196,7142.587000000001,7498.676999999999,12164.298,6154.766,62698.870000000265,49363.89000000021,80927.63999999977,21.563723409484883,21.83229078613979,-0.05900590788088067,-0.27363506181370656,286726.425,280234.701,-1957.1149999999907,-0.6825722463494569,0,7683.619571428571,7720.142142857143,9189.065866666666,8201.580933333333,1261.6223970080327,3605.2846635400606,51793.75714285745,84179.15863333356,35.93388501953142,-20.182849844684835,7.017923061120432,8479.006
2019-09-10,8479.006,64839.12000000033,21.660049297881677,285151.456,291,141,582,144,1,10,37,9,3,2019,253,0,0.7818314824680298,0.6234898018587336,-1.0,-1.8369701987210297e-16,-0.9358348973349941,-0.35243871088460327,7647.187,7044.7,6979.249,6683.771999999999,5782.759,53667.370000000374,47975.66000000027,37675.959999999955,21.504717501604002,22.01669511711283,0.15533179627767524,0.7223149816596721,284769.31,280985.937,382.1460000000079,0.13419493835203236,0,7755.705285714285,7730.750000000001,9038.4955,8218.16338888889,1239.783789838608,3570.904882819923,52408.54000000032,83270.48296666691,8.552344315584767,14.414240940594638,7.647019001991547,6671.855
2019-09-11,6671.855,44444.50000000047,21.68082582508144,286922.099,297,141,580,144,2,11,37,9,3,2019,254,0,0.9749279121818236,-0.22252093395631434,-1.0,-1.8369701987210297e-16,-0.9417589340994617,-0.33628873017668287,8479.006,6730.535,7299.605,7885.276000000001,6180.828,64839.12000000033,46207.450000000186,51001.63000000026,21.660049297881677,22.040299172819815,0.020776527199760864,0.09592095989270338,285151.456,284087.73600000003,1770.6429999999818,0.6209482584581233,0,7960.606142857143,7837.8755,9098.336633333332,8248.12168888889,1221.0738410272982,3545.032297329979,54817.605714286045,84175.9216333336,25.97818746949536,7.529603275776251,6.661490694866791,6252.591
2019-09-12,6252.591,42525.740000000296,21.543564474471562,291130.686,285,142,582,144,3,12,37,9,3,2019,255,0,0.43388373911755823,-0.900968867902419,-1.0,-1.8369701987210297e-16,-0.9474042892438845,-0.32003923622313857,6671.855,6614.576,6964.42,7878.777,6504.5019999999995,44444.50000000047,44644.71000000042,49403.21000000032,21.68082582508144,22.05718322383348,-0.13726135060987588,-0.6331001951553212,286922.099,288883.12600000005,4208.5869999999995,1.4668047580399164,0,7952.223285714285,7793.036214285714,9057.889266666667,8253.577544444444,1231.0862775827645,3566.2091484149705,54565.75571428608,83957.3506333336,0.8659511962671461,-15.318646536131183,6.801298853547321,6486.001000000001
2019-09-13,6486.001000000001,45436.99000000059,21.571121880905746,292311.188,287,141,582,144,4,13,37,9,3,2019,256,0,-0.433883739117558,-0.9009688679024191,-1.0,-1.8369701987210297e-16,-0.9527692922168511,-0.30369503751065885,6252.591,7271.135000000001,7892.1990000000005,8038.376,8244.101999999999,42525.740000000296,46657.470000000496,54860.73000000045,21.543564474471562,22.11952146272057,0.027557406434183918,0.12791479546868192,291130.686,290398.395,1180.5020000000368,0.4054886883342957,0,7900.511142857142,7742.191285714286,9003.683066666668,8250.778533333332,1302.1886168259794,3596.9758671691775,54263.04571428606,83728.10163333359,-14.00804688676528,-22.215743578056063,7.005393616189788,8040.9760000000015
2019-09-14,8040.9760000000015,53788.340000000666,21.613883504799002,292767.091,317,142,584,144,5,14,37,9,3,2019,257,1,-0.9749279121818236,-0.2225209339563146,-1.0,-1.8369701987210297e-16,-0.9578523554276669,-0.28726097055059635,6486.001000000001,9272.608,8781.703000000001,7485.545999999999,8694.770999999999,45436.99000000059,65008.25000000024,53772.37000000051,21.571121880905746,21.838964707037338,0.042761623893255774,0.19823551194667982,292311.188,292739.776,455.90299999999115,0.15596495061283494,0,7788.349142857142,7641.748571428572,8951.937233333334,8231.24407777778,1395.8768796045326,3622.4177608939767,54088.69142857179,83413.97696666693,-30.052030669257224,-13.353000569363923,6.6892800078001295,9200.800000000001
2019-09-15,9200.800000000001,60587.090000000615,21.550481651379148,286465.631,323,141,585,144,6,15,37,9,3,2019,258,1,-0.7818314824680299,0.6234898018587334,-1.0,-1.8369701987210297e-16,-0.9626519747161487,-0.2707418984477642,8040.9760000000015,9709.196,8880.800000000001,13572.173999999999,10845.129,53788.340000000666,62698.870000000265,157633.65000000034,21.613883504799002,21.563723409484883,-0.0634018534198546,-0.2933385543869397,292767.091,286726.425,-6301.460000000021,-2.1523798929982947,0,7612.401714285714,7588.8395,8970.451566666667,8223.979688888889,1247.32561030146,3616.0783973708876,52485.847142857565,83414.50930000027,-17.181855222615738,-40.75395732474398,6.5849806538562525,6566.1849999999995
2019-09-16,6566.1849999999995,47560.82000000082,21.530713178297603,284606.07700000005,302,142,585,144,0,16,38,9,3,2019,259,0,0.0,1.0,-1.0,-1.8369701987210297e-16,-0.9671667297977312,-0.2541427094613622,9200.800000000001,7647.187,7142.587000000001,14214.633000000002,7836.211,60587.090000000615,53667.370000000374,155793.7800000004,21.550481651379148,21.504717501604002,-0.019768473081544613,-0.09173100351694231,286465.631,284769.31,-1859.5539999999455,-0.6491368592834599,0,7539.773714285715,7611.696642857142,8824.7391,8205.709366666666,1112.3897789183015,3510.79573287425,52184.164285714774,80179.62396666693,20.316137162593268,-35.272335205558946,7.243295764587934,6281.012000000001
2019-09-17,6281.012000000001,42975.04000000032,21.454744295439365,285672.93,299,141,585,144,1,17,38,9,3,2019,260,0,0.7818314824680298,0.6234898018587336,-1.0,-1.8369701987210297e-16,-0.97139528468375,-0.23746831555846842,6566.1849999999995,8479.006,7044.7,9213.438,5498.248999999999,47560.82000000082,64839.12000000033,60011.9900000005,21.530713178297603,21.660049297881677,-0.07596888285823766,-0.3528396027996524,284606.07700000005,285151.456,1066.8529999999446,0.374852501831837,0,7385.344857142858,7570.525071428571,8569.790833333334,8191.597966666667,1168.6078318993395,3381.2110943400185,51311.80000000055,76571.85863333361,-22.55949577108449,-28.732520911303695,6.842056662206714,5759.360000000001
2019-09-18,5759.360000000001,38198.84000000023,21.41069017480715,287180.02200000006,287,140,582,144,2,18,38,9,3,2019,261,0,0.9749279121818236,-0.22252093395631434,-1.0,-1.8369701987210297e-16,-0.9753363880767837,-0.2207236509605022,6281.012000000001,6671.855,6730.535,7259.799,6454.762999999999,42975.04000000032,44444.50000000047,49489.090000000535,21.454744295439365,21.68082582508144,-0.04405412063221448,-0.2053350998994617,285672.93,286922.099,1507.0920000000624,0.5275585614640009,0,7071.345714285715,7515.975928571429,8472.0433,8200.295333333333,1120.0560789995714,3404.2704162147165,48188.36000000053,76003.96030000028,-5.858085944613589,-13.482287870504395,6.63247999777757,5960.831999999999
2019-09-19,5960.831999999999,39662.00000000032,21.441287049133983,287036.018,294,141,585,142,3,19,38,9,3,2019,262,0,0.43388373911755823,-0.900968867902419,-1.0,-1.8369701987210297e-16,-0.9789888737409319,-0.20391367068311472,5759.360000000001,6252.591,6614.576,24078.777,6917.865,38198.84000000023,42525.740000000296,551262.1889999965,21.41069017480715,21.543564474471562,0.030596874326832335,0.142904661536012,287180.02200000006,291130.686,-144.00400000007357,-0.050144156615488225,0,6940.989285714286,7446.606285714285,8422.028666666667,8192.568633333334,1222.6963247282172,3433.590286804556,47296.12285714336,75627.61863333361,-7.888425774211038,-76.08117721261341,6.653769138268001,5879.2040000000015
2019-09-20,5879.2040000000015,41911.060000000456,21.449018691591846,287507.47399999993,285,141,583,142,4,20,38,9,3,2019,263,0,-0.433883739117558,-0.9009688679024191,-1.0,-1.8369701987210297e-16,-0.9823516608469237,-0.18704334906991657,5960.831999999999,6486.001000000001,7271.135000000001,15210.278,8779.662,39662.00000000032,45436.99000000059,287288.06000000046,21.441287049133983,21.571121880905746,0.00773164245786262,0.03605960052745482,287036.018,292311.188,471.4559999999474,0.1642497702152304,0,6899.309428571428,7399.910285714286,7818.097166666667,8181.934933333333,1254.6296562829223,1779.9501003217501,46887.01714285765,58574.2790000004,-8.096961440493173,-60.81049932157716,7.128696333721443,8081.554000000001
2019-09-21,8081.554000000001,53833.00000000063,21.44545776580672,289587.549,307,141,585,142,5,21,38,9,3,2019,264,1,-0.9749279121818236,-0.2225209339563146,-1.0,-1.8369701987210297e-16,-0.9854237542919524,-0.17011767832049052,5879.2040000000015,8040.9760000000015,9272.608,7521.795,8909.865999999998,41911.060000000456,53788.340000000666,55716.77000000036,21.449018691591846,21.613883504799002,-0.0035609257851270115,-0.01660181212170288,287507.47399999993,292767.091,2080.07500000007,0.7234855397185501,0,6812.624142857144,7300.486642857143,7507.061366666667,8149.707622222222,1307.7821112800573,1146.0745537827827,46383.31285714335,50395.045666667065,-26.884447858070953,-21.837752823627852,6.661218869539278,8416.702000000001
2019-09-22,8416.702000000001,55704.15000000071,21.407885914438868,286471.809,312,139,588,142,6,22,38,9,3,2019,265,1,-0.7818314824680299,0.6234898018587334,-1.0,-1.8369701987210297e-16,-0.9882042449941422,-0.15314166701312007,8081.554000000001,9200.800000000001,9709.196,7915.700999999999,6966.251999999999,53833.00000000063,60587.090000000615,51719.990000000456,21.44545776580672,21.550481651379148,-0.037571851367850684,-0.17519724586040952,289587.549,286465.631,-3115.7399999999907,-1.0759233298390154,0,6818.421,7215.411357142858,7525.72,8140.504155555555,1314.208492847684,1150.8692362565566,46389.692857143345,50332.25333333375,-12.164659594817842,2.0952408384298735,6.618287067785066,6414.114
2019-09-23,6414.114,41660.08000000027,21.336271203306225,289174.05700000003,296,141,586,142,0,23,39,9,3,2019,266,0,0.0,1.0,-1.0,-1.8369701987210297e-16,-0.9906923101615609,-0.13612033862266704,8416.702000000001,6566.1849999999995,7647.187,9208.94,6167.849000000001,55704.15000000071,47560.82000000082,58111.63000000048,21.407885914438868,21.530713178297603,-0.07161471113264284,-0.334524910207697,286471.809,284606.07700000005,2702.2480000000214,0.9432858365480637,0,6706.407,7123.090357142858,7542.420033333333,8156.620266666667,1091.9253849650067,1160.319471175098,45692.13000000051,50465.058666667086,28.182529124598254,-8.60292281196315,6.49506385449343,6349.986999999999
2019-09-24,6349.986999999999,39314.19000000029,21.36094659227112,292491.999,287,139,583,142,1,24,39,9,3,2019,267,0,0.7818314824680298,0.6234898018587336,-1.0,-1.8369701987210297e-16,-0.9928872135356962,-0.11905873003404988,6414.114,6281.012000000001,8479.006,9258.406,6724.231000000001,41660.08000000027,42975.04000000032,55978.95000000031,21.336271203306225,21.454744295439365,0.024675388964894296,0.11564995930999718,289174.05700000003,285672.93,3317.941999999981,1.1473857767261537,0,6684.682571428572,7035.013714285714,7449.259166666667,8159.356544444445,1096.6825437787043,1133.7960996774318,44849.16714285756,49916.67366666708,2.1191171104274114,-30.721184618604987,6.1912236985682485,6255.287
2019-09-25,6255.287,36811.03000000014,21.502565137252336,295313.82300000003,286,141,583,142,2,25,39,9,3,2019,268,0,0.9749279121818236,-0.22252093395631434,-1.0,-1.8369701987210297e-16,-0.994788305609327,-0.10196189005174576,6349.986999999999,5759.360000000001,6671.855,7498.676999999999,6889.006000000002,39314.19000000029,38198.84000000023,50298.70000000044,21.36094659227112,21.41069017480715,0.14161854498121684,0.6629787887417765,292491.999,287180.02200000006,2821.8240000000224,0.9647525435388139,0,6694.536142857142,6882.940928571429,7352.311866666667,8155.1982777777785,1092.753948836053,1097.5323094167813,44326.18857142899,49361.18166666708,10.25508042560282,-15.318568862213958,5.884786741199906,9126.239
2019-09-26,9126.239,61770.22000000049,21.898800911706928,295119.59300000005,299,141,583,142,3,26,39,9,3,2019,269,0,0.43388373911755823,-0.900968867902419,-1.0,-1.8369701987210297e-16,-0.9963950238187231,-0.08483487790576538,6255.287,5960.831999999999,6252.591,6979.249,7478.559000000002,36811.03000000014,39662.00000000032,46173.290000000605,21.502565137252336,21.441287049133983,0.3962357744545919,1.8427372358850769,295313.82300000003,287036.018,-194.22999999998137,-0.06577071063821532,0,6765.382857142858,6853.186071428572,7310.865533333334,8148.156955555555,1036.6546957269761,1115.150288087452,44127.9300000004,48911.59266666707,4.939830547145111,-10.373064494474972,6.76842015643032,8671.993999999999
2019-09-27,8671.993999999999,54424.75000000064,21.917260328327533,291797.42700000014,286,141,583,141,4,27,39,9,3,2019,270,0,-0.433883739117558,-0.9009688679024191,-1.0,-1.8369701987210297e-16,-0.9977068927101168,-0.06768276175455162,9126.239,5879.2040000000015,6486.001000000001,7299.605,8841.164000000002,61770.22000000049,41911.060000000456,45985.54000000053,21.898800911706928,21.449018691591846,0.018459416620604685,0.08429418896053081,295119.59300000005,287507.47399999993,-3322.16599999991,-1.1257016066703203,0,7217.5838571428585,7058.446642857144,7382.431866666667,8166.464511111111,1287.3006113418637,1161.0815986341513,47286.24714285757,49431.49033333373,55.22916027407787,25.023737585800877,6.275921085738833,10133.627999999999
2019-09-28,10133.627999999999,67159.71000000084,21.949548496657098,291352.8670000001,310,140,582,141,5,28,39,9,3,2019,271,1,-0.9749279121818236,-0.2225209339563146,-1.0,-1.8369701987210297e-16,-0.9987235240803972,-0.050510617185222886,8671.993999999999,8081.554000000001,8040.9760000000015,6964.42,9056.567,54424.75000000064,53833.00000000063,45132.63000000031,21.917260328327533,21.44545776580672,0.032288168329564826,0.14731845059956303,291797.42700000014,289587.549,-444.5600000000559,-0.15235226868537663,0,7616.553857142857,7214.589,7428.1781666666675,8164.584844444444,1235.0887943185094,1184.5053145962042,49073.9171428576,49712.797333333736,7.3060205995034835,24.518538514334267,6.627410242412771,10112.416000000001
2019-09-29,10112.416000000001,71478.03000000051,21.90311602599966,284592.088,318,140,581,141,6,29,39,9,3,2019,272,1,-0.7818314824680299,0.6234898018587334,-1.0,-1.8369701987210297e-16,-0.9994446170919858,-0.033323525711631344,10133.627999999999,8416.702000000001,9200.800000000001,7892.1990000000005,6304.406,67159.71000000084,55704.15000000071,53183.13000000044,21.949548496657098,21.407885914438868,-0.046432470657439495,-0.21154180307859696,291352.8670000001,286471.809,-6760.779000000097,-2.3204779378402667,0,7909.707285714286,7364.064142857142,7533.818433333334,8176.55218888889,1563.6778524847286,1279.2525235893797,50977.73285714334,50447.033333333755,20.39903515652565,28.400563645189358,7.068343509602503,7097.7480000000005
2019-09-30,7097.7480000000005,44580.38000000042,21.64181286550026,282193.779,301,140,581,141,0,30,40,9,3,2019,273,0,0.0,1.0,-1.0,-1.8369701987210297e-16,-0.9998699583618592,-0.016126573270657762,10112.416000000001,6414.114,6566.1849999999995,8781.703000000001,6897.375000000001,71478.03000000051,41660.08000000027,55503.68000000022,21.90311602599966,21.336271203306225,-0.2613031604993985,-1.19299537193349,284592.088,289174.05700000003,-2398.3090000000084,-0.8427180870889175,0,8151.952142857142,7429.179571428572,7607.8256666666675,8218.86341111111,1772.6926130465579,1362.2311847046017,53231.144285714734,51056.86333333376,57.65881304884823,15.153245332938264,6.280918961901778,6916.250000000002
2019-10-01,6916.250000000002,45625.98000000042,21.68637466511969,281581.579,294,140,579,141,1,1,40,10,4,2019,274,0,0.7818314824680298,0.6234898018587336,-0.8660254037844386,0.5000000000000001,-0.9999994220246925,0.001075151282798226,7097.7480000000005,6349.986999999999,6281.012000000001,8880.800000000001,6842.544999999998,44580.38000000042,39314.19000000029,55893.85000000027,21.64181286550026,21.36094659227112,0.044561799619430076,0.20590603890890824,282193.779,292491.999,-612.1999999999534,-0.21694312403674693,0,8249.614142857143,7467.148357142856,7551.693833333334,8221.089777777777,1677.2564156204135,1346.7996288492634,53648.330000000475,50692.75333333376,11.775787887439792,-20.077605621115218,6.596924634014156,7107.484
2019-10-02,7107.484,44812.72000000054,21.60950820497649,284985.019,292,140,581,141,2,2,40,10,4,2019,275,0,0.9749279121818236,-0.22252093395631434,-0.8660254037844386,0.5000000000000001,-0.999832969770105,0.018276557681691223,6916.250000000002,6255.287,5759.360000000001,7142.587000000001,6871.698000000001,45625.98000000042,36811.03000000014,49363.89000000021,21.68637466511969,21.502565137252336,-0.07686646014320075,-0.3544458736426452,281581.579,295313.82300000003,3403.439999999944,1.2086870213906797,0,8330.508857142859,7512.5225,7486.208833333334,8221.908722222222,1581.2760392807781,1327.5700523641046,54550.01428571478,50350.49100000043,10.56646961202582,-3.168837845447308,6.305004696458063,6965.9839999999995
2019-10-03,6965.9839999999995,44702.14000000071,21.67394852574045,290558.869,296,140,582,141,3,3,40,10,4,2019,276,0,0.43388373911755823,-0.900968867902419,-0.8660254037844386,0.5000000000000001,-0.9993706508539969,0.03547255575312556,7107.484,9126.239,5960.831999999999,7044.7,8243.886,44812.72000000054,61770.22000000049,47975.66000000027,21.60950820497649,21.898800911706928,0.06444032076396056,0.29820355073661736,284985.019,295119.59300000005,5573.850000000035,1.9558396506449467,0,8452.251285714285,7608.8170714285725,7485.038733333334,8224.528566666666,1419.3953517164523,1327.8987878847338,55693.11285714341,50198.78533333378,-22.120338947949964,0.891223189064127,6.417203944195209,11938.390999999998
2019-10-04,11938.390999999998,57655.7100000008,21.6434983037351,286483.798,295,140,583,141,4,4,40,10,4,2019,277,0,-0.433883739117558,-0.9009688679024191,-0.8660254037844386,0.5000000000000001,-0.9986126020839734,0.052658056924614005,6965.9839999999995,8671.993999999999,5879.2040000000015,6730.535,10136.193000000001,44702.14000000071,54424.75000000064,46207.450000000186,21.67394852574045,21.917260328327533,-0.030450222005349303,-0.14049226872152973,290558.869,291797.42700000014,-4075.0709999999963,-1.4024941018062664,0,8143.643428571429,7680.613642857143,7482.414866666667,8210.329655555555,1481.8995875783805,1328.8762897578906,53254.8157142863,50089.668000000456,-19.672638149888012,3.498221166668023,4.829437233208463,11998.066999999997
2019-10-05,11998.066999999997,64198.200000000674,21.737551583918172,285708.884,293,139,583,141,5,5,40,10,4,2019,278,1,-0.9749279121818236,-0.2225209339563146,-0.8660254037844386,0.5000000000000001,-0.9975590477788613,0.06982797572987089,11938.390999999998,10133.627999999999,8081.554000000001,6614.576,9908.306000000002,57655.7100000008,67159.71000000084,44644.71000000042,21.6434983037351,21.949548496657098,0.09405328018307202,0.4345567378395612,286483.798,291352.8670000001,-774.9139999999898,-0.2704913874396449,0,8610.271571428571,8113.412714285713,7656.010066666667,8230.354077777778,2072.5556029766703,1549.1687957494087,53716.38142857204,50471.276666667145,17.80964329853039,80.48611127909027,5.3507119105103085,12469.254
2019-10-06,12469.254,65942.36000000077,21.685609055161105,277544.84400000004,317,139,586,141,6,6,40,10,4,2019,279,1,-0.7818314824680299,0.6234898018587334,-0.8660254037844386,0.5000000000000001,-0.9962102997023297,0.0869772313136861,11998.066999999997,10112.416000000001,8416.702000000001,7271.135000000001,7746.17,64198.200000000674,71478.03000000051,46657.470000000496,21.737551583918172,21.90311602599966,-0.05194252875706695,-0.23895298675447404,285708.884,284592.088,-8164.039999999979,-2.857468023290441,0,8876.619999999999,8393.163642857142,7835.459766666667,8253.573644444443,2395.5818021287396,1726.0739028628136,53293.30857142915,51123.05966666715,18.6468891311433,65.0095480279213,5.288396563258778,9548.748
2019-10-07,9548.748,50720.860000000444,21.572877008035437,274323.71,299,140,586,141,0,7,41,10,4,2019,280,0,0.0,1.0,-0.8660254037844386,0.5000000000000001,-0.9945667569706337,0.1041007489354256,12469.254,7097.7480000000005,6414.114,9272.608,7547.098999999999,65942.36000000077,44580.38000000042,65008.25000000024,21.685609055161105,21.64181286550026,-0.11273204712566809,-0.5198472721652161,277544.84400000004,282193.779,-3221.13400000002,-1.1605814590452344,0,9213.311142857143,8682.631642857143,8008.7303999999995,8306.052355555556,2739.1961670270234,1917.7349031992069,52502.49857142919,51765.88933333383,75.6790181899949,34.47407676459525,5.311781188486747,6297.767999999998
2019-10-08,6297.767999999998,42331.900000000394,21.636208090748074,275900.38899999997,293,140,584,141,1,8,41,10,4,2019,281,0,0.7818314824680298,0.6234898018587336,-0.8660254037844386,0.5000000000000001,-0.9926289059345095,0.121193461470736,9548.748,6916.250000000002,6349.986999999999,9709.196,7548.999000000001,50720.860000000444,45625.98000000042,62698.870000000265,21.572877008035437,21.68637466511969,0.06333108271263654,0.29356808871179796,274323.71,281581.579,1576.6789999999455,0.5747512673986311,0,9563.454,8906.534071428572,8017.935066666668,8328.2929,2575.457376195228,1924.6605921419366,53379.710000000625,51289.643000000506,38.062504970178885,-1.6525364201114112,6.72173061948303,6302.3550000000005
2019-10-09,6302.3550000000005,40837.590000000244,21.688916846276673,279953.507,286,140,588,141,2,9,41,10,4,2019,282,0,0.9749279121818236,-0.22252093395631434,-0.8660254037844386,0.5000000000000001,-0.9903973200352558,0.1382503109109819,6297.767999999998,7107.484,6255.287,7647.187,7389.536000000001,42331.900000000394,44812.72000000054,53667.370000000374,21.636208090748074,21.60950820497649,0.05270875552859877,0.2436136466589898,275900.38899999997,284985.019,4053.1180000000168,1.4690512089129448,0,9475.099428571428,8902.804142857141,7904.2208,8314.390333333333,2689.493586177026,1922.0671039695899,52909.12714285776,50610.74400000051,-11.392442107502488,-17.645952688223808,6.479734956218785,6140.271999999999
2019-10-10,6140.271999999999,40271.39000000031,21.71694069611444,282983.786,284,139,589,140,3,10,41,10,4,2019,283,0,0.43388373911755823,-0.900968867902419,-0.8660254037844386,0.5000000000000001,-0.9878726596350429,0.15526624985999563,6302.3550000000005,6965.9839999999995,9126.239,8479.006,7355.913,40837.590000000244,44702.14000000071,64839.12000000033,21.688916846276673,21.67394852574045,0.028023849837765624,0.12920815749531755,279953.507,290558.869,3030.2790000000386,1.0824222323459012,0,9360.081,8906.166142857142,7859.393066666667,8302.310544444443,2821.5939413615256,1943.827884651317,52341.251428572,50183.084666667164,-9.526708645899834,-25.671063329828982,6.558567763773383,6448.042
2019-10-11,6448.042,44110.25000000065,21.763583863911062,283827.004,284,139,589,140,4,11,41,10,4,2019,284,0,-0.433883739117558,-0.9009688679024191,-0.8660254037844386,0.5000000000000001,-0.9850556718215013,0.172236243027682,6140.271999999999,11938.390999999998,8671.993999999999,6671.855,9424.732,40271.39000000031,57655.7100000008,44444.50000000047,21.71694069611444,21.6434983037351,0.04664316779662414,0.2147778015757508,282983.786,286483.798,843.2179999999935,0.29797396236687335,0,9242.12214285714,8692.882785714286,7781.435266666667,8288.803422222221,2952.5814616702014,1964.9047797107155,51708.28714285766,49364.160333333835,-48.56700538623672,-7.96754425868069,6.840875105962499,9167.392
2019-10-12,9167.392,63377.53000000072,21.865686694214205,283105.9819999999,326,140,586,140,5,12,41,10,4,2019,285,1,-0.9749279121818236,-0.2225209339563146,-0.8660254037844386,0.5000000000000001,-0.981947190186646,0.18915526872004093,6448.042,11998.066999999997,10133.627999999999,6252.591,9079.053000000002,44110.25000000065,64198.200000000674,42525.740000000296,21.763583863911062,21.737551583918172,0.10210283030314216,0.4691452976752221,283827.004,285708.884,-721.0220000001136,-0.2540357294544509,0,8457.78657142857,8534.029071428571,7773.974833333333,8255.72908888889,2844.2094918519374,1969.682037179332,49773.221428571924,49353.01866666717,-46.25765967134537,3.1259201185556513,6.913365327892679,9029.080000000002
2019-10-13,9029.080000000002,59655.60000000078,21.830166124596886,276865.289,327,139,586,140,6,13,41,10,4,2019,286,1,-0.7818314824680299,0.6234898018587334,-0.8660254037844386,0.5000000000000001,-0.9785481345802031,0.20601832032517084,9167.392,12469.254,10112.416000000001,6486.001000000001,7915.988,63377.53000000072,65942.36000000077,45436.99000000059,21.865686694214205,21.685609055161105,-0.03552056961731864,-0.1624489096275106,283105.9819999999,277544.84400000004,-6240.692999999912,-2.204366349277605,0,8053.404428571428,8465.012214285714,7871.134866666666,8256.710633333332,2427.7028144023952,1963.9296722584124,49655.98285714337,50048.078333333855,-26.480028396245686,41.34120546697415,6.607051881254875,6503.476000000001
2019-10-14,6503.476000000001,43615.4400000007,21.770591825507527,274490.519,298,140,587,140,0,14,42,10,4,2019,287,0,0.0,1.0,-0.8660254037844386,0.5000000000000001,-0.9748595108374125,0.22282040779479959,9029.080000000002,9548.748,7097.7480000000005,8040.9760000000015,7488.921000000001,59655.60000000078,50720.860000000444,53788.340000000666,21.830166124596886,21.572877008035437,-0.05957429908935907,-0.27289897268456614,276865.289,274323.71,-2374.7700000000186,-0.8577348242451652,0,7561.951,8387.63107142857,7955.904166666666,8269.078322222222,1587.6594831364202,1956.952583837702,48757.874285714795,50522.03200000052,-5.442263216078149,12.288359025073573,6.706481272476549,7271.365
2019-10-15,7271.365,48849.2700000008,21.578675344183555,276384.04799999995,310,140,585,140,1,15,42,10,4,2019,288,0,0.7818314824680298,0.6234898018587336,-0.8660254037844386,0.5000000000000001,-0.9708824104813836,0.23955655912092708,6503.476000000001,6297.767999999998,6916.250000000002,9200.800000000001,7198.539000000001,43615.4400000007,42331.900000000394,60587.090000000615,21.770591825507527,21.636208090748074,-0.19191648132397177,-0.8815400282279543,274490.519,275900.38899999997,1893.5289999999804,0.6898340266535693,0,7126.912142857143,8345.183071428572,7904.654166666666,8258.128933333333,1352.2925695650326,1974.6999120231485,47742.81428571483,50182.935333333866,3.2663635751587297,-29.316189896530737,6.7180329965557775,6604.46
2019-10-16,6604.46,53789.54000000059,21.558186639983305,277392.856,300,140,586,140,2,16,42,10,4,2019,289,0,0.9749279121818236,-0.22252093395631434,-0.8660254037844386,0.5000000000000001,-0.9666180104000972,0.2562218218071163,7271.365,6302.3550000000005,7107.484,6566.1849999999995,6921.13,48849.2700000008,40837.590000000244,47560.82000000082,21.578675344183555,21.688916846276673,-0.020488704200250396,-0.09494885053624501,276384.04799999995,279953.507,1008.8080000000773,0.36500225222842003,0,7265.997428571428,8370.548428571428,7840.339666666667,8258.938111111112,1301.9309226165876,1962.4116323950718,48673.86714285774,49791.674666667204,15.375363653745294,10.739569476035177,8.144426645024815,6568.103
2019-10-17,6568.103,50282.83000000059,21.542809495195588,278127.1719999999,285,140,583,140,3,17,42,10,4,2019,290,0,0.43388373911755823,-0.900968867902419,-0.8660254037844386,0.5000000000000001,-0.9620675724981452,0.27281126433401914,6604.46,6140.271999999999,6965.9839999999995,6281.012000000001,7283.983,53789.54000000059,40271.39000000031,42975.04000000032,21.558186639983305,21.71694069611444,-0.015377144787716901,-0.0713285632252454,277392.856,282983.786,734.3159999998752,0.26472058818986854,0,7309.155285714286,8334.618142857142,7841.6155,8255.419555555556,1269.260388206284,1961.5669548919307,50524.145714286366,49999.29866666719,7.559730252992068,5.149616017291471,7.655609237553155,6785.172
2019-10-18,6785.172,49615.81000000066,21.469212803204112,278683.8659999999,282,137,585,140,4,18,42,10,4,2019,291,0,-0.433883739117558,-0.9009688679024191,-0.8660254037844386,0.5000000000000001,-0.957232443323312,0.28931997761869527,6568.103,6448.042,11938.390999999998,5759.360000000001,8764.474999999999,50282.83000000059,44110.25000000065,38198.84000000023,21.542809495195588,21.763583863911062,-0.0735966919914759,-0.3416299624609743,278127.1719999999,283827.004,556.6940000000177,0.20015807732730906,0,7370.274,8306.198071428571,7851.185200000001,8247.465333333334,1212.6316747956337,1954.3779861165929,51954.351428572125,50242.8916666672,1.861976085143361,14.042237331925758,7.312387954203764,8121.960000000001
2019-10-19,8121.960000000001,57386.22000000089,21.417849034060378,284852.9859999999,305,140,586,140,5,19,42,10,4,2019,292,1,-0.9749279121818236,-0.2225209339563146,-0.8660254037844386,0.5000000000000001,-0.9521140536681102,0.3057430764672831,6785.172,9167.392,11998.066999999997,5960.831999999999,8849.195,49615.81000000066,63377.53000000072,39662.00000000032,21.469212803204112,21.865686694214205,-0.05136376914373386,-0.23924384007255367,278683.8659999999,283105.9819999999,6169.119999999995,2.2136624156060747,0,7418.435428571429,7938.110999999999,7885.3789333333325,8225.473077777779,1176.0420413737843,1925.274554528553,52740.86000000069,50623.457333333885,-25.985798360100677,13.829277523674552,7.065562992184261,7922.9569999999985
2019-10-20,7922.9569999999985,52175.59000000079,21.57312324226934,274776.05799999996,310,138,587,140,6,20,42,10,4,2019,293,1,-0.7818314824680299,0.6234898018587334,-0.8660254037844386,0.5000000000000001,-0.9467139181463862,0.3220757010206104,8121.960000000001,9029.080000000002,12469.254,5879.2040000000015,7245.139000000001,57386.22000000089,59655.60000000078,41911.060000000456,21.417849034060378,21.830166124596886,0.15527420820896154,0.7249757338471855,284852.9859999999,276865.289,-10076.927999999956,-3.537589035489331,0,7269.088000000001,7661.246214285714,7957.416533333333,8217.39268888889,964.2280549214801,1890.9055340946913,51884.95857142929,51214.26466666724,-10.046649271022082,38.147272998181364,6.585368316400152,6394.843000000002
2019-10-21,6394.843000000002,41649.42000000011,21.45604157275551,274051.99400000006,295,139,585,140,0,21,43,10,4,2019,294,0,0.0,1.0,-0.8660254037844386,0.5000000000000001,-0.9410336347451197,0.3383130181923076,7922.9569999999985,6503.476000000001,9548.748,8081.554000000001,6675.441000000001,52175.59000000079,43615.4400000007,53833.00000000063,21.57312324226934,21.770591825507527,-0.11708166951382992,-0.5427200697784257,274776.05799999996,274490.519,-724.0639999998966,-0.2635105857730504,0,7111.070428571429,7336.510714285714,8025.541633333332,8224.924,674.9815318858284,1849.8199136529333,50816.38571428643,51556.41566666725,21.826497091709076,-1.962456725525839,6.512969904030498,6232.763000000002
2019-10-22,6232.763000000002,39191.90999999999,21.42415947843851,276553.18700000003,284,139,585,140,1,22,43,10,4,2019,295,0,0.7818314824680298,0.6234898018587336,-0.8660254037844386,0.5000000000000001,-0.9350748843515574,0.3544502230989869,6394.843000000002,7271.365,6297.767999999998,8416.702000000001,6783.345,41649.42000000011,48849.2700000008,55704.15000000071,21.45604157275551,21.578675344183555,-0.03188209431699818,-0.14859261998019935,274051.99400000006,276384.04799999995,2501.19299999997,0.9126709729395253,0,7095.551428571429,7111.231785714285,7969.317933333334,8221.806244444444,692.3059625389187,1873.5397549663924,50535.52571428635,51150.2963333339,-12.054435446439536,-24.02198628393876,6.288047532049586,5989.147
2019-10-23,5989.147,38692.33999999999,21.395596528199057,275986.06400000013,283,139,584,140,2,23,43,10,4,2019,296,0,0.9749279121818236,-0.22252093395631434,-0.8660254037844386,0.5000000000000001,-0.9288394302558068,0.3704825404820963,6232.763000000002,6604.46,6302.3550000000005,6414.114,6956.463000000001,39191.90999999999,53789.54000000059,41660.08000000027,21.42415947843851,21.558186639983305,-0.02856295023945421,-0.1333212174237232,276553.18700000003,277392.856,-567.122999999905,-0.20506832922518622,0,6947.179714285715,7106.588571428571,7896.519966666668,8215.688666666667,756.65046707835,1897.8287903285643,49155.902857143374,50599.888333333874,-5.627969584190052,-2.827374131485625,6.460409136726814,6024.954999999999
2019-10-24,6024.954999999999,39429.00999999998,21.54660345173935,276249.9490000001,282,139,582,140,3,24,43,10,4,2019,297,0,0.43388373911755823,-0.900968867902419,-0.8660254037844386,0.5000000000000001,-0.9223291176290545,0.3864052261209853,5989.147,6568.103,6140.271999999999,6349.986999999999,7162.886,38692.33999999999,50282.83000000059,39314.19000000029,21.395596528199057,21.542809495195588,0.15100692354029377,0.7057850588146446,275986.06400000013,278127.1719999999,263.8849999999511,0.09561533512791827,0,6859.277857142858,7084.216571428571,7882.3544,8204.94071111111,834.8055960957538,1910.8167028984167,46999.16000000043,50500.963666667194,-8.814660793230559,-5.682531318568042,6.544282903357782,6718.619999999999
2019-10-25,6718.619999999999,41873.48000000033,21.56592732018616,275735.28,276,139,580,140,4,25,43,10,4,2019,298,0,-0.433883739117558,-0.9009688679024191,-0.8660254037844386,0.5000000000000001,-0.9155458729775467,0.40221356823680365,6024.954999999999,6785.172,6448.042,6255.287,8445.357000000002,39429.00999999998,49615.81000000066,36811.03000000014,21.54660345173935,21.469212803204112,0.01932386844680778,0.08968405851107757,276249.9490000001,278683.8659999999,-514.6690000000526,-0.1863055547568816,0,6781.685285714286,7075.979642857143,7871.52,8192.297033333334,889.8098937572074,1920.700795651102,45448.614285714626,50504.79100000052,-11.204093278696554,-3.6821971557820006,6.232452497685586,7874.075000000001
2019-10-26,7874.075000000001,51789.050000000585,21.676114354744783,278513.44299999997,298,139,579,140,5,26,43,10,4,2019,299,1,-0.9749279121818236,-0.2225209339563146,-0.8660254037844386,0.5000000000000001,-0.9084917035725082,0.41790288888678667,6718.619999999999,8121.960000000001,9167.392,9126.239,9123.288999999999,41873.48000000033,57386.22000000089,61770.22000000049,21.56592732018616,21.417849034060378,0.11018703455862422,0.5109311226115784,275735.28,284852.9859999999,2778.1629999999423,1.0075471662530606,0,6772.177857142858,7095.306642857142,7886.964433333333,8173.111066666667,890.1219220672996,1909.0841659713199,44342.567142857435,50673.53933333386,-17.278341681072078,-26.381283681043204,6.577159856872151,8221.009999999998
2019-10-27,8221.009999999998,51751.1900000006,21.70705965550683,272945.94399999996,309,138,581,140,6,27,43,10,4,2019,300,1,-0.7818314824680299,0.6234898018587334,-0.8660254037844386,0.5000000000000001,-0.9011686968561569,0.4334685453485363,7874.075000000001,7922.9569999999985,9029.080000000002,8671.993999999999,7006.117,51789.050000000585,52175.59000000079,54424.75000000064,21.676114354744783,21.57312324226934,0.03094530076204549,0.14276221400018463,278513.44299999997,274776.05799999996,-5567.499000000011,-1.9990054842702911,0,6736.765714285714,7002.926857142857,7845.2256333333335,8159.230911111111,830.400461433846,1894.6892120113316,43542.97142857168,50340.8336666672,-0.6169666199122096,-9.201101845780777,6.294991734592296,7210.193
2019-10-28,7210.193,48833.570000000465,21.621433116197945,270232.02800000005,284,136,578,140,0,28,44,10,4,2019,301,0,0.0,1.0,-0.8660254037844386,0.5000000000000001,-0.8935790198239952,0.4489059314938798,8221.009999999998,6394.843000000002,6503.476000000001,10133.627999999999,7178.255000000001,51751.1900000006,41649.42000000011,67159.71000000084,21.70705965550683,21.45604157275551,-0.08562653930888331,-0.39446401616702087,272945.94399999996,274051.99400000006,-2713.91599999991,-0.9943053046429994,0,6779.344714285714,6945.207571428572,7830.192833333333,8172.729722222222,905.5964970468611,1889.6857748193784,43482.342857143085,50251.71500000053,28.55686996537673,-18.87397090163563,6.772851988844191,7128.628999999998
2019-10-29,7128.628999999998,48874.57000000061,21.638266801418286,276735.03300000005,291,139,579,140,1,29,44,10,4,2019,302,0,0.7818314824680298,0.6234898018587336,-0.8660254037844386,0.5000000000000001,-0.8857249183835637,0.4642104791518923,7210.193,6232.763000000002,7271.365,10112.416000000001,7123.899000000001,48833.570000000465,39191.90999999999,71478.03000000051,21.621433116197945,21.42415947843851,0.01683368522034101,0.07785647292607012,270232.02800000005,276553.18700000003,6503.005000000005,2.406452354344913,0,6895.823285714286,6995.687357142857,7732.745,8173.084588888889,900.3191995602912,1841.5713054508885,44508.65000000027,49640.84366666719,15.68213006013542,-28.699600570229713,6.856096733327071,5945.383000000001
2019-10-30,5945.383000000001,37095.38000000004,21.65866329114268,274109.07100000005,264,139,580,140,2,30,44,10,4,2019,303,0,0.9749279121818236,-0.22252093395631434,-0.8660254037844386,0.5000000000000001,-0.8776087166898392,0.4793776594606945,7128.628999999998,5989.147,6604.46,7097.7480000000005,7051.423000000001,48874.57000000061,38692.33999999999,44580.38000000042,21.638266801418286,21.395596528199057,0.02039648972439423,0.09426119897485198,276735.03300000005,275986.06400000013,-2625.9619999999995,-0.9489084094387136,0,7023.804142857143,6985.491928571429,7633.2854333333335,8173.137144444444,852.7742790571606,1788.4255957059765,45891.887142857515,48887.39500000051,19.02578113377411,0.4350816625216559,6.239359180056194,5800.5639999999985
